comparison_id,observable,variable,support,unit,comparison_time_key,time,time_index,elapsed_seconds,value_index,value__bouss_mod_tri,value__mf6_mod_s60,value__mf6_mod_tri,value__nwt_mod_s60
ex12_multi_method_moderate,head_outlet_lowland,watertable_elevation,point,m,time_index:0,0,0,,0,106.47634256940385,116.09317049669893,137.73870038042435,116.09262084960938
ex12_multi_method_moderate,head_outlet_lowland,watertable_elevation,point,m,time_index:1,1,1,,0,106.476342569405,118.12833976083722,147.04473595990157,118.03890991210938
ex12_multi_method_moderate,head_outlet_lowland,watertable_elevation,point,m,time_index:2,2,2,,0,106.47635701071295,117.48283318499185,148.84417821253768,117.48055267333984
ex12_multi_method_moderate,head_outlet_lowland,watertable_elevation,point,m,time_index:3,3,3,,0,106.4763550944562,116.70188318716795,139.1756263014291,116.6348648071289
ex12_multi_method_moderate,head_outlet_lowland,watertable_elevation,point,m,time_index:4,4,4,,0,106.4763534791711,115.91040195088696,136.3024803374652,115.90869140625
ex12_multi_method_moderate,head_outlet_lowland,watertable_elevation,point,m,time_index:5,5,5,,0,106.47635203152448,114.92213191366938,128.99439382884145,114.92308044433594
ex12_multi_method_moderate,head_outlet_lowland,watertable_elevation,point,m,time_index:6,6,6,,0,106.47635081124794,113.88930683029733,123.3863105180288,113.84512329101562
ex12_multi_method_moderate,head_outlet_lowland,watertable_elevation,point,m,time_index:7,7,7,,0,106.47634971761468,113.38731444423797,122.17645635881178,113.41221618652344
ex12_multi_method_moderate,head_outlet_lowland,watertable_elevation,point,m,time_index:8,8,8,,0,106.4763487691001,113.26781540737488,122.31505092716203,113.41609954833984
ex12_multi_method_moderate,head_outlet_lowland,watertable_elevation,point,m,time_index:9,9,9,,0,106.47634796956069,113.99212462490206,125.84460044176588,114.17802429199219
ex12_multi_method_moderate,head_outlet_lowland,watertable_elevation,point,m,time_index:10,10,10,,0,106.4763472529705,116.0170854795419,138.94421449863253,114.21210479736328
ex12_multi_method_moderate,head_outlet_lowland,watertable_elevation,point,m,time_index:11,11,11,,0,106.47634664890565,118.11859317391419,153.7818244704141,117.54637145996094
ex12_multi_method_moderate,head_mid_basin_response,watertable_elevation,point,m,time_index:0,0,0,,0,107.98514144451723,116.22570958296646,126.52974359147287,116.22386932373047
ex12_multi_method_moderate,head_mid_basin_response,watertable_elevation,point,m,time_index:1,1,1,,0,107.98514889211756,118.35791046733229,134.59448471293436,118.13345336914062
ex12_multi_method_moderate,head_mid_basin_response,watertable_elevation,point,m,time_index:2,2,2,,0,107.98514402573493,117.74380480793668,133.67357705009024,117.7114486694336
ex12_multi_method_moderate,head_mid_basin_response,watertable_elevation,point,m,time_index:3,3,3,,0,107.98514228069246,116.95702646461714,129.39851998030517,116.93858337402344
ex12_multi_method_moderate,head_mid_basin_response,watertable_elevation,point,m,time_index:4,4,4,,0,107.9851417214344,116.1300068276761,125.91222575047075,116.12748718261719
ex12_multi_method_moderate,head_mid_basin_response,watertable_elevation,point,m,time_index:5,5,5,,0,107.98514153433754,115.03366343120227,121.31412058420688,115.0318374633789
ex12_multi_method_moderate,head_mid_basin_response,watertable_elevation,point,m,time_index:6,6,6,,0,107.80946140436707,113.74421858868092,117.97972868683175,113.7960205078125
ex12_multi_method_moderate,head_mid_basin_response,watertable_elevation,point,m,time_index:7,7,7,,0,107.53649731283149,112.99654069341041,116.9078448186447,113.15201568603516
ex12_multi_method_moderate,head_mid_basin_response,watertable_elevation,point,m,time_index:8,8,8,,0,107.32912764516084,112.77038776659221,116.67300115070964,113.15589904785156
ex12_multi_method_moderate,head_mid_basin_response,watertable_elevation,point,m,time_index:9,9,9,,0,107.19166241942894,113.5178371849262,118.59925155893679,113.84722900390625
ex12_multi_method_moderate,head_mid_basin_response,watertable_elevation,point,m,time_index:10,10,10,,0,107.24828452139275,116.00729074627418,127.25869496719423,113.88154602050781
ex12_multi_method_moderate,head_mid_basin_response,watertable_elevation,point,m,time_index:11,11,11,,0,107.55016119697322,118.9517760829107,136.0652278819549,117.38877868652344
ex12_multi_method_moderate,head_upstream_ridge,watertable_elevation,point,m,time_index:0,0,0,,0,103.90862585386135,109.48202698196292,121.00265904662545,109.48026275634766
ex12_multi_method_moderate,head_upstream_ridge,watertable_elevation,point,m,time_index:1,1,1,,0,103.56870256977639,112.10101538980327,125.85806575425744,110.2066650390625
ex12_multi_method_moderate,head_upstream_ridge,watertable_elevation,point,m,time_index:2,2,2,,0,103.55928813126313,111.47989042644949,128.70240147510071,111.19087982177734
ex12_multi_method_moderate,head_upstream_ridge,watertable_elevation,point,m,time_index:3,3,3,,0,103.52288936268981,110.69529803922977,125.21070609431013,110.68174743652344
ex12_multi_method_moderate,head_upstream_ridge,watertable_elevation,point,m,time_index:4,4,4,,0,103.40767498845914,109.8720796399667,121.36456230309535,109.86071014404297
ex12_multi_method_moderate,head_upstream_ridge,watertable_elevation,point,m,time_index:5,5,5,,0,103.26148680591425,108.77437968161404,116.71582047031612,108.76371765136719
ex12_multi_method_moderate,head_upstream_ridge,watertable_elevation,point,m,time_index:6,6,6,,0,103.032193672284,107.53118145181477,113.12099548723972,107.55073547363281
ex12_multi_method_moderate,head_upstream_ridge,watertable_elevation,point,m,time_index:7,7,7,,0,102.60849610001408,106.89453010200062,112.17678972495429,106.97003936767578
ex12_multi_method_moderate,head_upstream_ridge,watertable_elevation,point,m,time_index:8,8,8,,0,102.32066005668753,106.7601402221111,112.18045217983024,106.97394561767578
ex12_multi_method_moderate,head_upstream_ridge,watertable_elevation,point,m,time_index:9,9,9,,0,102.18543248474313,107.57183847060915,114.5811877272346,107.7573013305664
ex12_multi_method_moderate,head_upstream_ridge,watertable_elevation,point,m,time_index:10,10,10,,0,102.30746948845493,109.78965981037412,122.91401170020872,107.79143524169922
ex12_multi_method_moderate,head_upstream_ridge,watertable_elevation,point,m,time_index:11,11,11,,0,102.77169950160629,112.12136920651135,125.89234491387283,109.6661605834961
ex12_multi_method_moderate,outlet_flux_series,outlet_flux,outlet,m3/s,time_index:0,0,0,,0,,0.00013401904032906277,0.0018493586063146835,0.0001339606136483511
ex12_multi_method_moderate,outlet_flux_series,outlet_flux,outlet,m3/s,time_index:1,1,1,,0,,0.00025948943539894835,0.002758383881731222,0.0002366053979332921
ex12_multi_method_moderate,outlet_flux_series,outlet_flux,outlet,m3/s,time_index:2,2,2,,0,,0.0002209906950291177,0.0030242616760491675,0.00022099297060731825
ex12_multi_method_moderate,outlet_flux_series,outlet_flux,outlet,m3/s,time_index:3,3,3,,0,,0.00017226787863757726,0.0019696806232056573,0.00015502531423857208
ex12_multi_method_moderate,outlet_flux_series,outlet_flux,outlet,m3/s,time_index:4,4,4,,0,,0.0001247060549814458,0.001699453878679284,0.00012442629200831793
ex12_multi_method_moderate,outlet_flux_series,outlet_flux,outlet,m3/s,time_index:5,5,5,,0,,7.948643676094053e-05,0.0009287322271181694,7.958881357168409e-05
ex12_multi_method_moderate,outlet_flux_series,outlet_flux,outlet,m3/s,time_index:6,6,6,,0,,4.716481091101606e-05,0.00042146140414218926,4.509926978884054e-05
ex12_multi_method_moderate,outlet_flux_series,outlet_flux,outlet,m3/s,time_index:7,7,7,,0,,3.319493950506131e-05,0.00033694497155301126,3.411645486918178e-05
ex12_multi_method_moderate,outlet_flux_series,outlet_flux,outlet,m3/s,time_index:8,8,8,,0,,2.9192375986445927e-05,0.0003335684763064077,3.416674454220575e-05
ex12_multi_method_moderate,outlet_flux_series,outlet_flux,outlet,m3/s,time_index:9,9,9,,0,,3.968342393201045e-05,0.000545686324304712,4.58507371250663e-05
ex12_multi_method_moderate,outlet_flux_series,outlet_flux,outlet,m3/s,time_index:10,10,10,,0,,0.00010590860494383738,0.0018572523422088196,4.6480960323314334e-05
ex12_multi_method_moderate,outlet_flux_series,outlet_flux,outlet,m3/s,time_index:11,11,11,,0,,0.00024199515331772237,0.00348273797308443,0.0001600140594858619
ex12_multi_method_moderate,head_outlet_lowland,watertable_elevation,point,m,time_index:12,12,12,,0,106.47634610752573,,,
ex12_multi_method_moderate,head_mid_basin_response,watertable_elevation,point,m,time_index:12,12,12,,0,107.88278253405433,,,
ex12_multi_method_moderate,head_upstream_ridge,watertable_elevation,point,m,time_index:12,12,12,,0,103.19219302090715,,,
ex12_multi_method_moderate,outlet_flux_series,outlet_flux,outlet,m3/s,elapsed_seconds:0,0,0,0.0,0,0.0,,,
ex12_multi_method_moderate,outlet_flux_series,outlet_flux,outlet,m3/s,elapsed_seconds:2678400,1,1,2678400.0,0,1.1510792319313624e-17,,,
ex12_multi_method_moderate,outlet_flux_series,outlet_flux,outlet,m3/s,elapsed_seconds:5097600,2,2,5097600.0,0,1.4441309090784673e-10,,,
ex12_multi_method_moderate,outlet_flux_series,outlet_flux,outlet,m3/s,elapsed_seconds:7776000,3,3,7776000.0,0,1.2525052341061383e-10,,,
ex12_multi_method_moderate,outlet_flux_series,outlet_flux,outlet,m3/s,elapsed_seconds:10368000,4,4,10368000.0,0,1.0909767240718793e-10,,,
ex12_multi_method_moderate,outlet_flux_series,outlet_flux,outlet,m3/s,elapsed_seconds:13046400,5,5,13046400.0,0,9.462120630132631e-11,,,
ex12_multi_method_moderate,outlet_flux_series,outlet_flux,outlet,m3/s,elapsed_seconds:15638400,6,6,15638400.0,0,8.241844085432605e-11,,,
ex12_multi_method_moderate,outlet_flux_series,outlet_flux,outlet,m3/s,elapsed_seconds:18316800,7,7,18316800.0,0,7.148210826812829e-11,,,
ex12_multi_method_moderate,outlet_flux_series,outlet_flux,outlet,m3/s,elapsed_seconds:20995200,8,8,20995200.0,0,6.199696244379993e-11,,,
ex12_multi_method_moderate,outlet_flux_series,outlet_flux,outlet,m3/s,elapsed_seconds:23587200,9,9,23587200.0,0,5.4001568372541444e-11,,,
ex12_multi_method_moderate,outlet_flux_series,outlet_flux,outlet,m3/s,elapsed_seconds:26265600,10,10,26265600.0,0,4.683566643848281e-11,,,
ex12_multi_method_moderate,outlet_flux_series,outlet_flux,outlet,m3/s,elapsed_seconds:28857600,11,11,28857600.0,0,4.0795017923755955e-11,,,
ex12_multi_method_moderate,outlet_flux_series,outlet_flux,outlet,m3/s,elapsed_seconds:31536000,12,12,31536000.0,0,3.538121873702949e-11,,,
