cid,lat_dd,lon_dd,wind,hum1,hum2,hum3,hum4,growth_start,growth_end,nlayer,LAI,EZD,CN,lay_type1,thick1,poro1,fc1,wp1,ksat1,dist_dr1,slope1,lay_type2,thick2,poro2,fc2,wp2,ksat2,dist_dr2,slope2,lay_type3,thick3,poro3,fc3,wp3,ksat3,dist_dr3,slope3,lay_type4,thick4,poro4,fc4,wp4,ksat4,dist_dr4,slope4,lay_type5,thick5,poro5,fc5,wp5,ksat5,dist_dr5,slope5,lay_type6,thick6,poro6,fc6,wp6,ksat6,dist_dr6,slope6,lay_type7,thick7,poro7,fc7,wp7,ksat7,dist_dr7,slope7,run,X_utm18,Y_utm18,Bassin,context,BordEau,conbt0311,conlt0311,ContextBT,ContextLt,BT,Urbain,Culture,UtilSolCod,tfsoil
37728,46.34642668523801,10.001834067906417,2.5,60.0,65.0,70.0,70.0,100.0,280.0,1.0,2.5,26.389593831203292,70.0,1.0,30.0,38.65862348231927,0.28,0.12,0.0019547859787318244,1000.0,0.1,-999.0,-999.0,-999.0,-999.0,-999.0,-999.0,-999.0,-999.0,-999.0,-999.0,-999.0,-999.0,-999.0,-999.0,-999.0,-999.0,-999.0,-999.0,-999.0,-999.0,-999.0,-999.0,-999.0,-999.0,-999.0,-999.0,-999.0,-999.0,-999.0,-999.0,-999.0,-999.0,-999.0,-999.0,-999.0,-999.0,-999.0,-999.0,-999.0,-999.0,-999.0,-999.0,-999.0,-999.0,-999.0,-999.0,-999.0,-999.0,1.0,573921.764,5070632.196,1.0,1.0,0.0,2.0,1.0,1.0,1.0,0.0,0.0,0.0,400.0,-1.3640017819458126
37729,46.34424748723308,9.998474007559238,2.5,60.0,65.0,70.0,70.0,100.0,280.0,1.0,2.5,26.389593831203292,70.0,1.0,30.0,38.65862348231927,0.28,0.12,0.0019547859787318244,1000.0,0.1,-999.0,-999.0,-999.0,-999.0,-999.0,-999.0,-999.0,-999.0,-999.0,-999.0,-999.0,-999.0,-999.0,-999.0,-999.0,-999.0,-999.0,-999.0,-999.0,-999.0,-999.0,-999.0,-999.0,-999.0,-999.0,-999.0,-999.0,-999.0,-999.0,-999.0,-999.0,-999.0,-999.0,-999.0,-999.0,-999.0,-999.0,-999.0,-999.0,-999.0,-999.0,-999.0,-999.0,-999.0,-999.0,-999.0,-999.0,-999.0,1.0,573921.764,5070632.196,1.0,1.0,0.0,2.0,1.0,1.0,1.0,0.0,0.0,0.0,400.0,-1.3640017819458126
37730,46.34417387780139,10.00172773228175,2.5,60.0,65.0,70.0,70.0,100.0,280.0,1.0,2.5,26.389593831203292,70.0,1.0,30.0,38.65862348231927,0.28,0.12,0.0019547859787318244,1000.0,0.1,-999.0,-999.0,-999.0,-999.0,-999.0,-999.0,-999.0,-999.0,-999.0,-999.0,-999.0,-999.0,-999.0,-999.0,-999.0,-999.0,-999.0,-999.0,-999.0,-999.0,-999.0,-999.0,-999.0,-999.0,-999.0,-999.0,-999.0,-999.0,-999.0,-999.0,-999.0,-999.0,-999.0,-999.0,-999.0,-999.0,-999.0,-999.0,-999.0,-999.0,-999.0,-999.0,-999.0,-999.0,-999.0,-999.0,-999.0,-999.0,1.0,573921.764,5070632.196,1.0,1.0,0.0,2.0,1.0,1.0,1.0,0.0,0.0,0.0,400.0,-1.3640017819458126
37731,46.341994676677096,9.99836781550417,2.5,60.0,65.0,70.0,70.0,100.0,280.0,1.0,2.5,26.389593831203292,70.0,1.0,30.0,38.65862348231927,0.28,0.12,0.0019547859787318244,1000.0,0.1,-999.0,-999.0,-999.0,-999.0,-999.0,-999.0,-999.0,-999.0,-999.0,-999.0,-999.0,-999.0,-999.0,-999.0,-999.0,-999.0,-999.0,-999.0,-999.0,-999.0,-999.0,-999.0,-999.0,-999.0,-999.0,-999.0,-999.0,-999.0,-999.0,-999.0,-999.0,-999.0,-999.0,-999.0,-999.0,-999.0,-999.0,-999.0,-999.0,-999.0,-999.0,-999.0,-999.0,-999.0,-999.0,-999.0,-999.0,-999.0,1.0,573921.764,5070632.196,1.0,1.0,0.0,2.0,1.0,1.0,1.0,0.0,0.0,0.0,400.0,-1.3640017819458126
37732,46.34192107026762,10.001621405432722,2.5,60.0,65.0,70.0,70.0,100.0,280.0,1.0,2.5,26.389593831203292,70.0,1.0,30.0,38.65862348231927,0.28,0.12,0.0019547859787318244,1000.0,0.1,-999.0,-999.0,-999.0,-999.0,-999.0,-999.0,-999.0,-999.0,-999.0,-999.0,-999.0,-999.0,-999.0,-999.0,-999.0,-999.0,-999.0,-999.0,-999.0,-999.0,-999.0,-999.0,-999.0,-999.0,-999.0,-999.0,-999.0,-999.0,-999.0,-999.0,-999.0,-999.0,-999.0,-999.0,-999.0,-999.0,-999.0,-999.0,-999.0,-999.0,-999.0,-999.0,-999.0,-999.0,-999.0,-999.0,-999.0,-999.0,1.0,573921.764,5070632.196,1.0,1.0,0.0,2.0,1.0,1.0,1.0,0.0,0.0,0.0,400.0,-1.3640017819458126
37733,46.34184737038624,10.004874986582749,2.5,60.0,65.0,70.0,70.0,100.0,280.0,1.0,2.5,26.389593831203292,70.0,1.0,30.0,38.65862348231927,0.28,0.12,0.0019547859787318244,1000.0,0.1,-999.0,-999.0,-999.0,-999.0,-999.0,-999.0,-999.0,-999.0,-999.0,-999.0,-999.0,-999.0,-999.0,-999.0,-999.0,-999.0,-999.0,-999.0,-999.0,-999.0,-999.0,-999.0,-999.0,-999.0,-999.0,-999.0,-999.0,-999.0,-999.0,-999.0,-999.0,-999.0,-999.0,-999.0,-999.0,-999.0,-999.0,-999.0,-999.0,-999.0,-999.0,-999.0,-999.0,-999.0,-999.0,-999.0,-999.0,-999.0,1.0,573921.764,5070632.196,1.0,1.0,0.0,2.0,1.0,1.0,1.0,0.0,0.0,0.0,400.0,-1.3640017819458126
37734,46.341773577033464,10.008128558943154,2.5,60.0,65.0,70.0,70.0,100.0,280.0,1.0,2.5,26.389593831203292,70.0,1.0,30.0,38.65862348231927,0.28,0.12,0.0019547859787318244,1000.0,0.1,-999.0,-999.0,-999.0,-999.0,-999.0,-999.0,-999.0,-999.0,-999.0,-999.0,-999.0,-999.0,-999.0,-999.0,-999.0,-999.0,-999.0,-999.0,-999.0,-999.0,-999.0,-999.0,-999.0,-999.0,-999.0,-999.0,-999.0,-999.0,-999.0,-999.0,-999.0,-999.0,-999.0,-999.0,-999.0,-999.0,-999.0,-999.0,-999.0,-999.0,-999.0,-999.0,-999.0,-999.0,-999.0,-999.0,-999.0,-999.0,1.0,573921.764,5070632.196,1.0,1.0,0.0,2.0,1.0,1.0,1.0,0.0,0.0,0.0,400.0,-1.3640017819458126
37735,46.33988879239657,9.991754695633572,2.5,60.0,65.0,70.0,70.0,100.0,280.0,1.0,2.5,26.389593831203292,70.0,1.0,30.0,38.65862348231927,0.28,0.12,0.0019547859787318244,1000.0,0.1,-999.0,-999.0,-999.0,-999.0,-999.0,-999.0,-999.0,-999.0,-999.0,-999.0,-999.0,-999.0,-999.0,-999.0,-999.0,-999.0,-999.0,-999.0,-999.0,-999.0,-999.0,-999.0,-999.0,-999.0,-999.0,-999.0,-999.0,-999.0,-999.0,-999.0,-999.0,-999.0,-999.0,-999.0,-999.0,-999.0,-999.0,-999.0,-999.0,-999.0,-999.0,-999.0,-999.0,-999.0,-999.0,-999.0,-999.0,-999.0,1.0,573921.764,5070632.196,1.0,1.0,0.0,2.0,1.0,1.0,1.0,0.0,0.0,0.0,400.0,-1.3640017819458126
37736,46.3398153759466,9.995008168300526,2.5,60.0,65.0,70.0,70.0,100.0,280.0,1.0,2.5,26.389593831203292,70.0,1.0,30.0,38.65862348231927,0.28,0.12,0.0019547859787318244,1000.0,0.1,-999.0,-999.0,-999.0,-999.0,-999.0,-999.0,-999.0,-999.0,-999.0,-999.0,-999.0,-999.0,-999.0,-999.0,-999.0,-999.0,-999.0,-999.0,-999.0,-999.0,-999.0,-999.0,-999.0,-999.0,-999.0,-999.0,-999.0,-999.0,-999.0,-999.0,-999.0,-999.0,-999.0,-999.0,-999.0,-999.0,-999.0,-999.0,-999.0,-999.0,-999.0,-999.0,-999.0,-999.0,-999.0,-999.0,-999.0,-999.0,1.0,573921.764,5070632.196,1.0,1.0,0.0,2.0,1.0,1.0,1.0,0.0,0.0,0.0,400.0,-1.3640017819458126
37737,46.33974186602767,9.998261632212401,2.5,60.0,65.0,70.0,70.0,100.0,280.0,1.0,2.5,26.389593831203292,70.0,1.0,30.0,38.65862348231927,0.28,0.12,0.0019547859787318244,1000.0,0.1,-999.0,-999.0,-999.0,-999.0,-999.0,-999.0,-999.0,-999.0,-999.0,-999.0,-999.0,-999.0,-999.0,-999.0,-999.0,-999.0,-999.0,-999.0,-999.0,-999.0,-999.0,-999.0,-999.0,-999.0,-999.0,-999.0,-999.0,-999.0,-999.0,-999.0,-999.0,-999.0,-999.0,-999.0,-999.0,-999.0,-999.0,-999.0,-999.0,-999.0,-999.0,-999.0,-999.0,-999.0,-999.0,-999.0,-999.0,-999.0,1.0,573921.764,5070632.196,1.0,1.0,0.0,2.0,1.0,1.0,1.0,0.0,0.0,0.0,400.0,-1.3640017819458126
37738,46.33966826264011,10.001515087358085,2.5,60.0,65.0,70.0,70.0,100.0,280.0,1.0,2.5,26.389593831203292,70.0,1.0,30.0,38.65862348231927,0.28,0.12,0.0019547859787318244,1000.0,0.1,-999.0,-999.0,-999.0,-999.0,-999.0,-999.0,-999.0,-999.0,-999.0,-999.0,-999.0,-999.0,-999.0,-999.0,-999.0,-999.0,-999.0,-999.0,-999.0,-999.0,-999.0,-999.0,-999.0,-999.0,-999.0,-999.0,-999.0,-999.0,-999.0,-999.0,-999.0,-999.0,-999.0,-999.0,-999.0,-999.0,-999.0,-999.0,-999.0,-999.0,-999.0,-999.0,-999.0,-999.0,-999.0,-999.0,-999.0,-999.0,1.0,573921.764,5070632.196,1.0,1.0,0.0,2.0,1.0,1.0,1.0,0.0,0.0,0.0,400.0,-1.3640017819458126
37739,46.33959456578453,10.004768533726496,2.5,60.0,65.0,70.0,70.0,100.0,280.0,1.0,2.5,26.389593831203292,70.0,1.0,30.0,38.65862348231927,0.28,0.12,0.0019547859787318244,1000.0,0.1,-999.0,-999.0,-999.0,-999.0,-999.0,-999.0,-999.0,-999.0,-999.0,-999.0,-999.0,-999.0,-999.0,-999.0,-999.0,-999.0,-999.0,-999.0,-999.0,-999.0,-999.0,-999.0,-999.0,-999.0,-999.0,-999.0,-999.0,-999.0,-999.0,-999.0,-999.0,-999.0,-999.0,-999.0,-999.0,-999.0,-999.0,-999.0,-999.0,-999.0,-999.0,-999.0,-999.0,-999.0,-999.0,-999.0,-999.0,-999.0,1.0,573921.764,5070632.196,1.0,1.0,0.0,2.0,1.0,1.0,1.0,0.0,0.0,0.0,400.0,-1.3640017819458126
37740,46.33952077546133,10.008021971306537,2.5,60.0,65.0,70.0,70.0,100.0,280.0,1.0,2.5,26.389593831203292,70.0,1.0,30.0,38.65862348231927,0.28,0.12,0.0019547859787318244,1000.0,0.1,-999.0,-999.0,-999.0,-999.0,-999.0,-999.0,-999.0,-999.0,-999.0,-999.0,-999.0,-999.0,-999.0,-999.0,-999.0,-999.0,-999.0,-999.0,-999.0,-999.0,-999.0,-999.0,-999.0,-999.0,-999.0,-999.0,-999.0,-999.0,-999.0,-999.0,-999.0,-999.0,-999.0,-999.0,-999.0,-999.0,-999.0,-999.0,-999.0,-999.0,-999.0,-999.0,-999.0,-999.0,-999.0,-999.0,-999.0,-999.0,1.0,573921.764,5070632.196,1.0,1.0,0.0,2.0,1.0,1.0,1.0,0.0,0.0,0.0,400.0,-1.3640017819458126
37741,46.33763597562523,9.991648790651155,2.5,60.0,65.0,70.0,70.0,100.0,280.0,1.0,2.5,26.389593831203292,70.0,1.0,30.0,38.65862348231927,0.28,0.12,0.0019547859787318244,1000.0,0.1,-999.0,-999.0,-999.0,-999.0,-999.0,-999.0,-999.0,-999.0,-999.0,-999.0,-999.0,-999.0,-999.0,-999.0,-999.0,-999.0,-999.0,-999.0,-999.0,-999.0,-999.0,-999.0,-999.0,-999.0,-999.0,-999.0,-999.0,-999.0,-999.0,-999.0,-999.0,-999.0,-999.0,-999.0,-999.0,-999.0,-999.0,-999.0,-999.0,-999.0,-999.0,-999.0,-999.0,-999.0,-999.0,-999.0,-999.0,-999.0,1.0,573921.764,5070632.196,1.0,1.0,0.0,2.0,1.0,1.0,1.0,0.0,0.0,0.0,400.0,-1.3640017819458126
37742,46.337562562189355,9.994902128543835,2.5,60.0,65.0,70.0,70.0,100.0,280.0,1.0,2.5,26.389593831203292,70.0,1.0,30.0,38.65862348231927,0.28,0.12,0.0019547859787318244,1000.0,0.1,-999.0,-999.0,-999.0,-999.0,-999.0,-999.0,-999.0,-999.0,-999.0,-999.0,-999.0,-999.0,-999.0,-999.0,-999.0,-999.0,-999.0,-999.0,-999.0,-999.0,-999.0,-999.0,-999.0,-999.0,-999.0,-999.0,-999.0,-999.0,-999.0,-999.0,-999.0,-999.0,-999.0,-999.0,-999.0,-999.0,-999.0,-999.0,-999.0,-999.0,-999.0,-999.0,-999.0,-999.0,-999.0,-999.0,-999.0,-999.0,1.0,573921.764,5070632.196,1.0,1.0,0.0,2.0,1.0,1.0,1.0,0.0,0.0,0.0,400.0,-1.3640017819458126
37743,46.337489055288245,9.998155457682682,2.5,60.0,65.0,70.0,70.0,100.0,280.0,1.0,2.5,26.389593831203292,70.0,1.0,30.0,38.65862348231927,0.28,0.12,0.0019547859787318244,1000.0,0.1,-999.0,-999.0,-999.0,-999.0,-999.0,-999.0,-999.0,-999.0,-999.0,-999.0,-999.0,-999.0,-999.0,-999.0,-999.0,-999.0,-999.0,-999.0,-999.0,-999.0,-999.0,-999.0,-999.0,-999.0,-999.0,-999.0,-999.0,-999.0,-999.0,-999.0,-999.0,-999.0,-999.0,-999.0,-999.0,-999.0,-999.0,-999.0,-999.0,-999.0,-999.0,-999.0,-999.0,-999.0,-999.0,-999.0,-999.0,-999.0,1.0,573921.764,5070632.196,1.0,1.0,0.0,2.0,1.0,1.0,1.0,0.0,0.0,0.0,400.0,-1.3640017819458126
37744,46.33741545492241,10.00140877805659,2.5,60.0,65.0,70.0,70.0,100.0,280.0,1.0,2.5,26.389593831203292,70.0,1.0,30.0,38.65862348231927,0.28,0.12,0.0019547859787318244,1000.0,0.1,-999.0,-999.0,-999.0,-999.0,-999.0,-999.0,-999.0,-999.0,-999.0,-999.0,-999.0,-999.0,-999.0,-999.0,-999.0,-999.0,-999.0,-999.0,-999.0,-999.0,-999.0,-999.0,-999.0,-999.0,-999.0,-999.0,-999.0,-999.0,-999.0,-999.0,-999.0,-999.0,-999.0,-999.0,-999.0,-999.0,-999.0,-999.0,-999.0,-999.0,-999.0,-999.0,-999.0,-999.0,-999.0,-999.0,-999.0,-999.0,1.0,573921.764,5070632.196,1.0,1.0,0.0,2.0,1.0,1.0,1.0,0.0,0.0,0.0,400.0,-1.3640017819458126
37745,46.33734176109236,10.004662089654467,2.5,60.0,65.0,70.0,70.0,100.0,280.0,1.0,2.5,26.389593831203292,70.0,1.0,30.0,38.65862348231927,0.28,0.12,0.0019547859787318244,1000.0,0.1,-999.0,-999.0,-999.0,-999.0,-999.0,-999.0,-999.0,-999.0,-999.0,-999.0,-999.0,-999.0,-999.0,-999.0,-999.0,-999.0,-999.0,-999.0,-999.0,-999.0,-999.0,-999.0,-999.0,-999.0,-999.0,-999.0,-999.0,-999.0,-999.0,-999.0,-999.0,-999.0,-999.0,-999.0,-999.0,-999.0,-999.0,-999.0,-999.0,-999.0,-999.0,-999.0,-999.0,-999.0,-999.0,-999.0,-999.0,-999.0,1.0,573921.764,5070632.196,1.0,1.0,0.0,2.0,1.0,1.0,1.0,0.0,0.0,0.0,400.0,-1.3640017819458126
37746,46.337267973798554,10.00791539246523,2.5,60.0,65.0,70.0,70.0,100.0,280.0,1.0,2.5,26.389593831203292,70.0,1.0,30.0,38.65862348231927,0.28,0.12,0.0019547859787318244,1000.0,0.1,-999.0,-999.0,-999.0,-999.0,-999.0,-999.0,-999.0,-999.0,-999.0,-999.0,-999.0,-999.0,-999.0,-999.0,-999.0,-999.0,-999.0,-999.0,-999.0,-999.0,-999.0,-999.0,-999.0,-999.0,-999.0,-999.0,-999.0,-999.0,-999.0,-999.0,-999.0,-999.0,-999.0,-999.0,-999.0,-999.0,-999.0,-999.0,-999.0,-999.0,-999.0,-999.0,-999.0,-999.0,-999.0,-999.0,-999.0,-999.0,1.0,573921.764,5070632.196,1.0,1.0,0.0,2.0,1.0,1.0,1.0,0.0,0.0,0.0,400.0,-1.3640017819458126
37747,46.33719409304147,10.011168686477777,2.5,60.0,65.0,70.0,70.0,100.0,280.0,1.0,2.5,26.389593831203292,70.0,1.0,30.0,38.65862348231927,0.28,0.12,0.0019547859787318244,1000.0,0.1,-999.0,-999.0,-999.0,-999.0,-999.0,-999.0,-999.0,-999.0,-999.0,-999.0,-999.0,-999.0,-999.0,-999.0,-999.0,-999.0,-999.0,-999.0,-999.0,-999.0,-999.0,-999.0,-999.0,-999.0,-999.0,-999.0,-999.0,-999.0,-999.0,-999.0,-999.0,-999.0,-999.0,-999.0,-999.0,-999.0,-999.0,-999.0,-999.0,-999.0,-999.0,-999.0,-999.0,-999.0,-999.0,-999.0,-999.0,-999.0,1.0,573921.764,5070632.196,1.0,1.0,0.0,2.0,1.0,1.0,1.0,0.0,0.0,0.0,400.0,-1.3640017819458126
37748,46.33545647572814,9.988289682536358,2.5,60.0,65.0,70.0,70.0,100.0,280.0,1.0,2.5,26.389593831203292,70.0,1.0,30.0,38.65862348231927,0.28,0.12,0.0019547859787318244,1000.0,0.1,-999.0,-999.0,-999.0,-999.0,-999.0,-999.0,-999.0,-999.0,-999.0,-999.0,-999.0,-999.0,-999.0,-999.0,-999.0,-999.0,-999.0,-999.0,-999.0,-999.0,-999.0,-999.0,-999.0,-999.0,-999.0,-999.0,-999.0,-999.0,-999.0,-999.0,-999.0,-999.0,-999.0,-999.0,-999.0,-999.0,-999.0,-999.0,-999.0,-999.0,-999.0,-999.0,-999.0,-999.0,-999.0,-999.0,-999.0,-999.0,1.0,573921.764,5070632.196,1.0,1.0,0.0,2.0,1.0,1.0,1.0,0.0,0.0,0.0,400.0,-1.3640017819458126
37749,46.335383158767925,9.99154289440736,2.5,60.0,65.0,70.0,70.0,100.0,280.0,1.0,2.5,26.389593831203292,70.0,1.0,30.0,38.65862348231927,0.28,0.12,0.0019547859787318244,1000.0,0.1,-999.0,-999.0,-999.0,-999.0,-999.0,-999.0,-999.0,-999.0,-999.0,-999.0,-999.0,-999.0,-999.0,-999.0,-999.0,-999.0,-999.0,-999.0,-999.0,-999.0,-999.0,-999.0,-999.0,-999.0,-999.0,-999.0,-999.0,-999.0,-999.0,-999.0,-999.0,-999.0,-999.0,-999.0,-999.0,-999.0,-999.0,-999.0,-999.0,-999.0,-999.0,-999.0,-999.0,-999.0,-999.0,-999.0,-999.0,-999.0,1.0,573921.764,5070632.196,1.0,1.0,0.0,2.0,1.0,1.0,1.0,0.0,0.0,0.0,400.0,-1.3640017819458126
37750,46.335309748345814,9.994796097536856,2.5,60.0,65.0,70.0,70.0,100.0,280.0,1.0,2.5,26.389593831203292,70.0,1.0,30.0,38.65862348231927,0.28,0.12,0.0019547859787318244,1000.0,0.1,-999.0,-999.0,-999.0,-999.0,-999.0,-999.0,-999.0,-999.0,-999.0,-999.0,-999.0,-999.0,-999.0,-999.0,-999.0,-999.0,-999.0,-999.0,-999.0,-999.0,-999.0,-999.0,-999.0,-999.0,-999.0,-999.0,-999.0,-999.0,-999.0,-999.0,-999.0,-999.0,-999.0,-999.0,-999.0,-999.0,-999.0,-999.0,-999.0,-999.0,-999.0,-999.0,-999.0,-999.0,-999.0,-999.0,-999.0,-999.0,1.0,573921.764,5070632.196,1.0,1.0,0.0,2.0,1.0,1.0,1.0,0.0,0.0,0.0,400.0,-1.3640017819458126
37751,46.33523624446235,9.998049291913764,2.5,60.0,65.0,70.0,70.0,100.0,280.0,1.0,2.5,26.389593831203292,70.0,1.0,30.0,38.65862348231927,0.28,0.12,0.0019547859787318244,1000.0,0.1,-999.0,-999.0,-999.0,-999.0,-999.0,-999.0,-999.0,-999.0,-999.0,-999.0,-999.0,-999.0,-999.0,-999.0,-999.0,-999.0,-999.0,-999.0,-999.0,-999.0,-999.0,-999.0,-999.0,-999.0,-999.0,-999.0,-999.0,-999.0,-999.0,-999.0,-999.0,-999.0,-999.0,-999.0,-999.0,-999.0,-999.0,-999.0,-999.0,-999.0,-999.0,-999.0,-999.0,-999.0,-999.0,-999.0,-999.0,-999.0,1.0,573921.764,5070632.196,1.0,1.0,0.0,2.0,1.0,1.0,1.0,0.0,0.0,0.0,400.0,-1.3640017819458126
37752,46.335162647118,10.001302477526979,2.5,60.0,65.0,70.0,70.0,100.0,280.0,1.0,2.5,26.389593831203292,70.0,1.0,30.0,38.65862348231927,0.28,0.12,0.0019547859787318244,1000.0,0.1,-999.0,-999.0,-999.0,-999.0,-999.0,-999.0,-999.0,-999.0,-999.0,-999.0,-999.0,-999.0,-999.0,-999.0,-999.0,-999.0,-999.0,-999.0,-999.0,-999.0,-999.0,-999.0,-999.0,-999.0,-999.0,-999.0,-999.0,-999.0,-999.0,-999.0,-999.0,-999.0,-999.0,-999.0,-999.0,-999.0,-999.0,-999.0,-999.0,-999.0,-999.0,-999.0,-999.0,-999.0,-999.0,-999.0,-999.0,-999.0,1.0,573921.764,5070632.196,1.0,1.0,0.0,2.0,1.0,1.0,1.0,0.0,0.0,0.0,400.0,-1.3640017819458126
37753,46.33508895631321,10.004555654365419,2.5,60.0,65.0,70.0,70.0,100.0,280.0,1.0,2.5,26.389593831203292,70.0,1.0,30.0,38.65862348231927,0.28,0.12,0.0019547859787318244,1000.0,0.1,-999.0,-999.0,-999.0,-999.0,-999.0,-999.0,-999.0,-999.0,-999.0,-999.0,-999.0,-999.0,-999.0,-999.0,-999.0,-999.0,-999.0,-999.0,-999.0,-999.0,-999.0,-999.0,-999.0,-999.0,-999.0,-999.0,-999.0,-999.0,-999.0,-999.0,-999.0,-999.0,-999.0,-999.0,-999.0,-999.0,-999.0,-999.0,-999.0,-999.0,-999.0,-999.0,-999.0,-999.0,-999.0,-999.0,-999.0,-999.0,1.0,573921.764,5070632.196,1.0,1.0,0.0,2.0,1.0,1.0,1.0,0.0,0.0,0.0,400.0,-1.3640017819458126
37754,46.33501517204849,10.007808822417994,2.5,60.0,65.0,70.0,70.0,100.0,280.0,1.0,2.5,26.389593831203292,70.0,1.0,30.0,38.65862348231927,0.28,0.12,0.0019547859787318244,1000.0,0.1,-999.0,-999.0,-999.0,-999.0,-999.0,-999.0,-999.0,-999.0,-999.0,-999.0,-999.0,-999.0,-999.0,-999.0,-999.0,-999.0,-999.0,-999.0,-999.0,-999.0,-999.0,-999.0,-999.0,-999.0,-999.0,-999.0,-999.0,-999.0,-999.0,-999.0,-999.0,-999.0,-999.0,-999.0,-999.0,-999.0,-999.0,-999.0,-999.0,-999.0,-999.0,-999.0,-999.0,-999.0,-999.0,-999.0,-999.0,-999.0,1.0,573921.764,5070632.196,1.0,1.0,0.0,2.0,1.0,1.0,1.0,0.0,0.0,0.0,400.0,-1.3640017819458126
37755,46.33494129432433,10.0110619816736,2.5,60.0,65.0,70.0,70.0,100.0,280.0,1.0,2.5,26.389593831203292,70.0,1.0,30.0,38.65862348231927,0.28,0.12,0.0019547859787318244,1000.0,0.1,-999.0,-999.0,-999.0,-999.0,-999.0,-999.0,-999.0,-999.0,-999.0,-999.0,-999.0,-999.0,-999.0,-999.0,-999.0,-999.0,-999.0,-999.0,-999.0,-999.0,-999.0,-999.0,-999.0,-999.0,-999.0,-999.0,-999.0,-999.0,-999.0,-999.0,-999.0,-999.0,-999.0,-999.0,-999.0,-999.0,-999.0,-999.0,-999.0,-999.0,-999.0,-999.0,-999.0,-999.0,-999.0,-999.0,-999.0,-999.0,1.0,573921.764,5070632.196,1.0,1.0,0.0,2.0,1.0,1.0,1.0,0.0,0.0,0.0,400.0,-1.3640017819458126
37756,46.33320365577867,9.988183929783288,2.5,60.0,65.0,70.0,70.0,100.0,280.0,1.0,2.5,26.389593831203292,70.0,1.0,30.0,38.65862348231927,0.28,0.12,0.0019547859787318244,1000.0,0.1,-999.0,-999.0,-999.0,-999.0,-999.0,-999.0,-999.0,-999.0,-999.0,-999.0,-999.0,-999.0,-999.0,-999.0,-999.0,-999.0,-999.0,-999.0,-999.0,-999.0,-999.0,-999.0,-999.0,-999.0,-999.0,-999.0,-999.0,-999.0,-999.0,-999.0,-999.0,-999.0,-999.0,-999.0,-999.0,-999.0,-999.0,-999.0,-999.0,-999.0,-999.0,-999.0,-999.0,-999.0,-999.0,-999.0,-999.0,-999.0,1.0,573921.764,5070632.196,1.0,1.0,0.0,2.0,1.0,1.0,1.0,0.0,0.0,0.0,400.0,-1.3640017819458126
37757,46.33313034182814,9.99143700690095,2.5,60.0,65.0,70.0,70.0,100.0,280.0,1.0,2.5,26.389593831203292,70.0,1.0,30.0,38.65862348231927,0.28,0.12,0.0019547859787318244,1000.0,0.1,-999.0,-999.0,-999.0,-999.0,-999.0,-999.0,-999.0,-999.0,-999.0,-999.0,-999.0,-999.0,-999.0,-999.0,-999.0,-999.0,-999.0,-999.0,-999.0,-999.0,-999.0,-999.0,-999.0,-999.0,-999.0,-999.0,-999.0,-999.0,-999.0,-999.0,-999.0,-999.0,-999.0,-999.0,-999.0,-999.0,-999.0,-999.0,-999.0,-999.0,-999.0,-999.0,-999.0,-999.0,-999.0,-999.0,-999.0,-999.0,1.0,573921.764,5070632.196,1.0,1.0,0.0,2.0,1.0,1.0,1.0,0.0,0.0,0.0,400.0,-1.3640017819458126
37758,46.33305693441959,9.994690075278347,2.5,60.0,65.0,70.0,70.0,100.0,280.0,1.0,2.5,26.389593831203292,70.0,1.0,30.0,38.65862348231927,0.28,0.12,0.0019547859787318244,1000.0,0.1,-999.0,-999.0,-999.0,-999.0,-999.0,-999.0,-999.0,-999.0,-999.0,-999.0,-999.0,-999.0,-999.0,-999.0,-999.0,-999.0,-999.0,-999.0,-999.0,-999.0,-999.0,-999.0,-999.0,-999.0,-999.0,-999.0,-999.0,-999.0,-999.0,-999.0,-999.0,-999.0,-999.0,-999.0,-999.0,-999.0,-999.0,-999.0,-999.0,-999.0,-999.0,-999.0,-999.0,-999.0,-999.0,-999.0,-999.0,-999.0,1.0,573921.764,5070632.196,1.0,1.0,0.0,2.0,1.0,1.0,1.0,0.0,0.0,0.0,400.0,-1.3640017819458126
37759,46.33298343355353,9.997943134904403,2.5,60.0,65.0,70.0,70.0,100.0,280.0,1.0,2.5,26.389593831203292,70.0,1.0,30.0,38.65862348231927,0.28,0.12,0.0019547859787318244,1000.0,0.1,-999.0,-999.0,-999.0,-999.0,-999.0,-999.0,-999.0,-999.0,-999.0,-999.0,-999.0,-999.0,-999.0,-999.0,-999.0,-999.0,-999.0,-999.0,-999.0,-999.0,-999.0,-999.0,-999.0,-999.0,-999.0,-999.0,-999.0,-999.0,-999.0,-999.0,-999.0,-999.0,-999.0,-999.0,-999.0,-999.0,-999.0,-999.0,-999.0,-999.0,-999.0,-999.0,-999.0,-999.0,-999.0,-999.0,-999.0,-999.0,1.0,573921.764,5070632.196,1.0,1.0,0.0,2.0,1.0,1.0,1.0,0.0,0.0,0.0,400.0,-1.3640017819458126
37760,46.33290983923032,10.001196185768015,2.5,60.0,65.0,70.0,70.0,100.0,280.0,1.0,2.5,26.389593831203292,70.0,1.0,30.0,38.65862348231927,0.28,0.12,0.0019547859787318244,1000.0,0.1,-999.0,-999.0,-999.0,-999.0,-999.0,-999.0,-999.0,-999.0,-999.0,-999.0,-999.0,-999.0,-999.0,-999.0,-999.0,-999.0,-999.0,-999.0,-999.0,-999.0,-999.0,-999.0,-999.0,-999.0,-999.0,-999.0,-999.0,-999.0,-999.0,-999.0,-999.0,-999.0,-999.0,-999.0,-999.0,-999.0,-999.0,-999.0,-999.0,-999.0,-999.0,-999.0,-999.0,-999.0,-999.0,-999.0,-999.0,-999.0,1.0,573921.764,5070632.196,1.0,1.0,0.0,2.0,1.0,1.0,1.0,0.0,0.0,0.0,400.0,-1.3640017819458126
37761,46.3328361514506,10.004449227858098,2.5,60.0,65.0,70.0,70.0,100.0,280.0,1.0,2.5,26.389593831203292,70.0,1.0,30.0,38.65862348231927,0.28,0.12,0.0019547859787318244,1000.0,0.1,-999.0,-999.0,-999.0,-999.0,-999.0,-999.0,-999.0,-999.0,-999.0,-999.0,-999.0,-999.0,-999.0,-999.0,-999.0,-999.0,-999.0,-999.0,-999.0,-999.0,-999.0,-999.0,-999.0,-999.0,-999.0,-999.0,-999.0,-999.0,-999.0,-999.0,-999.0,-999.0,-999.0,-999.0,-999.0,-999.0,-999.0,-999.0,-999.0,-999.0,-999.0,-999.0,-999.0,-999.0,-999.0,-999.0,-999.0,-999.0,1.0,573921.764,5070632.196,1.0,1.0,0.0,2.0,1.0,1.0,1.0,0.0,0.0,0.0,400.0,-1.3640017819458126
37762,46.33276237021472,10.00770226116357,2.5,60.0,65.0,70.0,70.0,100.0,280.0,1.0,2.5,26.389593831203292,70.0,1.0,30.0,38.65862348231927,0.28,0.12,0.0019547859787318244,1000.0,0.1,-999.0,-999.0,-999.0,-999.0,-999.0,-999.0,-999.0,-999.0,-999.0,-999.0,-999.0,-999.0,-999.0,-999.0,-999.0,-999.0,-999.0,-999.0,-999.0,-999.0,-999.0,-999.0,-999.0,-999.0,-999.0,-999.0,-999.0,-999.0,-999.0,-999.0,-999.0,-999.0,-999.0,-999.0,-999.0,-999.0,-999.0,-999.0,-999.0,-999.0,-999.0,-999.0,-999.0,-999.0,-999.0,-999.0,-999.0,-999.0,1.0,573921.764,5070632.196,1.0,1.0,0.0,2.0,1.0,1.0,1.0,0.0,0.0,0.0,400.0,-1.3640017819458126
37763,46.33268849552327,10.01095528567333,2.5,60.0,65.0,70.0,70.0,100.0,280.0,1.0,2.5,26.389593831203292,70.0,1.0,30.0,38.65862348231927,0.28,0.12,0.0019547859787318244,1000.0,0.1,-999.0,-999.0,-999.0,-999.0,-999.0,-999.0,-999.0,-999.0,-999.0,-999.0,-999.0,-999.0,-999.0,-999.0,-999.0,-999.0,-999.0,-999.0,-999.0,-999.0,-999.0,-999.0,-999.0,-999.0,-999.0,-999.0,-999.0,-999.0,-999.0,-999.0,-999.0,-999.0,-999.0,-999.0,-999.0,-999.0,-999.0,-999.0,-999.0,-999.0,-999.0,-999.0,-999.0,-999.0,-999.0,-999.0,-999.0,-999.0,1.0,573921.764,5070632.196,1.0,1.0,0.0,2.0,1.0,1.0,1.0,0.0,0.0,0.0,400.0,-1.3640017819458126
37764,46.33261452737665,10.014208301376295,2.5,60.0,65.0,70.0,70.0,100.0,280.0,1.0,2.5,26.389593831203292,70.0,1.0,30.0,38.65862348231927,0.28,0.12,0.0019547859787318244,1000.0,0.1,-999.0,-999.0,-999.0,-999.0,-999.0,-999.0,-999.0,-999.0,-999.0,-999.0,-999.0,-999.0,-999.0,-999.0,-999.0,-999.0,-999.0,-999.0,-999.0,-999.0,-999.0,-999.0,-999.0,-999.0,-999.0,-999.0,-999.0,-999.0,-999.0,-999.0,-999.0,-999.0,-999.0,-999.0,-999.0,-999.0,-999.0,-999.0,-999.0,-999.0,-999.0,-999.0,-999.0,-999.0,-999.0,-999.0,-999.0,-999.0,1.0,573921.764,5070632.196,1.0,1.0,0.0,2.0,1.0,1.0,1.0,0.0,0.0,0.0,400.0,-1.3640017819458126
37765,46.33102405323671,9.984825234651947,2.5,60.0,65.0,70.0,70.0,100.0,280.0,1.0,2.5,26.389593831203292,70.0,1.0,30.0,38.65862348231927,0.28,0.12,0.0019547859787318244,1000.0,0.1,-999.0,-999.0,-999.0,-999.0,-999.0,-999.0,-999.0,-999.0,-999.0,-999.0,-999.0,-999.0,-999.0,-999.0,-999.0,-999.0,-999.0,-999.0,-999.0,-999.0,-999.0,-999.0,-999.0,-999.0,-999.0,-999.0,-999.0,-999.0,-999.0,-999.0,-999.0,-999.0,-999.0,-999.0,-999.0,-999.0,-999.0,-999.0,-999.0,-999.0,-999.0,-999.0,-999.0,-999.0,-999.0,-999.0,-999.0,-999.0,1.0,573921.764,5070632.196,1.0,1.0,0.0,2.0,1.0,1.0,1.0,0.0,0.0,0.0,400.0,-1.3640017819458126
37766,46.3309508357504,9.988078185755269,2.5,60.0,65.0,70.0,70.0,100.0,280.0,1.0,2.5,26.389593831203292,70.0,1.0,30.0,38.65862348231927,0.28,0.12,0.0019547859787318244,1000.0,0.1,-999.0,-999.0,-999.0,-999.0,-999.0,-999.0,-999.0,-999.0,-999.0,-999.0,-999.0,-999.0,-999.0,-999.0,-999.0,-999.0,-999.0,-999.0,-999.0,-999.0,-999.0,-999.0,-999.0,-999.0,-999.0,-999.0,-999.0,-999.0,-999.0,-999.0,-999.0,-999.0,-999.0,-999.0,-999.0,-999.0,-999.0,-999.0,-999.0,-999.0,-999.0,-999.0,-999.0,-999.0,-999.0,-999.0,-999.0,-999.0,1.0,573921.764,5070632.196,1.0,1.0,0.0,2.0,1.0,1.0,1.0,0.0,0.0,0.0,400.0,-1.3640017819458126
37767,46.33087752480937,9.991331128130675,2.5,60.0,65.0,70.0,70.0,100.0,280.0,1.0,2.5,26.389593831203292,70.0,1.0,30.0,38.65862348231927,0.28,0.12,0.0019547859787318244,1000.0,0.1,-999.0,-999.0,-999.0,-999.0,-999.0,-999.0,-999.0,-999.0,-999.0,-999.0,-999.0,-999.0,-999.0,-999.0,-999.0,-999.0,-999.0,-999.0,-999.0,-999.0,-999.0,-999.0,-999.0,-999.0,-999.0,-999.0,-999.0,-999.0,-999.0,-999.0,-999.0,-999.0,-999.0,-999.0,-999.0,-999.0,-999.0,-999.0,-999.0,-999.0,-999.0,-999.0,-999.0,-999.0,-999.0,-999.0,-999.0,-999.0,1.0,573921.764,5070632.196,1.0,1.0,0.0,2.0,1.0,1.0,1.0,0.0,0.0,0.0,400.0,-1.3640017819458126
37768,46.33080412041414,9.994584061767057,2.5,60.0,65.0,70.0,70.0,100.0,280.0,1.0,2.5,26.389593831203292,70.0,1.0,30.0,38.65862348231927,0.28,0.12,0.0019547859787318244,1000.0,0.1,-999.0,-999.0,-999.0,-999.0,-999.0,-999.0,-999.0,-999.0,-999.0,-999.0,-999.0,-999.0,-999.0,-999.0,-999.0,-999.0,-999.0,-999.0,-999.0,-999.0,-999.0,-999.0,-999.0,-999.0,-999.0,-999.0,-999.0,-999.0,-999.0,-999.0,-999.0,-999.0,-999.0,-999.0,-999.0,-999.0,-999.0,-999.0,-999.0,-999.0,-999.0,-999.0,-999.0,-999.0,-999.0,-999.0,-999.0,-999.0,1.0,573921.764,5070632.196,1.0,1.0,0.0,2.0,1.0,1.0,1.0,0.0,0.0,0.0,400.0,-1.3640017819458126
37769,46.33073062256516,9.997836986653349,2.5,60.0,65.0,70.0,70.0,100.0,280.0,1.0,2.5,26.389593831203292,70.0,1.0,30.0,38.65862348231927,0.28,0.12,0.0019547859787318244,1000.0,0.1,-999.0,-999.0,-999.0,-999.0,-999.0,-999.0,-999.0,-999.0,-999.0,-999.0,-999.0,-999.0,-999.0,-999.0,-999.0,-999.0,-999.0,-999.0,-999.0,-999.0,-999.0,-999.0,-999.0,-999.0,-999.0,-999.0,-999.0,-999.0,-999.0,-999.0,-999.0,-999.0,-999.0,-999.0,-999.0,-999.0,-999.0,-999.0,-999.0,-999.0,-999.0,-999.0,-999.0,-999.0,-999.0,-999.0,-999.0,-999.0,1.0,573921.764,5070632.196,1.0,1.0,0.0,2.0,1.0,1.0,1.0,0.0,0.0,0.0,400.0,-1.3640017819458126
37770,46.33065703126293,10.001089902778439,2.5,60.0,65.0,70.0,70.0,100.0,280.0,1.0,2.5,26.389593831203292,70.0,1.0,30.0,38.65862348231927,0.28,0.12,0.0019547859787318244,1000.0,0.1,-999.0,-999.0,-999.0,-999.0,-999.0,-999.0,-999.0,-999.0,-999.0,-999.0,-999.0,-999.0,-999.0,-999.0,-999.0,-999.0,-999.0,-999.0,-999.0,-999.0,-999.0,-999.0,-999.0,-999.0,-999.0,-999.0,-999.0,-999.0,-999.0,-999.0,-999.0,-999.0,-999.0,-999.0,-999.0,-999.0,-999.0,-999.0,-999.0,-999.0,-999.0,-999.0,-999.0,-999.0,-999.0,-999.0,-999.0,-999.0,1.0,573921.764,5070632.196,1.0,1.0,0.0,2.0,1.0,1.0,1.0,0.0,0.0,0.0,400.0,-1.3640017819458126
37771,46.33058334650797,10.004342810131254,2.5,60.0,65.0,70.0,70.0,100.0,280.0,1.0,2.5,26.389593831203292,70.0,1.0,30.0,38.65862348231927,0.28,0.12,0.0019547859787318244,1000.0,0.1,-999.0,-999.0,-999.0,-999.0,-999.0,-999.0,-999.0,-999.0,-999.0,-999.0,-999.0,-999.0,-999.0,-999.0,-999.0,-999.0,-999.0,-999.0,-999.0,-999.0,-999.0,-999.0,-999.0,-999.0,-999.0,-999.0,-999.0,-999.0,-999.0,-999.0,-999.0,-999.0,-999.0,-999.0,-999.0,-999.0,-999.0,-999.0,-999.0,-999.0,-999.0,-999.0,-999.0,-999.0,-999.0,-999.0,-999.0,-999.0,1.0,573921.764,5070632.196,1.0,1.0,0.0,2.0,1.0,1.0,1.0,0.0,0.0,0.0,400.0,-1.3640017819458126
37772,46.330509568300734,10.007595708700709,2.5,60.0,65.0,70.0,70.0,100.0,280.0,1.0,2.5,26.389593831203292,70.0,1.0,30.0,38.65862348231927,0.28,0.12,0.0019547859787318244,1000.0,0.1,-999.0,-999.0,-999.0,-999.0,-999.0,-999.0,-999.0,-999.0,-999.0,-999.0,-999.0,-999.0,-999.0,-999.0,-999.0,-999.0,-999.0,-999.0,-999.0,-999.0,-999.0,-999.0,-999.0,-999.0,-999.0,-999.0,-999.0,-999.0,-999.0,-999.0,-999.0,-999.0,-999.0,-999.0,-999.0,-999.0,-999.0,-999.0,-999.0,-999.0,-999.0,-999.0,-999.0,-999.0,-999.0,-999.0,-999.0,-999.0,1.0,573921.764,5070632.196,1.0,1.0,0.0,2.0,1.0,1.0,1.0,0.0,0.0,0.0,400.0,-1.3640017819458126
37773,46.33043569664169,10.010848598475702,2.5,60.0,65.0,70.0,70.0,100.0,280.0,1.0,2.5,26.389593831203292,70.0,1.0,30.0,38.65862348231927,0.28,0.12,0.0019547859787318244,1000.0,0.1,-999.0,-999.0,-999.0,-999.0,-999.0,-999.0,-999.0,-999.0,-999.0,-999.0,-999.0,-999.0,-999.0,-999.0,-999.0,-999.0,-999.0,-999.0,-999.0,-999.0,-999.0,-999.0,-999.0,-999.0,-999.0,-999.0,-999.0,-999.0,-999.0,-999.0,-999.0,-999.0,-999.0,-999.0,-999.0,-999.0,-999.0,-999.0,-999.0,-999.0,-999.0,-999.0,-999.0,-999.0,-999.0,-999.0,-999.0,-999.0,1.0,573921.764,5070632.196,1.0,1.0,0.0,2.0,1.0,1.0,1.0,0.0,0.0,0.0,400.0,-1.3640017819458126
37774,46.3303617315313,10.014101479445152,2.5,60.0,65.0,70.0,70.0,100.0,280.0,1.0,2.5,26.389593831203292,70.0,1.0,30.0,38.65862348231927,0.28,0.12,0.0019547859787318244,1000.0,0.1,-999.0,-999.0,-999.0,-999.0,-999.0,-999.0,-999.0,-999.0,-999.0,-999.0,-999.0,-999.0,-999.0,-999.0,-999.0,-999.0,-999.0,-999.0,-999.0,-999.0,-999.0,-999.0,-999.0,-999.0,-999.0,-999.0,-999.0,-999.0,-999.0,-999.0,-999.0,-999.0,-999.0,-999.0,-999.0,-999.0,-999.0,-999.0,-999.0,-999.0,-999.0,-999.0,-999.0,-999.0,-999.0,-999.0,-999.0,-999.0,1.0,573921.764,5070632.196,1.0,1.0,0.0,2.0,1.0,1.0,1.0,0.0,0.0,0.0,400.0,-1.3640017819458126
37775,46.32877123012782,9.984719634080156,2.5,60.0,65.0,70.0,70.0,100.0,280.0,1.0,2.5,26.389593831203292,70.0,1.0,30.0,38.65862348231927,0.28,0.12,0.0019547859787318244,1000.0,0.1,-999.0,-999.0,-999.0,-999.0,-999.0,-999.0,-999.0,-999.0,-999.0,-999.0,-999.0,-999.0,-999.0,-999.0,-999.0,-999.0,-999.0,-999.0,-999.0,-999.0,-999.0,-999.0,-999.0,-999.0,-999.0,-999.0,-999.0,-999.0,-999.0,-999.0,-999.0,-999.0,-999.0,-999.0,-999.0,-999.0,-999.0,-999.0,-999.0,-999.0,-999.0,-999.0,-999.0,-999.0,-999.0,-999.0,-999.0,-999.0,1.0,573921.764,5070632.196,1.0,1.0,0.0,2.0,1.0,1.0,1.0,0.0,0.0,0.0,400.0,-1.3640017819458126
37776,46.328698015646886,9.98797245045106,2.5,60.0,65.0,70.0,70.0,100.0,280.0,1.0,2.5,26.389593831203292,70.0,1.0,30.0,38.65862348231927,0.28,0.12,0.0019547859787318244,1000.0,0.1,-999.0,-999.0,-999.0,-999.0,-999.0,-999.0,-999.0,-999.0,-999.0,-999.0,-999.0,-999.0,-999.0,-999.0,-999.0,-999.0,-999.0,-999.0,-999.0,-999.0,-999.0,-999.0,-999.0,-999.0,-999.0,-999.0,-999.0,-999.0,-999.0,-999.0,-999.0,-999.0,-999.0,-999.0,-999.0,-999.0,-999.0,-999.0,-999.0,-999.0,-999.0,-999.0,-999.0,-999.0,-999.0,-999.0,-999.0,-999.0,1.0,573921.764,5070632.196,1.0,1.0,0.0,2.0,1.0,1.0,1.0,0.0,0.0,0.0,400.0,-1.3640017819458126
37777,46.3286247077151,9.991225258095293,2.5,60.0,65.0,70.0,70.0,100.0,280.0,1.0,2.5,26.389593831203292,70.0,1.0,30.0,38.65862348231927,0.28,0.12,0.0019547859787318244,1000.0,0.1,-999.0,-999.0,-999.0,-999.0,-999.0,-999.0,-999.0,-999.0,-999.0,-999.0,-999.0,-999.0,-999.0,-999.0,-999.0,-999.0,-999.0,-999.0,-999.0,-999.0,-999.0,-999.0,-999.0,-999.0,-999.0,-999.0,-999.0,-999.0,-999.0,-999.0,-999.0,-999.0,-999.0,-999.0,-999.0,-999.0,-999.0,-999.0,-999.0,-999.0,-999.0,-999.0,-999.0,-999.0,-999.0,-999.0,-999.0,-999.0,1.0,573921.764,5070632.196,1.0,1.0,0.0,2.0,1.0,1.0,1.0,0.0,0.0,0.0,400.0,-1.3640017819458126
37778,46.3285513063329,9.994478057001746,2.5,60.0,65.0,70.0,70.0,100.0,280.0,1.0,2.5,26.389593831203292,70.0,1.0,30.0,38.65862348231927,0.28,0.12,0.0019547859787318244,1000.0,0.1,-999.0,-999.0,-999.0,-999.0,-999.0,-999.0,-999.0,-999.0,-999.0,-999.0,-999.0,-999.0,-999.0,-999.0,-999.0,-999.0,-999.0,-999.0,-999.0,-999.0,-999.0,-999.0,-999.0,-999.0,-999.0,-999.0,-999.0,-999.0,-999.0,-999.0,-999.0,-999.0,-999.0,-999.0,-999.0,-999.0,-999.0,-999.0,-999.0,-999.0,-999.0,-999.0,-999.0,-999.0,-999.0,-999.0,-999.0,-999.0,1.0,573921.764,5070632.196,1.0,1.0,0.0,2.0,1.0,1.0,1.0,0.0,0.0,0.0,400.0,-1.3640017819458126
37779,46.32847781150081,9.997730847159353,2.5,60.0,65.0,70.0,70.0,100.0,280.0,1.0,2.5,26.389593831203292,70.0,1.0,30.0,38.65862348231927,0.28,0.12,0.0019547859787318244,1000.0,0.1,-999.0,-999.0,-999.0,-999.0,-999.0,-999.0,-999.0,-999.0,-999.0,-999.0,-999.0,-999.0,-999.0,-999.0,-999.0,-999.0,-999.0,-999.0,-999.0,-999.0,-999.0,-999.0,-999.0,-999.0,-999.0,-999.0,-999.0,-999.0,-999.0,-999.0,-999.0,-999.0,-999.0,-999.0,-999.0,-999.0,-999.0,-999.0,-999.0,-999.0,-999.0,-999.0,-999.0,-999.0,-999.0,-999.0,-999.0,-999.0,1.0,573921.764,5070632.196,1.0,1.0,0.0,2.0,1.0,1.0,1.0,0.0,0.0,0.0,400.0,-1.3640017819458126
37780,46.328404223219295,10.000983628557014,2.5,60.0,65.0,70.0,70.0,100.0,280.0,1.0,2.5,26.389593831203292,70.0,1.0,30.0,38.65862348231927,0.28,0.12,0.0019547859787318244,1000.0,0.1,-999.0,-999.0,-999.0,-999.0,-999.0,-999.0,-999.0,-999.0,-999.0,-999.0,-999.0,-999.0,-999.0,-999.0,-999.0,-999.0,-999.0,-999.0,-999.0,-999.0,-999.0,-999.0,-999.0,-999.0,-999.0,-999.0,-999.0,-999.0,-999.0,-999.0,-999.0,-999.0,-999.0,-999.0,-999.0,-999.0,-999.0,-999.0,-999.0,-999.0,-999.0,-999.0,-999.0,-999.0,-999.0,-999.0,-999.0,-999.0,1.0,573921.764,5070632.196,1.0,1.0,0.0,2.0,1.0,1.0,1.0,0.0,0.0,0.0,400.0,-1.3640017819458126
37781,46.32833054148887,10.004236401183642,2.5,60.0,65.0,70.0,70.0,100.0,280.0,1.0,2.5,26.389593831203292,70.0,1.0,30.0,38.65862348231927,0.28,0.12,0.0019547859787318244,1000.0,0.1,-999.0,-999.0,-999.0,-999.0,-999.0,-999.0,-999.0,-999.0,-999.0,-999.0,-999.0,-999.0,-999.0,-999.0,-999.0,-999.0,-999.0,-999.0,-999.0,-999.0,-999.0,-999.0,-999.0,-999.0,-999.0,-999.0,-999.0,-999.0,-999.0,-999.0,-999.0,-999.0,-999.0,-999.0,-999.0,-999.0,-999.0,-999.0,-999.0,-999.0,-999.0,-999.0,-999.0,-999.0,-999.0,-999.0,-999.0,-999.0,1.0,573921.764,5070632.196,1.0,1.0,0.0,2.0,1.0,1.0,1.0,0.0,0.0,0.0,400.0,-1.3640017819458126
37782,46.32825676630997,10.007489165028156,2.5,60.0,65.0,70.0,70.0,100.0,280.0,1.0,2.5,26.389593831203292,70.0,1.0,30.0,38.65862348231927,0.28,0.12,0.0019547859787318244,1000.0,0.1,-999.0,-999.0,-999.0,-999.0,-999.0,-999.0,-999.0,-999.0,-999.0,-999.0,-999.0,-999.0,-999.0,-999.0,-999.0,-999.0,-999.0,-999.0,-999.0,-999.0,-999.0,-999.0,-999.0,-999.0,-999.0,-999.0,-999.0,-999.0,-999.0,-999.0,-999.0,-999.0,-999.0,-999.0,-999.0,-999.0,-999.0,-999.0,-999.0,-999.0,-999.0,-999.0,-999.0,-999.0,-999.0,-999.0,-999.0,-999.0,1.0,573921.764,5070632.196,1.0,1.0,0.0,2.0,1.0,1.0,1.0,0.0,0.0,0.0,400.0,-1.3640017819458126
37783,46.32818289768308,10.010741920079463,2.5,60.0,65.0,70.0,70.0,100.0,280.0,1.0,2.5,26.389593831203292,70.0,1.0,30.0,38.65862348231927,0.28,0.12,0.0019547859787318244,1000.0,0.1,-999.0,-999.0,-999.0,-999.0,-999.0,-999.0,-999.0,-999.0,-999.0,-999.0,-999.0,-999.0,-999.0,-999.0,-999.0,-999.0,-999.0,-999.0,-999.0,-999.0,-999.0,-999.0,-999.0,-999.0,-999.0,-999.0,-999.0,-999.0,-999.0,-999.0,-999.0,-999.0,-999.0,-999.0,-999.0,-999.0,-999.0,-999.0,-999.0,-999.0,-999.0,-999.0,-999.0,-999.0,-999.0,-999.0,-999.0,-999.0,1.0,573921.764,5070632.196,1.0,1.0,0.0,2.0,1.0,1.0,1.0,0.0,0.0,0.0,400.0,-1.3640017819458126
37784,46.326518406947386,9.984614042219848,2.5,60.0,65.0,70.0,70.0,100.0,280.0,1.0,2.5,26.389593831203292,70.0,1.0,30.0,38.65862348231927,0.28,0.12,0.0019547859787318244,1000.0,0.1,-999.0,-999.0,-999.0,-999.0,-999.0,-999.0,-999.0,-999.0,-999.0,-999.0,-999.0,-999.0,-999.0,-999.0,-999.0,-999.0,-999.0,-999.0,-999.0,-999.0,-999.0,-999.0,-999.0,-999.0,-999.0,-999.0,-999.0,-999.0,-999.0,-999.0,-999.0,-999.0,-999.0,-999.0,-999.0,-999.0,-999.0,-999.0,-999.0,-999.0,-999.0,-999.0,-999.0,-999.0,-999.0,-999.0,-999.0,-999.0,1.0,573921.764,5070632.196,1.0,1.0,0.0,2.0,1.0,1.0,1.0,0.0,0.0,0.0,400.0,-1.3640017819458126
37785,46.32644519547159,9.987866723869418,2.5,60.0,65.0,70.0,70.0,100.0,280.0,1.0,2.5,26.389593831203292,70.0,1.0,30.0,38.65862348231927,0.28,0.12,0.0019547859787318244,1000.0,0.1,-999.0,-999.0,-999.0,-999.0,-999.0,-999.0,-999.0,-999.0,-999.0,-999.0,-999.0,-999.0,-999.0,-999.0,-999.0,-999.0,-999.0,-999.0,-999.0,-999.0,-999.0,-999.0,-999.0,-999.0,-999.0,-999.0,-999.0,-999.0,-999.0,-999.0,-999.0,-999.0,-999.0,-999.0,-999.0,-999.0,-999.0,-999.0,-999.0,-999.0,-999.0,-999.0,-999.0,-999.0,-999.0,-999.0,-999.0,-999.0,1.0,573921.764,5070632.196,1.0,1.0,0.0,2.0,1.0,1.0,1.0,0.0,0.0,0.0,400.0,-1.3640017819458126
37786,46.326371890548806,9.991119396793563,2.5,60.0,65.0,70.0,70.0,100.0,280.0,1.0,2.5,26.389593831203292,70.0,1.0,30.0,38.65862348231927,0.28,0.12,0.0019547859787318244,1000.0,0.1,-999.0,-999.0,-999.0,-999.0,-999.0,-999.0,-999.0,-999.0,-999.0,-999.0,-999.0,-999.0,-999.0,-999.0,-999.0,-999.0,-999.0,-999.0,-999.0,-999.0,-999.0,-999.0,-999.0,-999.0,-999.0,-999.0,-999.0,-999.0,-999.0,-999.0,-999.0,-999.0,-999.0,-999.0,-999.0,-999.0,-999.0,-999.0,-999.0,-999.0,-999.0,-999.0,-999.0,-999.0,-999.0,-999.0,-999.0,-999.0,1.0,573921.764,5070632.196,1.0,1.0,0.0,2.0,1.0,1.0,1.0,0.0,0.0,0.0,400.0,-1.3640017819458126
37787,46.32629849217942,9.994372060981172,2.5,60.0,65.0,70.0,70.0,100.0,280.0,1.0,2.5,26.389593831203292,70.0,1.0,30.0,38.65862348231927,0.28,0.12,0.0019547859787318244,1000.0,0.1,-999.0,-999.0,-999.0,-999.0,-999.0,-999.0,-999.0,-999.0,-999.0,-999.0,-999.0,-999.0,-999.0,-999.0,-999.0,-999.0,-999.0,-999.0,-999.0,-999.0,-999.0,-999.0,-999.0,-999.0,-999.0,-999.0,-999.0,-999.0,-999.0,-999.0,-999.0,-999.0,-999.0,-999.0,-999.0,-999.0,-999.0,-999.0,-999.0,-999.0,-999.0,-999.0,-999.0,-999.0,-999.0,-999.0,-999.0,-999.0,1.0,573921.764,5070632.196,1.0,1.0,0.0,2.0,1.0,1.0,1.0,0.0,0.0,0.0,400.0,-1.3640017819458126
37788,46.32622500036396,9.997624716421178,2.5,60.0,65.0,70.0,70.0,100.0,280.0,1.0,2.5,26.389593831203292,70.0,1.0,30.0,38.65862348231927,0.28,0.12,0.0019547859787318244,1000.0,0.1,-999.0,-999.0,-999.0,-999.0,-999.0,-999.0,-999.0,-999.0,-999.0,-999.0,-999.0,-999.0,-999.0,-999.0,-999.0,-999.0,-999.0,-999.0,-999.0,-999.0,-999.0,-999.0,-999.0,-999.0,-999.0,-999.0,-999.0,-999.0,-999.0,-999.0,-999.0,-999.0,-999.0,-999.0,-999.0,-999.0,-999.0,-999.0,-999.0,-999.0,-999.0,-999.0,-999.0,-999.0,-999.0,-999.0,-999.0,-999.0,1.0,573921.764,5070632.196,1.0,1.0,0.0,2.0,1.0,1.0,1.0,0.0,0.0,0.0,400.0,-1.3640017819458126
37789,46.3261514151029,10.000877363102479,2.5,60.0,65.0,70.0,70.0,100.0,280.0,1.0,2.5,26.389593831203292,70.0,1.0,30.0,38.65862348231927,0.28,0.12,0.0019547859787318244,1000.0,0.1,-999.0,-999.0,-999.0,-999.0,-999.0,-999.0,-999.0,-999.0,-999.0,-999.0,-999.0,-999.0,-999.0,-999.0,-999.0,-999.0,-999.0,-999.0,-999.0,-999.0,-999.0,-999.0,-999.0,-999.0,-999.0,-999.0,-999.0,-999.0,-999.0,-999.0,-999.0,-999.0,-999.0,-999.0,-999.0,-999.0,-999.0,-999.0,-999.0,-999.0,-999.0,-999.0,-999.0,-999.0,-999.0,-999.0,-999.0,-999.0,1.0,573921.764,5070632.196,1.0,1.0,0.0,2.0,1.0,1.0,1.0,0.0,0.0,0.0,400.0,-1.3640017819458126
37790,46.32607773639669,10.004130001014003,2.5,60.0,65.0,70.0,70.0,100.0,280.0,1.0,2.5,26.389593831203292,70.0,1.0,30.0,38.65862348231927,0.28,0.12,0.0019547859787318244,1000.0,0.1,-999.0,-999.0,-999.0,-999.0,-999.0,-999.0,-999.0,-999.0,-999.0,-999.0,-999.0,-999.0,-999.0,-999.0,-999.0,-999.0,-999.0,-999.0,-999.0,-999.0,-999.0,-999.0,-999.0,-999.0,-999.0,-999.0,-999.0,-999.0,-999.0,-999.0,-999.0,-999.0,-999.0,-999.0,-999.0,-999.0,-999.0,-999.0,-999.0,-999.0,-999.0,-999.0,-999.0,-999.0,-999.0,-999.0,-999.0,-999.0,1.0,573921.764,5070632.196,1.0,1.0,0.0,2.0,1.0,1.0,1.0,0.0,0.0,0.0,400.0,-1.3640017819458126
37791,46.32600396424591,10.007382630144665,2.5,60.0,65.0,70.0,70.0,100.0,280.0,1.0,2.5,26.389593831203292,70.0,1.0,30.0,38.65862348231927,0.28,0.12,0.0019547859787318244,1000.0,0.1,-999.0,-999.0,-999.0,-999.0,-999.0,-999.0,-999.0,-999.0,-999.0,-999.0,-999.0,-999.0,-999.0,-999.0,-999.0,-999.0,-999.0,-999.0,-999.0,-999.0,-999.0,-999.0,-999.0,-999.0,-999.0,-999.0,-999.0,-999.0,-999.0,-999.0,-999.0,-999.0,-999.0,-999.0,-999.0,-999.0,-999.0,-999.0,-999.0,-999.0,-999.0,-999.0,-999.0,-999.0,-999.0,-999.0,-999.0,-999.0,1.0,573921.764,5070632.196,1.0,1.0,0.0,2.0,1.0,1.0,1.0,0.0,0.0,0.0,400.0,-1.3640017819458126
37792,46.325930098651014,10.010635250483372,2.5,60.0,65.0,70.0,70.0,100.0,280.0,1.0,2.5,26.389593831203292,70.0,1.0,30.0,38.65862348231927,0.28,0.12,0.0019547859787318244,1000.0,0.1,-999.0,-999.0,-999.0,-999.0,-999.0,-999.0,-999.0,-999.0,-999.0,-999.0,-999.0,-999.0,-999.0,-999.0,-999.0,-999.0,-999.0,-999.0,-999.0,-999.0,-999.0,-999.0,-999.0,-999.0,-999.0,-999.0,-999.0,-999.0,-999.0,-999.0,-999.0,-999.0,-999.0,-999.0,-999.0,-999.0,-999.0,-999.0,-999.0,-999.0,-999.0,-999.0,-999.0,-999.0,-999.0,-999.0,-999.0,-999.0,1.0,573921.764,5070632.196,1.0,1.0,0.0,2.0,1.0,1.0,1.0,0.0,0.0,0.0,400.0,-1.3640017819458126
37793,46.324265583698896,9.984508459069783,2.5,60.0,65.0,70.0,70.0,100.0,280.0,1.0,2.5,26.389593831203292,70.0,1.0,30.0,38.65862348231927,0.28,0.12,0.0019547859787318244,1000.0,0.1,-999.0,-999.0,-999.0,-999.0,-999.0,-999.0,-999.0,-999.0,-999.0,-999.0,-999.0,-999.0,-999.0,-999.0,-999.0,-999.0,-999.0,-999.0,-999.0,-999.0,-999.0,-999.0,-999.0,-999.0,-999.0,-999.0,-999.0,-999.0,-999.0,-999.0,-999.0,-999.0,-999.0,-999.0,-999.0,-999.0,-999.0,-999.0,-999.0,-999.0,-999.0,-999.0,-999.0,-999.0,-999.0,-999.0,-999.0,-999.0,1.0,573921.764,5070632.196,1.0,1.0,0.0,2.0,1.0,1.0,1.0,0.0,0.0,0.0,400.0,-1.3640017819458126
37794,46.32419237522806,9.987761006009103,2.5,60.0,65.0,70.0,70.0,100.0,280.0,1.0,2.5,26.389593831203292,70.0,1.0,30.0,38.65862348231927,0.28,0.12,0.0019547859787318244,1000.0,0.1,-999.0,-999.0,-999.0,-999.0,-999.0,-999.0,-999.0,-999.0,-999.0,-999.0,-999.0,-999.0,-999.0,-999.0,-999.0,-999.0,-999.0,-999.0,-999.0,-999.0,-999.0,-999.0,-999.0,-999.0,-999.0,-999.0,-999.0,-999.0,-999.0,-999.0,-999.0,-999.0,-999.0,-999.0,-999.0,-999.0,-999.0,-999.0,-999.0,-999.0,-999.0,-999.0,-999.0,-999.0,-999.0,-999.0,-999.0,-999.0,1.0,573921.764,5070632.196,1.0,1.0,0.0,2.0,1.0,1.0,1.0,0.0,0.0,0.0,400.0,-1.3640017819458126
37795,46.32411907331396,9.991013544224234,2.5,60.0,65.0,70.0,70.0,100.0,280.0,1.0,2.5,26.389593831203292,70.0,1.0,30.0,38.65862348231927,0.28,0.12,0.0019547859787318244,1000.0,0.1,-999.0,-999.0,-999.0,-999.0,-999.0,-999.0,-999.0,-999.0,-999.0,-999.0,-999.0,-999.0,-999.0,-999.0,-999.0,-999.0,-999.0,-999.0,-999.0,-999.0,-999.0,-999.0,-999.0,-999.0,-999.0,-999.0,-999.0,-999.0,-999.0,-999.0,-999.0,-999.0,-999.0,-999.0,-999.0,-999.0,-999.0,-999.0,-999.0,-999.0,-999.0,-999.0,-999.0,-999.0,-999.0,-999.0,-999.0,-999.0,1.0,573921.764,5070632.196,1.0,1.0,0.0,2.0,1.0,1.0,1.0,0.0,0.0,0.0,400.0,-1.3640017819458126
37796,46.32404567795714,9.99426607370408,2.5,60.0,65.0,70.0,70.0,100.0,280.0,1.0,2.5,26.389593831203292,70.0,1.0,30.0,38.65862348231927,0.28,0.12,0.0019547859787318244,1000.0,0.1,-999.0,-999.0,-999.0,-999.0,-999.0,-999.0,-999.0,-999.0,-999.0,-999.0,-999.0,-999.0,-999.0,-999.0,-999.0,-999.0,-999.0,-999.0,-999.0,-999.0,-999.0,-999.0,-999.0,-999.0,-999.0,-999.0,-999.0,-999.0,-999.0,-999.0,-999.0,-999.0,-999.0,-999.0,-999.0,-999.0,-999.0,-999.0,-999.0,-999.0,-999.0,-999.0,-999.0,-999.0,-999.0,-999.0,-999.0,-999.0,1.0,573921.764,5070632.196,1.0,1.0,0.0,2.0,1.0,1.0,1.0,0.0,0.0,0.0,400.0,-1.3640017819458126
37797,46.32397218915808,9.997518594437564,2.5,60.0,65.0,70.0,70.0,100.0,280.0,1.0,2.5,26.389593831203292,70.0,1.0,30.0,38.65862348231927,0.28,0.12,0.0019547859787318244,1000.0,0.1,-999.0,-999.0,-999.0,-999.0,-999.0,-999.0,-999.0,-999.0,-999.0,-999.0,-999.0,-999.0,-999.0,-999.0,-999.0,-999.0,-999.0,-999.0,-999.0,-999.0,-999.0,-999.0,-999.0,-999.0,-999.0,-999.0,-999.0,-999.0,-999.0,-999.0,-999.0,-999.0,-999.0,-999.0,-999.0,-999.0,-999.0,-999.0,-999.0,-999.0,-999.0,-999.0,-999.0,-999.0,-999.0,-999.0,-999.0,-999.0,1.0,573921.764,5070632.196,1.0,1.0,0.0,2.0,1.0,1.0,1.0,0.0,0.0,0.0,400.0,-1.3640017819458126
37798,46.323898606917226,10.000771106413595,2.5,60.0,65.0,70.0,70.0,100.0,280.0,1.0,2.5,26.389593831203292,70.0,1.0,30.0,38.65862348231927,0.28,0.12,0.0019547859787318244,1000.0,0.1,-999.0,-999.0,-999.0,-999.0,-999.0,-999.0,-999.0,-999.0,-999.0,-999.0,-999.0,-999.0,-999.0,-999.0,-999.0,-999.0,-999.0,-999.0,-999.0,-999.0,-999.0,-999.0,-999.0,-999.0,-999.0,-999.0,-999.0,-999.0,-999.0,-999.0,-999.0,-999.0,-999.0,-999.0,-999.0,-999.0,-999.0,-999.0,-999.0,-999.0,-999.0,-999.0,-999.0,-999.0,-999.0,-999.0,-999.0,-999.0,1.0,573921.764,5070632.196,1.0,1.0,0.0,2.0,1.0,1.0,1.0,0.0,0.0,0.0,400.0,-1.3640017819458126
37799,46.32382493123509,10.004023609621095,2.5,60.0,65.0,70.0,70.0,100.0,280.0,1.0,2.5,26.389593831203292,70.0,1.0,30.0,38.65862348231927,0.28,0.12,0.0019547859787318244,1000.0,0.1,-999.0,-999.0,-999.0,-999.0,-999.0,-999.0,-999.0,-999.0,-999.0,-999.0,-999.0,-999.0,-999.0,-999.0,-999.0,-999.0,-999.0,-999.0,-999.0,-999.0,-999.0,-999.0,-999.0,-999.0,-999.0,-999.0,-999.0,-999.0,-999.0,-999.0,-999.0,-999.0,-999.0,-999.0,-999.0,-999.0,-999.0,-999.0,-999.0,-999.0,-999.0,-999.0,-999.0,-999.0,-999.0,-999.0,-999.0,-999.0,1.0,573921.764,5070632.196,1.0,1.0,0.0,2.0,1.0,1.0,1.0,0.0,0.0,0.0,400.0,-1.3640017819458126
37800,46.32375116211213,10.00727610404898,2.5,60.0,65.0,70.0,70.0,100.0,280.0,1.0,2.5,26.389593831203292,70.0,1.0,30.0,38.65862348231927,0.28,0.12,0.0019547859787318244,1000.0,0.1,-999.0,-999.0,-999.0,-999.0,-999.0,-999.0,-999.0,-999.0,-999.0,-999.0,-999.0,-999.0,-999.0,-999.0,-999.0,-999.0,-999.0,-999.0,-999.0,-999.0,-999.0,-999.0,-999.0,-999.0,-999.0,-999.0,-999.0,-999.0,-999.0,-999.0,-999.0,-999.0,-999.0,-999.0,-999.0,-999.0,-999.0,-999.0,-999.0,-999.0,-999.0,-999.0,-999.0,-999.0,-999.0,-999.0,-999.0,-999.0,1.0,573921.764,5070632.196,1.0,1.0,0.0,2.0,1.0,1.0,1.0,0.0,0.0,0.0,400.0,-1.3640017819458126
37801,46.32367729954888,10.01052858968616,2.5,60.0,65.0,70.0,70.0,100.0,280.0,1.0,2.5,26.389593831203292,70.0,1.0,30.0,38.65862348231927,0.28,0.12,0.0019547859787318244,1000.0,0.1,-999.0,-999.0,-999.0,-999.0,-999.0,-999.0,-999.0,-999.0,-999.0,-999.0,-999.0,-999.0,-999.0,-999.0,-999.0,-999.0,-999.0,-999.0,-999.0,-999.0,-999.0,-999.0,-999.0,-999.0,-999.0,-999.0,-999.0,-999.0,-999.0,-999.0,-999.0,-999.0,-999.0,-999.0,-999.0,-999.0,-999.0,-999.0,-999.0,-999.0,-999.0,-999.0,-999.0,-999.0,-999.0,-999.0,-999.0,-999.0,1.0,573921.764,5070632.196,1.0,1.0,0.0,2.0,1.0,1.0,1.0,0.0,0.0,0.0,400.0,-1.3640017819458126
37802,46.32201276038589,9.984402884628723,2.5,60.0,65.0,70.0,70.0,100.0,280.0,1.0,2.5,26.389593831203292,70.0,1.0,30.0,38.65862348231927,0.28,0.12,0.0019547859787318244,1000.0,0.1,-999.0,-999.0,-999.0,-999.0,-999.0,-999.0,-999.0,-999.0,-999.0,-999.0,-999.0,-999.0,-999.0,-999.0,-999.0,-999.0,-999.0,-999.0,-999.0,-999.0,-999.0,-999.0,-999.0,-999.0,-999.0,-999.0,-999.0,-999.0,-999.0,-999.0,-999.0,-999.0,-999.0,-999.0,-999.0,-999.0,-999.0,-999.0,-999.0,-999.0,-999.0,-999.0,-999.0,-999.0,-999.0,-999.0,-999.0,-999.0,1.0,573921.764,5070632.196,1.0,1.0,0.0,2.0,1.0,1.0,1.0,0.0,0.0,0.0,400.0,-1.3640017819458126
37803,46.321939554919666,9.987655296868871,2.5,60.0,65.0,70.0,70.0,100.0,280.0,1.0,2.5,26.389593831203292,70.0,1.0,30.0,38.65862348231927,0.28,0.12,0.0019547859787318244,1000.0,0.1,-999.0,-999.0,-999.0,-999.0,-999.0,-999.0,-999.0,-999.0,-999.0,-999.0,-999.0,-999.0,-999.0,-999.0,-999.0,-999.0,-999.0,-999.0,-999.0,-999.0,-999.0,-999.0,-999.0,-999.0,-999.0,-999.0,-999.0,-999.0,-999.0,-999.0,-999.0,-999.0,-999.0,-999.0,-999.0,-999.0,-999.0,-999.0,-999.0,-999.0,-999.0,-999.0,-999.0,-999.0,-999.0,-999.0,-999.0,-999.0,1.0,573921.764,5070632.196,1.0,1.0,0.0,2.0,1.0,1.0,1.0,0.0,0.0,0.0,400.0,-1.3640017819458126
37804,46.3218662560141,9.990907700386071,2.5,60.0,65.0,70.0,70.0,100.0,280.0,1.0,2.5,26.389593831203292,70.0,1.0,30.0,38.65862348231927,0.28,0.12,0.0019547859787318244,1000.0,0.1,-999.0,-999.0,-999.0,-999.0,-999.0,-999.0,-999.0,-999.0,-999.0,-999.0,-999.0,-999.0,-999.0,-999.0,-999.0,-999.0,-999.0,-999.0,-999.0,-999.0,-999.0,-999.0,-999.0,-999.0,-999.0,-999.0,-999.0,-999.0,-999.0,-999.0,-999.0,-999.0,-999.0,-999.0,-999.0,-999.0,-999.0,-999.0,-999.0,-999.0,-999.0,-999.0,-999.0,-999.0,-999.0,-999.0,-999.0,-999.0,1.0,573921.764,5070632.196,1.0,1.0,0.0,2.0,1.0,1.0,1.0,0.0,0.0,0.0,400.0,-1.3640017819458126
37805,46.32179286366955,9.99416009516923,2.5,60.0,65.0,70.0,70.0,100.0,280.0,1.0,2.5,26.389593831203292,70.0,1.0,30.0,38.65862348231927,0.28,0.12,0.0019547859787318244,1000.0,0.1,-999.0,-999.0,-999.0,-999.0,-999.0,-999.0,-999.0,-999.0,-999.0,-999.0,-999.0,-999.0,-999.0,-999.0,-999.0,-999.0,-999.0,-999.0,-999.0,-999.0,-999.0,-999.0,-999.0,-999.0,-999.0,-999.0,-999.0,-999.0,-999.0,-999.0,-999.0,-999.0,-999.0,-999.0,-999.0,-999.0,-999.0,-999.0,-999.0,-999.0,-999.0,-999.0,-999.0,-999.0,-999.0,-999.0,-999.0,-999.0,1.0,573921.764,5070632.196,1.0,1.0,0.0,2.0,1.0,1.0,1.0,0.0,0.0,0.0,400.0,-1.3640017819458126
37806,46.32171937788661,9.997412481207272,2.5,60.0,65.0,70.0,70.0,100.0,280.0,1.0,2.5,26.389593831203292,70.0,1.0,30.0,38.65862348231927,0.28,0.12,0.0019547859787318244,1000.0,0.1,-999.0,-999.0,-999.0,-999.0,-999.0,-999.0,-999.0,-999.0,-999.0,-999.0,-999.0,-999.0,-999.0,-999.0,-999.0,-999.0,-999.0,-999.0,-999.0,-999.0,-999.0,-999.0,-999.0,-999.0,-999.0,-999.0,-999.0,-999.0,-999.0,-999.0,-999.0,-999.0,-999.0,-999.0,-999.0,-999.0,-999.0,-999.0,-999.0,-999.0,-999.0,-999.0,-999.0,-999.0,-999.0,-999.0,-999.0,-999.0,1.0,573921.764,5070632.196,1.0,1.0,0.0,2.0,1.0,1.0,1.0,0.0,0.0,0.0,400.0,-1.3640017819458126
37807,46.32164579866572,10.000664858489106,2.5,60.0,65.0,70.0,70.0,100.0,280.0,1.0,2.5,26.389593831203292,70.0,1.0,30.0,38.65862348231927,0.28,0.12,0.0019547859787318244,1000.0,0.1,-999.0,-999.0,-999.0,-999.0,-999.0,-999.0,-999.0,-999.0,-999.0,-999.0,-999.0,-999.0,-999.0,-999.0,-999.0,-999.0,-999.0,-999.0,-999.0,-999.0,-999.0,-999.0,-999.0,-999.0,-999.0,-999.0,-999.0,-999.0,-999.0,-999.0,-999.0,-999.0,-999.0,-999.0,-999.0,-999.0,-999.0,-999.0,-999.0,-999.0,-999.0,-999.0,-999.0,-999.0,-999.0,-999.0,-999.0,-999.0,1.0,573921.764,5070632.196,1.0,1.0,0.0,2.0,1.0,1.0,1.0,0.0,0.0,0.0,400.0,-1.3640017819458126
37808,46.321572126007354,10.003917227003658,2.5,60.0,65.0,70.0,70.0,100.0,280.0,1.0,2.5,26.389593831203292,70.0,1.0,30.0,38.65862348231927,0.28,0.12,0.0019547859787318244,1000.0,0.1,-999.0,-999.0,-999.0,-999.0,-999.0,-999.0,-999.0,-999.0,-999.0,-999.0,-999.0,-999.0,-999.0,-999.0,-999.0,-999.0,-999.0,-999.0,-999.0,-999.0,-999.0,-999.0,-999.0,-999.0,-999.0,-999.0,-999.0,-999.0,-999.0,-999.0,-999.0,-999.0,-999.0,-999.0,-999.0,-999.0,-999.0,-999.0,-999.0,-999.0,-999.0,-999.0,-999.0,-999.0,-999.0,-999.0,-999.0,-999.0,1.0,573921.764,5070632.196,1.0,1.0,0.0,2.0,1.0,1.0,1.0,0.0,0.0,0.0,400.0,-1.3640017819458126
37809,46.321498359912034,10.007169586739849,2.5,60.0,65.0,70.0,70.0,100.0,280.0,1.0,2.5,26.389593831203292,70.0,1.0,30.0,38.65862348231927,0.28,0.12,0.0019547859787318244,1000.0,0.1,-999.0,-999.0,-999.0,-999.0,-999.0,-999.0,-999.0,-999.0,-999.0,-999.0,-999.0,-999.0,-999.0,-999.0,-999.0,-999.0,-999.0,-999.0,-999.0,-999.0,-999.0,-999.0,-999.0,-999.0,-999.0,-999.0,-999.0,-999.0,-999.0,-999.0,-999.0,-999.0,-999.0,-999.0,-999.0,-999.0,-999.0,-999.0,-999.0,-999.0,-999.0,-999.0,-999.0,-999.0,-999.0,-999.0,-999.0,-999.0,1.0,573921.764,5070632.196,1.0,1.0,0.0,2.0,1.0,1.0,1.0,0.0,0.0,0.0,400.0,-1.3640017819458126
37810,46.31968673455003,9.987549596447483,2.5,60.0,65.0,70.0,70.0,100.0,280.0,1.0,2.5,26.389593831203292,70.0,1.0,30.0,38.65862348231927,0.28,0.12,0.0019547859787318244,1000.0,0.1,-999.0,-999.0,-999.0,-999.0,-999.0,-999.0,-999.0,-999.0,-999.0,-999.0,-999.0,-999.0,-999.0,-999.0,-999.0,-999.0,-999.0,-999.0,-999.0,-999.0,-999.0,-999.0,-999.0,-999.0,-999.0,-999.0,-999.0,-999.0,-999.0,-999.0,-999.0,-999.0,-999.0,-999.0,-999.0,-999.0,-999.0,-999.0,-999.0,-999.0,-999.0,-999.0,-999.0,-999.0,-999.0,-999.0,-999.0,-999.0,1.0,573921.764,5070632.196,1.0,1.0,0.0,2.0,1.0,1.0,1.0,0.0,0.0,0.0,400.0,-1.3640017819458126
37811,46.31961343865266,9.99080186527783,2.5,60.0,65.0,70.0,70.0,100.0,280.0,1.0,2.5,26.389593831203292,70.0,1.0,30.0,38.65862348231927,0.28,0.12,0.0019547859787318244,1000.0,0.1,-999.0,-999.0,-999.0,-999.0,-999.0,-999.0,-999.0,-999.0,-999.0,-999.0,-999.0,-999.0,-999.0,-999.0,-999.0,-999.0,-999.0,-999.0,-999.0,-999.0,-999.0,-999.0,-999.0,-999.0,-999.0,-999.0,-999.0,-999.0,-999.0,-999.0,-999.0,-999.0,-999.0,-999.0,-999.0,-999.0,-999.0,-999.0,-999.0,-999.0,-999.0,-999.0,-999.0,-999.0,-999.0,-999.0,-999.0,-999.0,1.0,573921.764,5070632.196,1.0,1.0,0.0,2.0,1.0,1.0,1.0,0.0,0.0,0.0,400.0,-1.3640017819458126
37812,46.3195400493202,9.994054125375378,2.5,60.0,65.0,70.0,70.0,100.0,280.0,1.0,2.5,26.389593831203292,70.0,1.0,30.0,38.65862348231927,0.28,0.12,0.0019547859787318244,1000.0,0.1,-999.0,-999.0,-999.0,-999.0,-999.0,-999.0,-999.0,-999.0,-999.0,-999.0,-999.0,-999.0,-999.0,-999.0,-999.0,-999.0,-999.0,-999.0,-999.0,-999.0,-999.0,-999.0,-999.0,-999.0,-999.0,-999.0,-999.0,-999.0,-999.0,-999.0,-999.0,-999.0,-999.0,-999.0,-999.0,-999.0,-999.0,-999.0,-999.0,-999.0,-999.0,-999.0,-999.0,-999.0,-999.0,-999.0,-999.0,-999.0,1.0,573921.764,5070632.196,1.0,1.0,0.0,2.0,1.0,1.0,1.0,0.0,0.0,0.0,400.0,-1.3640017819458126
37813,46.31946656655316,9.99730637672906,2.5,60.0,65.0,70.0,70.0,100.0,280.0,1.0,2.5,26.389593831203292,70.0,1.0,30.0,38.65862348231927,0.28,0.12,0.0019547859787318244,1000.0,0.1,-999.0,-999.0,-999.0,-999.0,-999.0,-999.0,-999.0,-999.0,-999.0,-999.0,-999.0,-999.0,-999.0,-999.0,-999.0,-999.0,-999.0,-999.0,-999.0,-999.0,-999.0,-999.0,-999.0,-999.0,-999.0,-999.0,-999.0,-999.0,-999.0,-999.0,-999.0,-999.0,-999.0,-999.0,-999.0,-999.0,-999.0,-999.0,-999.0,-999.0,-999.0,-999.0,-999.0,-999.0,-999.0,-999.0,-999.0,-999.0,1.0,573921.764,5070632.196,1.0,1.0,0.0,2.0,1.0,1.0,1.0,0.0,0.0,0.0,400.0,-1.3640017819458126
37814,46.31939299035194,10.000558619327776,2.5,60.0,65.0,70.0,70.0,100.0,280.0,1.0,2.5,26.389593831203292,70.0,1.0,30.0,38.65862348231927,0.28,0.12,0.0019547859787318244,1000.0,0.1,-999.0,-999.0,-999.0,-999.0,-999.0,-999.0,-999.0,-999.0,-999.0,-999.0,-999.0,-999.0,-999.0,-999.0,-999.0,-999.0,-999.0,-999.0,-999.0,-999.0,-999.0,-999.0,-999.0,-999.0,-999.0,-999.0,-999.0,-999.0,-999.0,-999.0,-999.0,-999.0,-999.0,-999.0,-999.0,-999.0,-999.0,-999.0,-999.0,-999.0,-999.0,-999.0,-999.0,-999.0,-999.0,-999.0,-999.0,-999.0,1.0,573921.764,5070632.196,1.0,1.0,0.0,2.0,1.0,1.0,1.0,0.0,0.0,0.0,400.0,-1.3640017819458126
37815,46.31931932071713,10.00381085316046,2.5,60.0,65.0,70.0,70.0,100.0,280.0,1.0,2.5,26.389593831203292,70.0,1.0,30.0,38.65862348231927,0.28,0.12,0.0019547859787318244,1000.0,0.1,-999.0,-999.0,-999.0,-999.0,-999.0,-999.0,-999.0,-999.0,-999.0,-999.0,-999.0,-999.0,-999.0,-999.0,-999.0,-999.0,-999.0,-999.0,-999.0,-999.0,-999.0,-999.0,-999.0,-999.0,-999.0,-999.0,-999.0,-999.0,-999.0,-999.0,-999.0,-999.0,-999.0,-999.0,-999.0,-999.0,-999.0,-999.0,-999.0,-999.0,-999.0,-999.0,-999.0,-999.0,-999.0,-999.0,-999.0,-999.0,1.0,573921.764,5070632.196,1.0,1.0,0.0,2.0,1.0,1.0,1.0,0.0,0.0,0.0,400.0,-1.3640017819458126
37816,46.31924555764916,10.007063078216028,2.5,60.0,65.0,70.0,70.0,100.0,280.0,1.0,2.5,26.389593831203292,70.0,1.0,30.0,38.65862348231927,0.28,0.12,0.0019547859787318244,1000.0,0.1,-999.0,-999.0,-999.0,-999.0,-999.0,-999.0,-999.0,-999.0,-999.0,-999.0,-999.0,-999.0,-999.0,-999.0,-999.0,-999.0,-999.0,-999.0,-999.0,-999.0,-999.0,-999.0,-999.0,-999.0,-999.0,-999.0,-999.0,-999.0,-999.0,-999.0,-999.0,-999.0,-999.0,-999.0,-999.0,-999.0,-999.0,-999.0,-999.0,-999.0,-999.0,-999.0,-999.0,-999.0,-999.0,-999.0,-999.0,-999.0,1.0,573921.764,5070632.196,1.0,1.0,0.0,2.0,1.0,1.0,1.0,0.0,0.0,0.0,400.0,-1.3640017819458126
37817,46.317360621233156,9.990696038898268,2.5,60.0,65.0,70.0,70.0,100.0,280.0,1.0,2.5,26.389593831203292,70.0,1.0,30.0,38.65862348231927,0.28,0.12,0.0019547859787318244,1000.0,0.1,-999.0,-999.0,-999.0,-999.0,-999.0,-999.0,-999.0,-999.0,-999.0,-999.0,-999.0,-999.0,-999.0,-999.0,-999.0,-999.0,-999.0,-999.0,-999.0,-999.0,-999.0,-999.0,-999.0,-999.0,-999.0,-999.0,-999.0,-999.0,-999.0,-999.0,-999.0,-999.0,-999.0,-999.0,-999.0,-999.0,-999.0,-999.0,-999.0,-999.0,-999.0,-999.0,-999.0,-999.0,-999.0,-999.0,-999.0,-999.0,1.0,573921.764,5070632.196,1.0,1.0,0.0,2.0,1.0,1.0,1.0,0.0,0.0,0.0,400.0,-1.3640017819458126
37818,46.317287234912534,9.993948164321282,2.5,60.0,65.0,70.0,70.0,100.0,280.0,1.0,2.5,26.389593831203292,70.0,1.0,30.0,38.65862348231927,0.28,0.12,0.0019547859787318244,1000.0,0.1,-999.0,-999.0,-999.0,-999.0,-999.0,-999.0,-999.0,-999.0,-999.0,-999.0,-999.0,-999.0,-999.0,-999.0,-999.0,-999.0,-999.0,-999.0,-999.0,-999.0,-999.0,-999.0,-999.0,-999.0,-999.0,-999.0,-999.0,-999.0,-999.0,-999.0,-999.0,-999.0,-999.0,-999.0,-999.0,-999.0,-999.0,-999.0,-999.0,-999.0,-999.0,-999.0,-999.0,-999.0,-999.0,-999.0,-999.0,-999.0,1.0,573921.764,5070632.196,1.0,1.0,0.0,2.0,1.0,1.0,1.0,0.0,0.0,0.0,400.0,-1.3640017819458126
37819,46.317213755161085,9.997200281001671,2.5,60.0,65.0,70.0,70.0,100.0,280.0,1.0,2.5,26.389593831203292,70.0,1.0,30.0,38.65862348231927,0.28,0.12,0.0019547859787318244,1000.0,0.1,-999.0,-999.0,-999.0,-999.0,-999.0,-999.0,-999.0,-999.0,-999.0,-999.0,-999.0,-999.0,-999.0,-999.0,-999.0,-999.0,-999.0,-999.0,-999.0,-999.0,-999.0,-999.0,-999.0,-999.0,-999.0,-999.0,-999.0,-999.0,-999.0,-999.0,-999.0,-999.0,-999.0,-999.0,-999.0,-999.0,-999.0,-999.0,-999.0,-999.0,-999.0,-999.0,-999.0,-999.0,-999.0,-999.0,-999.0,-999.0,1.0,573921.764,5070632.196,1.0,1.0,0.0,2.0,1.0,1.0,1.0,0.0,0.0,0.0,400.0,-1.3640017819458126
37820,46.317140181979376,10.000452388928348,2.5,60.0,65.0,70.0,70.0,100.0,280.0,1.0,2.5,26.389593831203292,70.0,1.0,30.0,38.65862348231927,0.28,0.12,0.0019547859787318244,1000.0,0.1,-999.0,-999.0,-999.0,-999.0,-999.0,-999.0,-999.0,-999.0,-999.0,-999.0,-999.0,-999.0,-999.0,-999.0,-999.0,-999.0,-999.0,-999.0,-999.0,-999.0,-999.0,-999.0,-999.0,-999.0,-999.0,-999.0,-999.0,-999.0,-999.0,-999.0,-999.0,-999.0,-999.0,-999.0,-999.0,-999.0,-999.0,-999.0,-999.0,-999.0,-999.0,-999.0,-999.0,-999.0,-999.0,-999.0,-999.0,-999.0,1.0,573921.764,5070632.196,1.0,1.0,0.0,2.0,1.0,1.0,1.0,0.0,0.0,0.0,400.0,-1.3640017819458126
37821,46.31706651536784,10.003704488090232,2.5,60.0,65.0,70.0,70.0,100.0,280.0,1.0,2.5,26.389593831203292,70.0,1.0,30.0,38.65862348231927,0.28,0.12,0.0019547859787318244,1000.0,0.1,-999.0,-999.0,-999.0,-999.0,-999.0,-999.0,-999.0,-999.0,-999.0,-999.0,-999.0,-999.0,-999.0,-999.0,-999.0,-999.0,-999.0,-999.0,-999.0,-999.0,-999.0,-999.0,-999.0,-999.0,-999.0,-999.0,-999.0,-999.0,-999.0,-999.0,-999.0,-999.0,-999.0,-999.0,-999.0,-999.0,-999.0,-999.0,-999.0,-999.0,-999.0,-999.0,-999.0,-999.0,-999.0,-999.0,-999.0,-999.0,1.0,573921.764,5070632.196,1.0,1.0,0.0,2.0,1.0,1.0,1.0,0.0,0.0,0.0,400.0,-1.3640017819458126
37822,46.31496094371398,9.997094194023871,2.5,60.0,65.0,70.0,70.0,100.0,280.0,1.0,2.5,26.389593831203292,70.0,1.0,30.0,38.65862348231927,0.28,0.12,0.0019547859787318244,1000.0,0.1,-999.0,-999.0,-999.0,-999.0,-999.0,-999.0,-999.0,-999.0,-999.0,-999.0,-999.0,-999.0,-999.0,-999.0,-999.0,-999.0,-999.0,-999.0,-999.0,-999.0,-999.0,-999.0,-999.0,-999.0,-999.0,-999.0,-999.0,-999.0,-999.0,-999.0,-999.0,-999.0,-999.0,-999.0,-999.0,-999.0,-999.0,-999.0,-999.0,-999.0,-999.0,-999.0,-999.0,-999.0,-999.0,-999.0,-999.0,-999.0,1.0,573921.764,5070632.196,1.0,1.0,0.0,2.0,1.0,1.0,1.0,0.0,0.0,0.0,400.0,-1.3640017819458126
37823,46.31488737355144,10.000346167289575,2.5,60.0,65.0,70.0,70.0,100.0,280.0,1.0,2.5,26.389593831203292,70.0,1.0,30.0,38.65862348231927,0.28,0.12,0.0019547859787318244,1000.0,0.1,-999.0,-999.0,-999.0,-999.0,-999.0,-999.0,-999.0,-999.0,-999.0,-999.0,-999.0,-999.0,-999.0,-999.0,-999.0,-999.0,-999.0,-999.0,-999.0,-999.0,-999.0,-999.0,-999.0,-999.0,-999.0,-999.0,-999.0,-999.0,-999.0,-999.0,-999.0,-999.0,-999.0,-999.0,-999.0,-999.0,-999.0,-999.0,-999.0,-999.0,-999.0,-999.0,-999.0,-999.0,-999.0,-999.0,-999.0,-999.0,1.0,573921.764,5070632.196,1.0,1.0,0.0,2.0,1.0,1.0,1.0,0.0,0.0,0.0,400.0,-1.3640017819458126
37824,46.314813709962955,10.003598131791742,2.5,60.0,65.0,70.0,70.0,100.0,280.0,1.0,2.5,26.389593831203292,70.0,1.0,30.0,38.65862348231927,0.28,0.12,0.0019547859787318244,1000.0,0.1,-999.0,-999.0,-999.0,-999.0,-999.0,-999.0,-999.0,-999.0,-999.0,-999.0,-999.0,-999.0,-999.0,-999.0,-999.0,-999.0,-999.0,-999.0,-999.0,-999.0,-999.0,-999.0,-999.0,-999.0,-999.0,-999.0,-999.0,-999.0,-999.0,-999.0,-999.0,-999.0,-999.0,-999.0,-999.0,-999.0,-999.0,-999.0,-999.0,-999.0,-999.0,-999.0,-999.0,-999.0,-999.0,-999.0,-999.0,-999.0,1.0,573921.764,5070632.196,1.0,1.0,0.0,2.0,1.0,1.0,1.0,0.0,0.0,0.0,400.0,-1.3640017819458126
