site_id,site_label,cluster_id,cluster_label,cluster_family,cluster_scale,region_id,source_selection_id,site_status,maturity,enabled,x,y,area_km2,site_tags,cluster_tags,tags,resolved_paths_json,planned_case_count,skipped_case_count,executed_case_count,reused_case_count,failed_case_count,recipes_planned,recipes_skipped
headwater_100km2_outlet_10,Headwater 100 km2 outlet 10,headwater_100km2,Headwater 100 km2,headwater,100km2,brittany,scan_headwater_100km2,inventory,screening,true,287250.0,6791925.0,104.59125,regional_headwater,,regional_headwater,{},0,3,0,0,0,,headwater_mf6_reference;headwater_backend_compare;headwater_transient_backend_compare
headwater_100km2_outlet_2,Headwater 100 km2 outlet 2,headwater_100km2,Headwater 100 km2,headwater,100km2,brittany,scan_headwater_100km2,ready,validated,true,407925.0,6808275.0,113.5575,regional_headwater;simulation_ready;backend_ready;transient_ready,,regional_headwater;simulation_ready;backend_ready;transient_ready,"{""simulation_reference_config"": ""C:\\codes\\HydroModPy-GH\\examples\\projects\\launcher_simulation\\run_headwater_100km2_outlet_2_mf6_transient_reference.toml"", ""backend_comparison_config"": ""C:\\codes\\HydroModPy-GH\\examples\\projects\\launcher_simulation\\run_method_comparison_headwater_100km2_outlet_2_backends.toml"", ""transient_backend_comparison_config"": ""C:\\codes\\HydroModPy-GH\\examples\\projects\\launcher_simulation\\run_method_comparison_headwater_100km2_outlet_2_transient_pulsed_recharge_backends.toml""}",3,0,0,0,0,headwater_mf6_reference;headwater_backend_compare;headwater_transient_backend_compare,
headwater_100km2_outlet_27,Headwater 100 km2 outlet 27,headwater_100km2,Headwater 100 km2,headwater,100km2,brittany,scan_headwater_100km2,ok,screening,true,364275.0,6956025.0,100.288125,regional_headwater;mesh_ready,,regional_headwater;mesh_ready,"{""mesh_output_mesh"": ""C:\\Users\\dreuzy\\HydroModPy\\mesh_gallery_headwater_100km2_outlet_27_rivers_only_outlet_27\\mesh_catchment_outlet_27.msh"", ""mesh_summary_json"": ""C:\\Users\\dreuzy\\HydroModPy\\mesh_gallery_headwater_100km2_outlet_27_rivers_only_outlet_27\\mesh_catchment_outlet_27_summary.json"", ""mesh_bundle_dir"": ""C:\\Users\\dreuzy\\HydroModPy\\mesh_gallery_headwater_100km2_outlet_27_rivers_only_outlet_27\\mesh_catchment_outlet_27_bundle"", ""mesh_figure"": ""C:\\Users\\dreuzy\\HydroModPy\\mesh_gallery_headwater_100km2_outlet_27_rivers_only_outlet_27\\mesh_catchment_outlet_27.png"", ""mesh_figure_regional"": ""C:\\Users\\dreuzy\\HydroModPy\\mesh_gallery_headwater_100km2_outlet_27_rivers_only_outlet_27\\mesh_catchment_outlet_27_regional.png""}",0,3,0,0,0,,headwater_mf6_reference;headwater_backend_compare;headwater_transient_backend_compare
headwater_100km2_outlet_3,Headwater 100 km2 outlet 3,headwater_100km2,Headwater 100 km2,headwater,100km2,brittany,scan_headwater_100km2,inventory,screening,true,237975.0,6870000.0,111.976875,regional_headwater,,regional_headwater,{},0,3,0,0,0,,headwater_mf6_reference;headwater_backend_compare;headwater_transient_backend_compare
headwater_100km2_outlet_4,Headwater 100 km2 outlet 4,headwater_100km2,Headwater 100 km2,headwater,100km2,brittany,scan_headwater_100km2,inventory,screening,true,404100.0,6852900.0,110.896875,regional_headwater,,regional_headwater,{},0,3,0,0,0,,headwater_mf6_reference;headwater_backend_compare;headwater_transient_backend_compare
headwater_100km2_outlet_5,Headwater 100 km2 outlet 5,headwater_100km2,Headwater 100 km2,headwater,100km2,brittany,scan_headwater_100km2,inventory,screening,true,275700.0,6814275.0,108.5175,regional_headwater,,regional_headwater,{},0,3,0,0,0,,headwater_mf6_reference;headwater_backend_compare;headwater_transient_backend_compare
headwater_100km2_outlet_6,Headwater 100 km2 outlet 6,headwater_100km2,Headwater 100 km2,headwater,100km2,brittany,scan_headwater_100km2,inventory,screening,true,177600.0,6788550.0,106.936875,regional_headwater,,regional_headwater,{},0,3,0,0,0,,headwater_mf6_reference;headwater_backend_compare;headwater_transient_backend_compare
headwater_100km2_outlet_7,Headwater 100 km2 outlet 7,headwater_100km2,Headwater 100 km2,headwater,100km2,brittany,scan_headwater_100km2,inventory,screening,true,410250.0,6753225.0,106.515,regional_headwater,,regional_headwater,{},0,3,0,0,0,,headwater_mf6_reference;headwater_backend_compare;headwater_transient_backend_compare
headwater_100km2_outlet_8,Headwater 100 km2 outlet 8,headwater_100km2,Headwater 100 km2,headwater,100km2,brittany,scan_headwater_100km2,inventory,screening,true,292875.0,6714750.0,106.126875,regional_headwater,,regional_headwater,{},0,3,0,0,0,,headwater_mf6_reference;headwater_backend_compare;headwater_transient_backend_compare
headwater_100km2_outlet_9,Headwater 100 km2 outlet 9,headwater_100km2,Headwater 100 km2,headwater,100km2,brittany,scan_headwater_100km2,inventory,screening,true,308550.0,6807375.0,104.743125,regional_headwater,,regional_headwater,{},0,3,0,0,0,,headwater_mf6_reference;headwater_backend_compare;headwater_transient_backend_compare
s3_10km2_outlet_10,Strahler 3 10 km2 outlet 10,s3_10km2,Strahler 3 10 km2,s3,10km2,brittany,scan_s3_10km2,inventory,screening,true,305025.0,6738675.0,10.006875,regional_screening;mesh_ready;boussinesq_steady_ready;simulation_ready,,regional_screening;mesh_ready;boussinesq_steady_ready;simulation_ready,"{""mesh_output_mesh"": ""C:\\Users\\dreuzy\\HydroModPy\\mesh_catchment_runs\\s3_10km2\\mesh_outlet_10\\mesh_catchment_outlet_10.msh"", ""mesh_summary_json"": ""C:\\Users\\dreuzy\\HydroModPy\\mesh_catchment_runs\\s3_10km2\\mesh_outlet_10\\mesh_catchment_outlet_10_summary.json"", ""mesh_bundle_dir"": ""C:\\Users\\dreuzy\\HydroModPy\\mesh_catchment_runs\\s3_10km2\\mesh_outlet_10\\mesh_catchment_outlet_10_bundle"", ""mesh_figure"": ""C:\\Users\\dreuzy\\HydroModPy\\mesh_catchment_runs\\s3_10km2\\mesh_outlet_10\\mesh_catchment_outlet_10.png"", ""mesh_figure_regional"": ""C:\\Users\\dreuzy\\HydroModPy\\mesh_catchment_runs\\s3_10km2\\mesh_outlet_10\\mesh_catchment_outlet_10_regional.png"", ""simulation_reference_config"": ""C:\\codes\\HydroModPy-GH\\reporting\\regional_lab_pilot_2026-04-12\\child_configs\\run_s3_10km2_outlet_10_boussinesq_local_mesh_replay.toml""}",1,0,0,0,0,s3_future_reference,
s3_10km2_outlet_11,Strahler 3 10 km2 outlet 11,s3_10km2,Strahler 3 10 km2,s3,10km2,brittany,scan_s3_10km2,inventory,screening,true,380475.0,6703200.0,10.006875,regional_screening;mesh_ready;boussinesq_steady_ready;simulation_ready,,regional_screening;mesh_ready;boussinesq_steady_ready;simulation_ready,"{""mesh_output_mesh"": ""C:\\Users\\dreuzy\\HydroModPy\\mesh_catchment_runs\\s3_10km2\\mesh_outlet_11\\mesh_catchment_outlet_11.msh"", ""mesh_summary_json"": ""C:\\Users\\dreuzy\\HydroModPy\\mesh_catchment_runs\\s3_10km2\\mesh_outlet_11\\mesh_catchment_outlet_11_summary.json"", ""mesh_bundle_dir"": ""C:\\Users\\dreuzy\\HydroModPy\\mesh_catchment_runs\\s3_10km2\\mesh_outlet_11\\mesh_catchment_outlet_11_bundle"", ""mesh_figure"": ""C:\\Users\\dreuzy\\HydroModPy\\mesh_catchment_runs\\s3_10km2\\mesh_outlet_11\\mesh_catchment_outlet_11.png"", ""mesh_figure_regional"": ""C:\\Users\\dreuzy\\HydroModPy\\mesh_catchment_runs\\s3_10km2\\mesh_outlet_11\\mesh_catchment_outlet_11_regional.png"", ""simulation_reference_config"": ""C:\\codes\\HydroModPy-GH\\reporting\\regional_lab_pilot_2026-04-12\\child_configs\\run_s3_10km2_outlet_11_boussinesq_local_mesh_replay.toml""}",1,0,0,0,0,s3_future_reference,
s3_10km2_outlet_12,Strahler 3 10 km2 outlet 12,s3_10km2,Strahler 3 10 km2,s3,10km2,brittany,scan_s3_10km2,inventory,screening,true,430125.0,6682950.0,10.006875,regional_screening;mesh_ready;boussinesq_steady_ready;simulation_ready,,regional_screening;mesh_ready;boussinesq_steady_ready;simulation_ready,"{""mesh_output_mesh"": ""C:\\Users\\dreuzy\\HydroModPy\\mesh_catchment_runs\\s3_10km2\\mesh_outlet_12\\mesh_catchment_outlet_12.msh"", ""mesh_summary_json"": ""C:\\Users\\dreuzy\\HydroModPy\\mesh_catchment_runs\\s3_10km2\\mesh_outlet_12\\mesh_catchment_outlet_12_summary.json"", ""mesh_bundle_dir"": ""C:\\Users\\dreuzy\\HydroModPy\\mesh_catchment_runs\\s3_10km2\\mesh_outlet_12\\mesh_catchment_outlet_12_bundle"", ""mesh_figure"": ""C:\\Users\\dreuzy\\HydroModPy\\mesh_catchment_runs\\s3_10km2\\mesh_outlet_12\\mesh_catchment_outlet_12.png"", ""mesh_figure_regional"": ""C:\\Users\\dreuzy\\HydroModPy\\mesh_catchment_runs\\s3_10km2\\mesh_outlet_12\\mesh_catchment_outlet_12_regional.png"", ""simulation_reference_config"": ""C:\\codes\\HydroModPy-GH\\reporting\\regional_lab_pilot_2026-04-12\\child_configs\\run_s3_10km2_outlet_12_boussinesq_local_mesh_replay.toml""}",1,0,0,0,0,s3_future_reference,
s3_10km2_outlet_13,Strahler 3 10 km2 outlet 13,s3_10km2,Strahler 3 10 km2,s3,10km2,brittany,scan_s3_10km2,inventory,screening,true,364275.0,6950625.0,10.00125,regional_screening;mesh_ready;boussinesq_steady_ready;simulation_ready,,regional_screening;mesh_ready;boussinesq_steady_ready;simulation_ready,"{""mesh_output_mesh"": ""C:\\Users\\dreuzy\\HydroModPy\\mesh_catchment_runs\\s3_10km2\\mesh_outlet_13\\mesh_catchment_outlet_13.msh"", ""mesh_summary_json"": ""C:\\Users\\dreuzy\\HydroModPy\\mesh_catchment_runs\\s3_10km2\\mesh_outlet_13\\mesh_catchment_outlet_13_summary.json"", ""mesh_bundle_dir"": ""C:\\Users\\dreuzy\\HydroModPy\\mesh_catchment_runs\\s3_10km2\\mesh_outlet_13\\mesh_catchment_outlet_13_bundle"", ""mesh_figure"": ""C:\\Users\\dreuzy\\HydroModPy\\mesh_catchment_runs\\s3_10km2\\mesh_outlet_13\\mesh_catchment_outlet_13.png"", ""mesh_figure_regional"": ""C:\\Users\\dreuzy\\HydroModPy\\mesh_catchment_runs\\s3_10km2\\mesh_outlet_13\\mesh_catchment_outlet_13_regional.png"", ""simulation_reference_config"": ""C:\\codes\\HydroModPy-GH\\reporting\\regional_lab_pilot_2026-04-12\\child_configs\\run_s3_10km2_outlet_13_boussinesq_local_mesh_replay.toml""}",1,0,0,0,0,s3_future_reference,
s3_10km2_outlet_14,Strahler 3 10 km2 outlet 14,s3_10km2,Strahler 3 10 km2,s3,10km2,brittany,scan_s3_10km2,inventory,screening,true,427875.0,6895125.0,10.00125,regional_screening;mesh_ready;boussinesq_steady_ready;simulation_ready,,regional_screening;mesh_ready;boussinesq_steady_ready;simulation_ready,"{""mesh_output_mesh"": ""C:\\Users\\dreuzy\\HydroModPy\\mesh_catchment_runs\\s3_10km2\\mesh_outlet_14\\mesh_catchment_outlet_14.msh"", ""mesh_summary_json"": ""C:\\Users\\dreuzy\\HydroModPy\\mesh_catchment_runs\\s3_10km2\\mesh_outlet_14\\mesh_catchment_outlet_14_summary.json"", ""mesh_bundle_dir"": ""C:\\Users\\dreuzy\\HydroModPy\\mesh_catchment_runs\\s3_10km2\\mesh_outlet_14\\mesh_catchment_outlet_14_bundle"", ""mesh_figure"": ""C:\\Users\\dreuzy\\HydroModPy\\mesh_catchment_runs\\s3_10km2\\mesh_outlet_14\\mesh_catchment_outlet_14.png"", ""mesh_figure_regional"": ""C:\\Users\\dreuzy\\HydroModPy\\mesh_catchment_runs\\s3_10km2\\mesh_outlet_14\\mesh_catchment_outlet_14_regional.png"", ""simulation_reference_config"": ""C:\\codes\\HydroModPy-GH\\reporting\\regional_lab_pilot_2026-04-12\\child_configs\\run_s3_10km2_outlet_14_boussinesq_local_mesh_replay.toml""}",1,0,0,0,0,s3_future_reference,
s3_10km2_outlet_2,Strahler 3 10 km2 outlet 2,s3_10km2,Strahler 3 10 km2,s3,10km2,brittany,scan_s3_10km2,inventory,screening,true,430650.0,6741675.0,10.29375,regional_screening;mesh_ready;boussinesq_steady_ready;simulation_ready,,regional_screening;mesh_ready;boussinesq_steady_ready;simulation_ready,"{""mesh_output_mesh"": ""C:\\Users\\dreuzy\\HydroModPy\\mesh_catchment_runs\\s3_10km2\\mesh_outlet_2\\mesh_catchment_outlet_2.msh"", ""mesh_summary_json"": ""C:\\Users\\dreuzy\\HydroModPy\\mesh_catchment_runs\\s3_10km2\\mesh_outlet_2\\mesh_catchment_outlet_2_summary.json"", ""mesh_bundle_dir"": ""C:\\Users\\dreuzy\\HydroModPy\\mesh_catchment_runs\\s3_10km2\\mesh_outlet_2\\mesh_catchment_outlet_2_bundle"", ""mesh_figure"": ""C:\\Users\\dreuzy\\HydroModPy\\mesh_catchment_runs\\s3_10km2\\mesh_outlet_2\\mesh_catchment_outlet_2.png"", ""mesh_figure_regional"": ""C:\\Users\\dreuzy\\HydroModPy\\mesh_catchment_runs\\s3_10km2\\mesh_outlet_2\\mesh_catchment_outlet_2_regional.png"", ""simulation_reference_config"": ""C:\\codes\\HydroModPy-GH\\reporting\\regional_lab_pilot_2026-04-12\\child_configs\\run_s3_10km2_outlet_2_boussinesq_local_mesh_replay.toml""}",1,0,0,0,0,s3_future_reference,
s3_10km2_outlet_6,Strahler 3 10 km2 outlet 6,s3_10km2,Strahler 3 10 km2,s3,10km2,brittany,scan_s3_10km2,inventory,screening,true,392175.0,6935775.0,10.0125,regional_screening;mesh_ready;boussinesq_steady_ready;simulation_ready,,regional_screening;mesh_ready;boussinesq_steady_ready;simulation_ready,"{""mesh_output_mesh"": ""C:\\Users\\dreuzy\\HydroModPy\\mesh_catchment_runs\\s3_10km2\\mesh_outlet_6\\mesh_catchment_outlet_6.msh"", ""mesh_summary_json"": ""C:\\Users\\dreuzy\\HydroModPy\\mesh_catchment_runs\\s3_10km2\\mesh_outlet_6\\mesh_catchment_outlet_6_summary.json"", ""mesh_bundle_dir"": ""C:\\Users\\dreuzy\\HydroModPy\\mesh_catchment_runs\\s3_10km2\\mesh_outlet_6\\mesh_catchment_outlet_6_bundle"", ""mesh_figure"": ""C:\\Users\\dreuzy\\HydroModPy\\mesh_catchment_runs\\s3_10km2\\mesh_outlet_6\\mesh_catchment_outlet_6.png"", ""mesh_figure_regional"": ""C:\\Users\\dreuzy\\HydroModPy\\mesh_catchment_runs\\s3_10km2\\mesh_outlet_6\\mesh_catchment_outlet_6_regional.png"", ""simulation_reference_config"": ""C:\\codes\\HydroModPy-GH\\reporting\\regional_lab_pilot_2026-04-12\\child_configs\\run_s3_10km2_outlet_6_boussinesq_local_mesh_replay.toml""}",1,0,0,0,0,s3_future_reference,
s3_10km2_outlet_7,Strahler 3 10 km2 outlet 7,s3_10km2,Strahler 3 10 km2,s3,10km2,brittany,scan_s3_10km2,inventory,screening,true,467550.0,6806475.0,10.0125,regional_screening;mesh_ready;boussinesq_steady_ready;simulation_ready,,regional_screening;mesh_ready;boussinesq_steady_ready;simulation_ready,"{""mesh_output_mesh"": ""C:\\Users\\dreuzy\\HydroModPy\\mesh_catchment_runs\\s3_10km2\\mesh_outlet_7\\mesh_catchment_outlet_7.msh"", ""mesh_summary_json"": ""C:\\Users\\dreuzy\\HydroModPy\\mesh_catchment_runs\\s3_10km2\\mesh_outlet_7\\mesh_catchment_outlet_7_summary.json"", ""mesh_bundle_dir"": ""C:\\Users\\dreuzy\\HydroModPy\\mesh_catchment_runs\\s3_10km2\\mesh_outlet_7\\mesh_catchment_outlet_7_bundle"", ""mesh_figure"": ""C:\\Users\\dreuzy\\HydroModPy\\mesh_catchment_runs\\s3_10km2\\mesh_outlet_7\\mesh_catchment_outlet_7.png"", ""mesh_figure_regional"": ""C:\\Users\\dreuzy\\HydroModPy\\mesh_catchment_runs\\s3_10km2\\mesh_outlet_7\\mesh_catchment_outlet_7_regional.png"", ""simulation_reference_config"": ""C:\\codes\\HydroModPy-GH\\reporting\\regional_lab_pilot_2026-04-12\\child_configs\\run_s3_10km2_outlet_7_boussinesq_local_mesh_replay.toml""}",1,0,0,0,0,s3_future_reference,
s3_10km2_outlet_8,Strahler 3 10 km2 outlet 8,s3_10km2,Strahler 3 10 km2,s3,10km2,brittany,scan_s3_10km2,inventory,screening,true,433275.0,6881025.0,10.006875,regional_screening;mesh_ready;boussinesq_steady_ready;simulation_ready,,regional_screening;mesh_ready;boussinesq_steady_ready;simulation_ready,"{""mesh_output_mesh"": ""C:\\Users\\dreuzy\\HydroModPy\\mesh_catchment_runs\\s3_10km2\\mesh_outlet_8\\mesh_catchment_outlet_8.msh"", ""mesh_summary_json"": ""C:\\Users\\dreuzy\\HydroModPy\\mesh_catchment_runs\\s3_10km2\\mesh_outlet_8\\mesh_catchment_outlet_8_summary.json"", ""mesh_bundle_dir"": ""C:\\Users\\dreuzy\\HydroModPy\\mesh_catchment_runs\\s3_10km2\\mesh_outlet_8\\mesh_catchment_outlet_8_bundle"", ""mesh_figure"": ""C:\\Users\\dreuzy\\HydroModPy\\mesh_catchment_runs\\s3_10km2\\mesh_outlet_8\\mesh_catchment_outlet_8.png"", ""mesh_figure_regional"": ""C:\\Users\\dreuzy\\HydroModPy\\mesh_catchment_runs\\s3_10km2\\mesh_outlet_8\\mesh_catchment_outlet_8_regional.png"", ""simulation_reference_config"": ""C:\\codes\\HydroModPy-GH\\reporting\\regional_lab_pilot_2026-04-12\\child_configs\\run_s3_10km2_outlet_8_boussinesq_local_mesh_replay.toml""}",1,0,0,0,0,s3_future_reference,
s3_10km2_outlet_9,Strahler 3 10 km2 outlet 9,s3_10km2,Strahler 3 10 km2,s3,10km2,brittany,scan_s3_10km2,inventory,screening,true,437550.0,6759075.0,10.006875,regional_screening;mesh_ready;boussinesq_steady_ready;simulation_ready,,regional_screening;mesh_ready;boussinesq_steady_ready;simulation_ready,"{""mesh_output_mesh"": ""C:\\Users\\dreuzy\\HydroModPy\\mesh_catchment_runs\\s3_10km2\\mesh_outlet_9\\mesh_catchment_outlet_9.msh"", ""mesh_summary_json"": ""C:\\Users\\dreuzy\\HydroModPy\\mesh_catchment_runs\\s3_10km2\\mesh_outlet_9\\mesh_catchment_outlet_9_summary.json"", ""mesh_bundle_dir"": ""C:\\Users\\dreuzy\\HydroModPy\\mesh_catchment_runs\\s3_10km2\\mesh_outlet_9\\mesh_catchment_outlet_9_bundle"", ""mesh_figure"": ""C:\\Users\\dreuzy\\HydroModPy\\mesh_catchment_runs\\s3_10km2\\mesh_outlet_9\\mesh_catchment_outlet_9.png"", ""mesh_figure_regional"": ""C:\\Users\\dreuzy\\HydroModPy\\mesh_catchment_runs\\s3_10km2\\mesh_outlet_9\\mesh_catchment_outlet_9_regional.png"", ""simulation_reference_config"": ""C:\\codes\\HydroModPy-GH\\reporting\\regional_lab_pilot_2026-04-12\\child_configs\\run_s3_10km2_outlet_9_boussinesq_local_mesh_replay.toml""}",1,0,0,0,0,s3_future_reference,
