edge_id,node_a,node_b,cell_a,cell_b,length_m,edge_kind,is_river,geology_a_key,geology_b_key
0,0,109,60,,1631.25,boundary,False,2021,
1,0,120,39,,1931.25,boundary,False,2021,
2,0,177,39,60,1263.992002051437,internal,False,2021,2021
3,1,111,28,,1631.25,boundary,False,801,
4,1,112,106,,1931.25,boundary,False,1701,
5,1,165,28,107,1656.3177910492414,internal,False,801,801
6,1,174,106,107,1687.0635425580938,geology_interface,False,1701,801
7,2,114,2,,1931.25,boundary,False,901,
8,2,115,1,,1631.25,boundary,False,2021,
9,2,158,1,2,2290.9488380491257,geology_interface,False,2021,901
10,3,117,26,,1631.25,boundary,False,1701,
11,3,118,104,,1931.25,boundary,False,1701,
12,3,162,25,104,1616.445704087238,internal,False,1701,1701
13,3,176,25,26,1269.0754952198815,internal,False,1701,1701
14,4,5,40,559,488.082984747471,internal,False,801,801
15,4,152,30,560,314.08509889719153,internal,False,1701,1701
16,4,159,30,40,753.802404968567,geology_interface,False,1701,801
17,4,203,409,519,180.2622500850699,internal,False,1701,1701
18,4,206,359,409,249.899979991996,internal,False,1701,1701
19,4,213,519,560,210.37578049067895,internal,False,1701,1701
20,4,286,359,559,264.9195289250395,geology_interface,False,1701,801
21,5,113,57,108,983.046921565802,internal,False,801,801
22,5,121,108,204,454.44774721604034,geology_interface,False,801,1701
23,5,159,40,57,838.0052088844398,internal,False,801,801
24,5,236,183,309,360.9455539074185,internal,False,1701,1701
25,5,250,183,204,428.55578842856517,internal,False,1701,1701
26,5,286,309,559,370.2153931224257,geology_interface,False,1701,801
27,6,112,15,109,1457.0151448155784,internal,False,1701,1701
28,6,121,109,179,478.11062163832406,internal,False,1701,1701
29,6,122,16,239,439.9714831391171,geology_interface,False,801,1701
30,6,155,15,70,780.2048095467117,geology_interface,False,1701,801
31,6,171,16,70,667.745213542155,internal,False,801,801
32,6,198,239,360,370.4916567173029,internal,False,1701,1701
33,6,247,179,360,305.24898143391914,internal,False,1701,1701
34,7,123,59,247,274.00431463873224,internal,False,801,801
35,7,124,58,245,290.59732376929287,internal,False,801,801
36,7,169,58,59,242.27246138434703,internal,False,801,801
37,7,207,219,247,239.30926722460225,internal,False,801,801
38,7,252,219,245,270.5108291773736,internal,False,801,801
39,8,125,54,333,290.59732376918356,internal,False,801,801
40,8,126,81,331,292.6620463876139,internal,False,801,801
41,8,165,6,81,524.1057837086572,internal,False,801,801
42,8,174,6,54,568.7530552207965,internal,False,801,801
43,8,291,331,333,302.9438448785489,internal,False,801,801
44,9,111,24,110,1110.195970963326,internal,False,801,801
45,9,126,56,116,292.66204638673486,internal,False,801,801
46,9,127,67,116,316.6442831383977,internal,False,801,801
47,9,165,24,56,727.3624152895283,internal,False,801,801
48,9,175,67,110,679.6633701304887,internal,False,801,801
49,10,128,33,289,316.6442831383977,geology_interface,False,1701,801
50,10,129,35,313,339.14813065237064,geology_interface,False,1701,801
51,10,154,33,35,921.4245844896624,internal,False,1701,1701
52,10,251,279,313,278.7773009182674,internal,False,801,801
53,10,252,279,289,320.94875284883324,internal,False,801,801
54,11,118,10,47,981.6287800549003,internal,False,1701,1701
55,11,137,7,258,338.5748094404838,internal,False,1701,1701
56,11,138,46,256,275.50802358185024,internal,False,1701,1701
57,11,162,46,47,738.2676553144753,internal,False,1701,1701
58,11,164,7,10,800.0498375821799,internal,False,1701,1701
59,11,245,256,258,328.71547097065087,internal,False,1701,1701
60,12,117,0,111,1106.2419756069771,internal,False,1701,1701
61,12,140,84,340,275.5080235822162,geology_interface,False,1701,1841
62,12,141,111,327,290.3094294898631,geology_interface,False,1701,1841
63,12,176,0,84,472.3310058912643,internal,False,1701,1701
64,12,288,327,340,243.22606624456176,internal,False,1841,1841
65,13,143,43,304,290.3094294898631,internal,False,1701,1701
66,13,144,23,237,362.38828989505646,internal,False,1701,1701
67,13,160,43,45,812.0349423301031,internal,False,1701,1701
68,13,163,23,45,944.869146074529,internal,False,1701,1701
69,13,239,237,304,331.8913473841513,internal,False,1701,1701
70,14,24,166,173,279.30717856868625,internal,False,1701,1701
71,14,144,9,118,444.64784086227183,internal,False,1701,1701
72,14,145,29,561,373.99398101902995,internal,False,1701,1701
73,14,173,9,29,612.0120690382602,internal,False,1701,1701
74,14,209,488,561,290.040717089791,internal,False,1701,1701
75,14,215,166,214,239.9768600379787,internal,False,1701,1701
76,14,217,173,488,284.16764138445035,internal,False,1701,1701
77,14,254,118,214,367.3695903059106,internal,False,1701,1701
78,15,148,52,562,357.2883341155003,internal,False,1701,1701
79,15,149,69,281,225.82319481862257,internal,False,1701,1701
80,15,167,52,69,269.5357409927484,internal,False,1701,1701
81,15,196,281,403,226.45525549049586,internal,False,1701,1701
82,15,244,501,562,179.71505817518437,internal,False,1701,1701
83,15,258,403,501,146.23097263729204,internal,False,1701,1701
84,16,149,97,181,268.36806370382436,internal,False,1701,1701
85,16,150,50,149,406.42201123318637,internal,False,1701,1701
86,16,166,50,86,508.96871444201156,internal,False,1701,1701
87,16,178,86,97,234.51249165251016,internal,False,1701,1701
88,16,193,149,181,304.40321625551735,internal,False,1701,1701
89,17,65,563,568,134.60086232434816,internal,False,1701,1701
90,17,66,564,568,109.98904905686149,internal,False,1701,1701
91,17,151,4,208,256.1086344792769,internal,False,1701,1701
92,17,152,55,564,268.4967776988072,internal,False,1701,1701
93,17,158,4,18,1071.4902913332103,geology_interface,False,1701,2021
94,17,159,18,55,562.3038189089133,geology_interface,False,2021,1701
95,17,257,208,563,215.51206737863404,internal,False,1701,1701
96,18,19,141,186,106.06601717798213,geology_interface,True,1701,1841
97,18,189,274,278,308.60982219768323,internal,False,1841,1841
98,18,214,186,274,189.58064070905522,internal,False,1841,1841
99,18,239,128,199,216.59658698422695,geology_interface,False,1841,1701
100,18,254,141,199,204.79497445771096,internal,False,1701,1701
101,18,292,128,278,262.34469341013676,internal,False,1841,1841
102,19,20,269,454,106.06601717798213,geology_interface,True,1701,1841
103,19,214,186,454,112.64377679660798,internal,False,1841,1841
104,19,254,141,269,133.22890567131196,internal,False,1701,1701
105,20,21,259,419,75.0,internal,True,1701,1701
106,20,214,419,454,109.25393160134874,geology_interface,False,1701,1841
107,20,215,230,259,153.1858703635185,internal,False,1701,1701
108,20,254,230,269,126.72371936467218,internal,False,1701,1701
109,21,22,260,420,75.0,internal,True,1701,1701
110,21,214,260,419,111.70997122309862,internal,False,1701,1701
111,21,215,259,420,112.86156287970594,internal,False,1701,1701
112,22,23,157,455,106.06601717798213,internal,True,1701,1701
113,22,189,115,287,251.16152530659335,internal,False,1841,1841
114,22,214,260,287,155.79413907775495,geology_interface,False,1701,1841
115,22,215,420,455,115.15013622341462,internal,False,1701,1701
116,22,216,115,157,184.97468854463662,geology_interface,False,1841,1701
117,23,24,158,456,106.06601717798213,internal,True,1701,1701
118,23,215,158,455,120.47660058650331,internal,False,1701,1701
119,23,216,157,456,119.06703435052218,internal,False,1701,1701
120,24,25,421,422,75.0,internal,True,1701,1701
121,24,215,158,166,195.62634972183258,internal,False,1701,1701
122,24,216,421,456,128.989464437494,internal,False,1701,1701
123,24,217,173,422,155.39043498690273,internal,False,1701,1701
124,25,26,224,457,106.06601717798213,internal,True,1701,1701
125,25,216,392,421,131.4502025899927,geology_interface,False,1841,1701
126,25,217,422,457,133.65375846209022,internal,False,1701,1701
127,25,267,224,392,165.4940656803833,geology_interface,False,1701,1841
128,26,27,117,159,106.06601717798213,internal,True,1701,1701
129,26,217,159,457,91.75074775940836,internal,False,1701,1701
130,26,267,117,224,141.22757333663992,internal,False,1701,1701
131,27,28,119,152,75.0,internal,True,1701,1701
132,27,217,119,159,146.5369314465756,internal,False,1701,1701
133,27,242,152,172,195.6106387152907,internal,False,1701,1701
134,27,267,117,172,187.0886665880352,internal,False,1701,1701
135,28,29,176,218,75.0,internal,True,1701,1701
136,28,209,176,361,159.5791763611642,internal,False,1701,1701
137,28,217,119,361,171.9325593816434,internal,False,1701,1701
138,28,242,152,373,202.71215405477585,internal,False,1701,1701
139,28,290,218,373,147.13629369683727,internal,False,1701,1701
140,29,30,296,338,75.0,internal,True,1701,1701
141,29,209,176,386,147.3249551566058,internal,False,1701,1701
142,29,264,296,386,138.81761493011746,internal,False,1701,1701
143,29,290,218,338,103.3502641744727,internal,False,1701,1701
144,30,31,261,508,75.0,internal,True,1701,1701
145,30,218,261,505,172.5667788096608,internal,False,1701,1701
146,30,264,296,508,91.69237177326895,internal,False,1701,1701
147,30,290,338,505,104.70656754485191,internal,False,1701,1701
148,31,32,297,423,75.0,internal,True,1701,1701
149,31,218,261,423,123.60468887547513,internal,False,1701,1701
150,31,264,297,508,93.77980522441045,internal,False,1701,1701
151,32,33,458,569,106.06601717798213,internal,True,1701,1701
152,32,145,337,565,181.27397402723048,internal,False,1701,1701
153,32,146,565,569,183.56722879203235,internal,False,1701,1701
154,32,218,423,458,109.6674294185088,internal,False,1701,1701
155,32,264,297,337,142.93989189323378,internal,False,1701,1701
156,33,34,160,177,106.06601717798213,internal,True,1701,1701
157,33,146,177,569,117.03628650422807,internal,False,1701,1701
158,33,218,160,458,96.81340096474216,internal,False,1701,1701
159,34,35,120,424,75.0,internal,True,1701,1701
160,34,146,177,317,127.27158846739191,internal,False,1701,1701
161,34,218,120,160,170.93485348943986,internal,False,1701,1701
162,34,219,317,424,105.5751580143784,internal,False,1701,1701
163,35,36,161,459,106.06601717798213,internal,True,1701,1701
164,35,187,180,320,245.097573952333,internal,False,1701,1701
165,35,218,120,320,202.646953358031,internal,False,1701,1701
166,35,219,424,459,94.50419336696758,internal,False,1701,1701
167,35,220,161,180,186.45678637032123,internal,False,1701,1701
168,36,37,460,506,106.06601717798213,internal,True,1701,1701
169,36,219,459,551,99.15432410400629,internal,False,1701,1701
170,36,220,161,460,127.63864198906776,internal,False,1701,1701
171,36,271,506,551,95.89919737534403,internal,False,1701,1701
172,37,38,425,426,75.0,internal,True,1701,1701
173,37,199,425,520,103.11776653071271,internal,False,1701,1701
174,37,220,426,460,142.53810954996987,internal,False,1701,1701
175,37,271,506,520,86.90983751209338,internal,False,1701,1701
176,38,39,174,393,106.06601717798213,internal,True,1701,1701
177,38,199,393,425,104.0999447625002,internal,False,1701,1701
178,38,220,372,426,143.2918168083177,internal,False,1701,1701
179,38,248,174,372,212.2355891750957,internal,False,1701,1701
180,39,40,427,428,75.0,internal,True,1701,1701
181,39,199,393,427,115.88315938791708,internal,False,1701,1701
182,39,221,370,428,131.2575514182865,internal,False,1701,1701
183,39,248,174,370,212.2355891750957,internal,False,1701,1701
184,40,41,453,461,106.06601717798213,internal,True,1701,1701
185,40,199,427,510,125.76760327931106,internal,False,1701,1701
186,40,221,428,461,121.51851579830029,internal,False,1701,1701
187,40,261,453,510,94.87661716991326,internal,False,1701,1701
188,41,42,185,187,106.06601717798213,internal,True,1701,1701
189,41,221,187,461,105.96576251139436,internal,False,1701,1701
190,41,261,185,453,114.15467258349678,internal,False,1701,1701
191,42,43,133,462,106.06601717798213,internal,True,1701,1701
192,42,148,151,257,223.53912287741244,internal,False,1701,1701
193,42,221,187,387,173.75481566684908,internal,False,1701,1701
194,42,222,387,462,121.42437053748847,internal,False,1701,1701
195,42,244,133,151,171.67061414745626,internal,False,1701,1701
196,42,261,185,257,198.8994873288627,internal,False,1701,1701
197,43,44,322,570,106.06601717798213,internal,True,1701,1701
198,43,83,429,570,75.0,internal,False,1701,1701
199,43,222,429,462,125.82950383271582,internal,False,1701,1701
200,43,244,133,322,101.01113814836538,internal,False,1701,1701
201,44,45,134,463,106.06601717798213,internal,True,1701,1701
202,44,83,430,570,75.0,internal,True,1701,1701
203,44,223,430,463,143.84132334424677,internal,False,1701,1701
204,44,244,322,350,115.91246826071604,internal,False,1701,1701
205,44,258,134,350,179.73222110152523,internal,False,1701,1701
206,45,46,188,378,106.06601717798213,internal,True,1701,1701
207,45,223,188,463,136.98577695216966,internal,False,1701,1701
208,45,258,134,378,115.9099717268384,internal,False,1701,1701
209,46,47,140,189,106.06601717798213,internal,True,1701,1701
210,46,188,236,253,322.5871975140985,internal,False,1701,1701
211,46,223,188,236,198.3428341860502,internal,False,1701,1701
212,46,224,189,376,191.21323175972944,internal,False,1701,1701
213,46,258,376,378,130.63908982132955,internal,False,1701,1701
214,46,278,140,253,234.56242505994007,internal,False,1701,1701
215,47,48,267,464,106.06601717798213,internal,True,1701,1701
216,47,224,189,464,118.58541225631423,internal,False,1701,1701
217,47,278,140,267,180.33172557816886,internal,False,1701,1701
218,48,49,431,432,75.0,internal,True,1701,1701
219,48,224,431,464,118.58541225631423,internal,False,1701,1701
220,48,225,416,432,118.58541225631423,internal,False,1701,1701
221,48,278,267,416,180.33172557816886,internal,False,1701,1701
222,49,50,465,531,106.06601717798213,internal,True,1701,1701
223,49,224,431,511,118.58541225631423,internal,False,1701,1701
224,49,225,432,465,118.58541225631423,internal,False,1701,1701
225,49,268,511,531,74.23537469572481,internal,False,1701,1701
226,50,51,466,532,106.06601717798213,internal,True,1701,1701
227,50,225,243,465,118.58541225631423,internal,False,1701,1701
228,50,226,244,466,131.38254233147654,internal,False,1701,1701
229,50,268,531,532,106.02759040406556,internal,False,1701,1701
230,50,274,243,244,239.9664847451027,internal,False,1701,1701
231,51,52,254,433,75.0,internal,True,1701,1701
232,51,226,433,466,138.31377526838733,internal,False,1701,1701
233,51,265,254,407,116.33149599738874,internal,False,1701,1701
234,51,268,407,532,87.9939902197698,internal,False,1701,1701
235,52,53,394,395,106.06601717798213,internal,True,1701,1701
236,52,200,394,414,120.72059223129499,internal,False,1701,1701
237,52,226,395,433,134.88217239129105,internal,False,1701,1701
238,52,265,254,414,138.25030057010932,internal,False,1701,1701
239,53,54,277,434,75.0,internal,True,1701,1701
240,53,200,394,434,128.4933421248981,internal,False,1701,1701
241,53,226,395,483,120.20346263515965,internal,False,1701,1701
242,53,273,277,483,144.99410687183288,internal,False,1701,1701
243,54,55,396,397,106.06601717798213,internal,True,1701,1701
244,54,200,396,434,129.62032558499197,internal,False,1701,1701
245,54,201,397,484,118.58541225631423,internal,False,1701,1701
246,54,273,277,484,152.65369604060305,internal,False,1701,1701
247,55,56,217,435,75.0,internal,True,1701,1701
248,55,200,391,396,124.28246413583146,internal,False,1701,1701
249,55,201,397,435,118.58541225631423,internal,False,1701,1701
250,55,262,217,391,174.34188079537458,internal,False,1701,1701
251,56,57,135,262,75.0,internal,True,1701,1701
252,56,201,435,512,118.58541225631423,internal,False,1701,1701
253,56,202,262,512,159.0990257669732,internal,False,1701,1701
254,56,262,135,217,163.80499763729185,internal,False,1701,1701
255,57,58,146,436,75.0,internal,True,1701,1701
256,57,191,146,330,215.2003537547603,internal,False,1701,1701
257,57,202,262,436,118.58541225631423,internal,False,1701,1701
258,57,262,135,330,185.7930652705794,internal,False,1701,1701
259,58,59,227,546,75.0,internal,True,1701,1701
260,58,191,146,227,183.81845336192546,internal,False,1701,1701
261,58,202,436,553,118.58541225631423,internal,False,1701,1701
262,58,246,546,553,79.01577244362062,internal,False,1701,1701
263,59,60,147,556,75.0,internal,True,1701,1701
264,59,191,147,227,180.3254151154705,internal,False,1701,1701
265,59,246,546,558,75.29616658934876,internal,False,1701,1701
266,59,295,556,558,62.92808413922424,internal,False,1701,1701
267,60,61,138,398,106.06601717798213,internal,True,1701,1701
268,60,108,437,557,75.0,internal,True,1701,1701
269,60,191,138,147,206.14384996104818,internal,False,1701,1701
270,60,203,398,437,111.05211003494219,internal,False,1701,1701
271,60,295,556,557,78.07142790447176,internal,False,1701,1701
272,61,62,148,280,75.0,internal,True,1701,1701
273,61,191,138,148,206.52379029294698,internal,False,1701,1701
274,61,203,398,503,113.66494557260083,internal,False,1701,1701
275,61,213,280,503,132.40244071402094,internal,False,1701,1701
276,62,63,126,303,106.06601717798213,internal,True,1701,1701
277,62,191,148,282,181.1928075199751,internal,False,1701,1701
278,62,213,280,303,140.93824539503856,internal,False,1701,1701
279,62,243,126,282,185.35601247639914,internal,False,1701,1701
280,63,64,343,526,106.06601717798213,internal,True,1701,1701
281,63,213,303,542,139.59266328009883,internal,False,1701,1701
282,63,243,126,343,133.70946360109033,internal,False,1701,1701
283,63,284,526,542,86.3933280740105,internal,False,1701,1701
284,64,65,408,571,106.06601717798213,internal,True,1701,1701
285,64,152,418,571,150.28937001610043,internal,False,1701,1701
286,64,243,343,541,154.59492214116077,internal,False,1701,1701
287,64,257,408,541,113.78954941185712,internal,False,1701,1701
288,64,284,418,526,94.20753495465217,internal,False,1701,1701
289,65,66,568,572,37.5,internal,True,1701,1701
290,65,152,571,572,175.69116696639793,internal,False,1701,1701
291,65,257,408,563,113.78954941212568,internal,False,1701,1701
292,66,152,564,572,170.94037109574757,internal,False,1701,1701
293,67,68,222,467,106.06601717798213,internal,True,1841,1841
294,67,227,290,467,153.73509447118676,internal,False,1841,1841
295,67,266,222,335,198.7265904303764,internal,False,1841,1841
296,67,293,335,347,244.6615332046986,internal,False,1841,1841
297,67,294,290,347,169.36830969471157,internal,False,1841,1841
298,68,69,438,439,75.0,internal,True,1841,1841
299,68,227,438,467,153.6138009827209,internal,False,1841,1841
300,68,228,385,439,129.02686759557358,internal,False,1841,1841
301,68,266,222,385,200.10065987925177,internal,False,1841,1841
302,69,70,124,468,106.06601717798213,internal,True,1841,1841
303,69,227,198,438,139.75079602702033,internal,False,1841,1841
304,69,228,439,468,120.1549584044687,internal,False,1841,1841
305,69,256,124,198,224.55211215828746,internal,False,1841,1841
306,70,71,190,324,106.06601717798213,internal,True,1841,1841
307,70,228,190,468,106.79233670445235,internal,False,1841,1841
308,70,256,124,324,157.2407835023151,internal,False,1841,1841
309,71,72,123,469,106.06601717798213,internal,True,1841,1841
310,71,228,190,388,175.7042752138224,internal,False,1841,1841
311,71,229,388,469,128.5330159898877,internal,False,1841,1841
312,71,256,123,324,146.71631442377418,internal,False,1841,1841
313,72,73,169,440,75.0,internal,True,1841,1841
314,72,229,440,469,128.73290270881503,internal,False,1841,1841
315,72,240,156,169,220.04914013247014,internal,False,1841,1841
316,72,256,123,156,202.05615516427505,internal,False,1841,1841
317,73,74,114,470,106.06601717798213,internal,True,1841,1841
318,73,229,440,470,124.16850526638815,internal,False,1841,1841
319,73,240,169,178,220.04914013247014,internal,False,1841,1841
320,73,255,114,178,215.24326034263225,internal,False,1841,1841
321,74,75,191,228,106.06601717798213,internal,True,1841,1841
322,74,229,191,470,114.27033114598117,internal,False,1841,1841
323,74,255,114,228,165.62068387072264,internal,False,1841,1841
324,75,76,122,130,106.06601717798213,internal,True,1841,1841
325,75,194,346,410,229.14883948253146,internal,False,1841,1841
326,75,229,191,410,182.20208412730992,internal,False,1841,1841
327,75,255,122,228,176.15550155668012,internal,False,1841,1841
328,75,282,130,346,223.2679538858974,internal,False,1841,1841
329,76,77,154,276,106.06601717798213,internal,True,1841,1841
330,76,231,154,328,257.42869158273714,internal,False,1841,1841
331,76,255,122,328,239.02156917643484,internal,False,1841,1841
332,76,282,130,276,159.0067857494852,internal,False,1841,1841
333,77,78,129,192,106.06601717798213,internal,True,1841,1841
334,77,230,192,311,200.2504297029492,internal,False,1841,1841
335,77,231,154,311,257.42869158273714,internal,False,1841,1841
336,77,282,129,276,152.3736742235028,internal,False,1841,1841
337,78,79,205,471,106.06601717798213,internal,True,1841,1841
338,78,230,192,471,129.53865736026563,internal,False,1841,1841
339,78,253,205,348,198.0732501767023,internal,False,1841,1841
340,78,282,129,348,208.93136499424313,internal,False,1841,1841
341,79,80,441,442,75.0,internal,True,1701,1701
342,79,230,441,471,126.33405283289541,geology_interface,False,1701,1841
343,79,232,371,442,130.91902988658222,internal,False,1701,1701
344,79,253,205,371,177.7247499637458,geology_interface,False,1841,1701
345,80,81,307,472,106.06601717798213,internal,True,1701,1701
346,80,230,441,489,120.23731958826387,internal,False,1701,1701
347,80,232,442,472,121.62739203089149,internal,False,1701,1701
348,80,287,307,489,115.88386476983501,internal,False,1701,1701
349,81,82,193,194,106.06601717798213,internal,True,1701,1701
350,81,223,193,369,177.75582785675735,internal,False,1701,1701
351,81,232,194,472,106.65141647032816,internal,False,1701,1701
352,81,287,307,369,109.63366376523058,internal,False,1701,1701
353,82,83,473,474,106.06601717798213,internal,True,1701,1701
354,82,222,389,473,120.92896621489265,internal,False,1701,1701
355,82,223,193,474,118.8253161815329,internal,False,1701,1701
356,82,232,194,389,174.51597857508236,internal,False,1701,1701
357,83,222,429,473,125.67037467616049,internal,False,1701,1701
358,83,223,430,474,138.35381163611424,internal,False,1701,1701
359,84,85,168,195,106.06601717798213,internal,True,801,801
360,84,207,213,357,259.63804235293094,internal,False,801,801
361,84,233,155,195,181.69679711469945,internal,False,801,801
362,84,251,213,301,256.49226833338207,internal,False,801,801
363,84,260,155,301,239.43085657471767,internal,False,801,801
364,84,289,168,357,206.54346614319275,internal,False,801,801
365,85,86,334,475,106.06601717798213,internal,True,801,801
366,85,233,195,475,119.11160925082966,internal,False,801,801
367,85,289,168,334,139.77934664264347,internal,False,801,801
368,86,87,443,444,75.0,internal,True,801,801
369,86,233,443,475,133.64664168958532,internal,False,801,801
370,86,234,444,496,132.89861470070753,internal,False,801,801
371,86,289,334,496,137.5366427147484,internal,False,801,801
372,87,88,270,476,106.06601717798213,internal,True,801,801
373,87,233,417,443,137.4624837544617,internal,False,801,801
374,87,234,444,476,125.70013702010344,internal,False,801,801
375,87,279,270,417,156.35317018508826,internal,False,801,801
376,88,89,142,196,106.06601717798213,internal,True,801,801
377,88,234,196,476,111.07835797829065,internal,False,801,801
378,88,279,142,270,151.31643213477562,internal,False,801,801
379,89,90,286,300,106.06601717798213,internal,True,801,801
380,89,234,196,362,177.1335055133099,internal,False,801,801
381,89,275,286,362,191.46796027051872,internal,False,801,801
382,89,279,142,354,209.39677992048766,internal,False,801,801
383,89,283,300,354,155.92877718994976,internal,False,801,801
384,90,91,136,143,106.06601717798213,internal,True,801,801
385,90,275,136,286,182.73657252733258,internal,False,801,801
386,90,283,143,300,147.79163683578633,internal,False,801,801
387,91,92,164,197,106.06601717798213,internal,True,801,801
388,91,198,240,252,310.2727474742376,internal,False,801,801
389,91,211,288,292,288.5125378170968,internal,False,801,801
390,91,235,197,240,191.21323175972944,internal,False,801,801
391,91,270,164,292,178.12870794812335,internal,False,801,801
392,91,275,136,252,229.40211434928239,internal,False,801,801
393,91,283,143,288,204.62392890678478,internal,False,801,801
394,92,93,316,477,106.06601717798213,internal,True,801,801
395,92,235,197,477,118.58541225631423,internal,False,801,801
396,92,270,164,316,109.5029929997684,internal,False,801,801
397,93,94,144,445,75.0,internal,True,1701,1701
398,93,192,144,490,171.84242756570188,internal,False,1701,1701
399,93,235,445,477,118.58541225631423,geology_interface,False,1701,801
400,93,270,316,490,121.45770604019668,geology_interface,False,801,1701
401,94,95,137,150,106.06601717798213,internal,True,1701,1701
402,94,192,137,144,193.33509605705467,internal,False,1701,1701
403,94,235,358,445,118.58541225631423,internal,False,1701,1701
404,94,247,150,358,199.21233858680307,internal,False,1701,1701
405,95,96,145,263,75.0,internal,True,1701,1701
406,95,192,137,145,190.84503324497615,internal,False,1701,1701
407,95,204,203,263,156.84586483368145,internal,False,1701,1701
408,95,247,150,203,185.24152147096953,internal,False,1701,1701
409,96,97,226,446,75.0,internal,True,1701,1701
410,96,192,145,226,166.18229329698303,internal,False,1701,1701
411,96,204,263,446,131.33202701480866,internal,False,1701,1701
412,97,98,399,400,106.06601717798213,internal,True,1701,1701
413,97,192,226,406,173.38189783426913,internal,False,1701,1701
414,97,204,399,446,145.41518945492382,internal,False,1701,1701
415,97,205,400,406,141.1776161235434,internal,False,1701,1701
416,98,99,206,447,75.0,internal,True,1701,1701
417,98,204,399,486,149.31222609314332,internal,False,1701,1701
418,98,205,400,447,125.60493757771474,internal,False,1701,1701
419,98,250,206,486,181.84243204856722,internal,False,1701,1701
420,99,100,231,533,106.06601717798213,internal,True,1701,1701
421,99,205,447,513,110.03631238204943,internal,False,1701,1701
422,99,250,206,231,172.94255569889484,internal,False,1701,1701
423,99,269,513,533,83.94096398527738,internal,False,1701,1701
424,100,101,478,534,106.06601717798213,internal,True,1701,1701
425,100,236,175,478,125.53870596348865,internal,False,1701,1701
426,100,250,175,231,133.4271953708772,internal,False,1701,1701
427,100,269,533,534,103.56697430698507,internal,False,1701,1701
428,101,102,448,449,75.0,internal,True,1701,1701
429,101,236,448,478,149.2276625375539,internal,False,1701,1701
430,101,237,449,514,113.06759914919985,internal,False,1701,1701
431,101,269,514,534,76.54249547927998,internal,False,1701,1701
432,102,103,162,479,106.06601717798213,internal,True,1701,1701
433,102,236,308,448,153.85278996729528,internal,False,1701,1701
434,102,237,449,479,116.12304993907638,internal,False,1701,1701
435,102,238,162,291,172.99075332791463,internal,False,1701,1701
436,102,286,291,308,220.07772784984888,internal,False,1701,1701
437,103,104,163,480,106.06601717798213,internal,True,1701,1701
438,103,237,163,479,121.78030060306526,internal,False,1701,1701
439,103,238,162,480,102.01932951220024,internal,False,1701,1701
440,104,105,209,450,75.0,internal,True,1701,1701
441,104,184,170,210,353.77429245212267,internal,False,1701,1701
442,104,186,210,248,336.04672679060195,internal,False,1701,1701
443,104,237,163,170,196.6629616953651,internal,False,1701,1701
444,104,238,450,480,115.71554109659766,internal,False,1701,1701
445,104,285,209,248,168.93221495840362,internal,False,1701,1701
446,105,106,264,323,75.0,internal,True,1701,1701
447,105,206,264,515,159.0990257669732,internal,False,1701,1701
448,105,238,450,515,127.00849530581206,internal,False,1701,1701
449,105,285,209,323,126.80101879044855,internal,False,1701,1701
450,106,107,265,451,75.0,internal,True,1701,1701
451,106,202,265,502,159.0990257669732,internal,False,1701,1701
452,106,206,264,451,118.58541225631423,internal,False,1701,1701
453,106,285,323,502,121.93811332737228,internal,False,1701,1701
454,107,108,401,493,106.06601717798213,internal,True,1701,1701
455,107,202,265,554,118.58541225631423,internal,False,1701,1701
456,107,206,401,451,118.58541225631423,internal,False,1701,1701
457,107,246,554,555,89.24926369668289,internal,False,1701,1701
458,107,295,493,555,94.44113217717477,internal,False,1701,1701
459,108,203,437,516,113.07427329259569,internal,False,1701,1701
460,108,206,401,516,118.58541225631423,internal,False,1701,1701
461,108,295,493,557,54.311506071732026,internal,False,1701,1701
462,109,110,8,,1631.25,boundary,False,1841,
463,109,154,8,11,2141.3248425940396,internal,False,1841,1841
464,109,157,11,22,1867.7829638050632,internal,False,1841,1841
465,109,177,22,60,1263.992002051437,geology_interface,False,1841,2021
466,110,111,20,,1631.25,boundary,False,1701,
467,110,154,8,62,1422.8913481248003,geology_interface,False,1841,1701
468,110,175,20,62,990.0972310280741,internal,False,1701,1701
469,111,165,24,28,701.0226101683165,internal,False,801,801
470,111,175,20,110,1521.0493209326949,geology_interface,False,1701,801
471,112,113,112,,1931.25,boundary,False,1701,
472,112,121,109,112,1689.252246107929,internal,False,1701,1701
473,112,155,15,113,1128.9059818271842,internal,False,1701,1701
474,112,174,106,113,1253.8905284776795,internal,False,1701,1701
475,113,114,105,,1931.25,boundary,False,801,
476,113,121,108,112,1245.3753425708583,geology_interface,False,801,1701
477,113,159,57,105,836.7818469336337,internal,False,801,801
478,114,158,2,65,1071.4902913335077,geology_interface,False,901,801
479,114,159,65,105,1490.2075784659326,internal,False,801,801
480,115,116,32,,1631.25,boundary,False,2021,
481,115,153,27,49,1690.8944946621698,geology_interface,False,2021,901
482,115,158,1,27,2104.217637269765,internal,False,2021,2021
483,115,163,32,49,1863.2404423894425,geology_interface,False,2021,901
484,116,117,21,,1631.25,boundary,False,1621,
485,116,160,21,78,1260.2760377395168,geology_interface,False,1621,1701
486,116,163,32,78,972.01421607168,geology_interface,False,2021,1701
487,117,141,44,111,1103.0302285365408,internal,False,1701,1701
488,117,160,21,44,700.6008977043721,geology_interface,False,1621,1701
489,117,176,0,26,1291.6907239578725,internal,False,1701,1701
490,118,119,3,,1931.25,boundary,False,1841,
491,118,162,47,104,627.0803686667076,internal,False,1701,1701
492,118,164,3,10,1358.073698396647,geology_interface,False,1841,1701
493,119,120,34,,1931.25,boundary,False,2021,
494,119,161,34,90,1184.057575549285,geology_interface,False,2021,1841
495,119,164,3,90,1347.1335703987068,internal,False,1841,1841
496,120,157,41,71,1633.2837489293577,geology_interface,False,1841,2021
497,120,161,34,41,2009.6576531077462,geology_interface,False,2021,1841
498,120,177,39,71,1263.992002051437,internal,False,2021,2021
499,121,204,165,251,333.30687196518574,internal,False,1701,1701
500,121,247,165,179,444.35849941212405,internal,False,1701,1701
501,121,250,204,251,269.2544452529224,internal,False,1701,1701
502,122,123,91,233,349.5970508379089,internal,False,801,801
503,122,171,16,91,313.8407737599861,internal,False,801,801
504,122,197,233,293,376.8534986239466,internal,False,801,801
505,122,198,239,299,295.1770486484846,geology_interface,False,1701,801
506,122,275,293,299,371.2286549021966,internal,False,801,801
507,123,169,59,98,251.44684749101106,internal,False,801,801
508,123,171,91,98,313.84077375958145,internal,False,801,801
509,123,197,233,315,239.00010058219706,internal,False,801,801
510,123,207,247,315,328.91522749717166,internal,False,801,801
511,124,125,53,271,290.59732376891856,internal,False,801,801
512,124,169,58,76,258.8635757038614,internal,False,801,801
513,124,172,53,76,293.2679242219421,internal,False,801,801
514,124,249,271,342,299.7686155903243,internal,False,801,801
515,124,252,245,342,345.799084076111,internal,False,801,801
516,125,172,53,75,372.0571126388155,internal,False,801,801
517,125,174,54,75,682.2421430427901,internal,False,801,801
518,125,249,271,349,306.4128131386353,internal,False,801,801
519,125,291,333,349,244.3432226626314,internal,False,801,801
520,126,127,116,121,414.4433653510459,internal,False,801,801
521,126,165,56,81,562.334779691925,internal,False,801,801
522,126,291,121,331,225.9292867088636,internal,False,801,801
523,127,128,37,284,316.6442831383179,internal,False,801,801
524,127,175,37,67,679.6633701302266,internal,False,801,801
525,127,249,215,284,349.28226491934015,internal,False,801,801
526,127,291,121,215,360.33095445075617,internal,False,801,801
527,128,154,33,87,921.4245844899818,internal,False,1701,1701
528,128,175,37,87,813.922294071166,geology_interface,False,801,1701
529,128,249,284,363,343.3034546635093,internal,False,801,801
530,128,252,289,363,369.8876077301999,internal,False,801,801
531,129,130,13,207,458.6270306100982,geology_interface,False,1701,801
532,129,154,13,35,921.424584489706,internal,False,1701,1701
533,129,251,313,412,318.1641688889828,internal,False,801,801
534,129,260,207,412,314.91188391213933,internal,False,801,801
535,130,131,48,171,623.4500625084914,geology_interface,False,1701,801
536,130,154,13,82,1102.2270719802318,internal,False,1701,1701
537,130,170,48,82,811.4890699271175,internal,False,1701,1701
538,130,183,200,255,512.6700622535303,internal,False,801,801
539,130,259,171,200,661.7983516446877,internal,False,801,801
540,130,260,207,255,474.07471570099307,internal,False,801,801
541,131,132,12,573,571.8760439500417,internal,False,1701,1701
542,131,168,12,74,1021.4795767822861,internal,False,1701,1701
543,131,170,48,74,728.5109772177378,internal,False,1701,1701
544,131,210,132,249,579.9259443268745,geology_interface,False,1841,801
545,131,240,132,573,642.8380081448719,geology_interface,False,1841,1701
546,131,259,171,249,622.57052490965,internal,False,801,801
547,132,133,51,139,445.51227823370795,internal,False,1701,1701
548,132,168,12,51,737.4241684379447,internal,False,1701,1701
549,132,240,266,573,220.04914013277727,internal,False,1701,1701
550,132,256,139,266,392.7683843066212,internal,False,1701,1701
551,133,134,17,127,439.2072584498466,internal,False,1701,1701
552,133,168,17,51,779.6322451264081,internal,False,1701,1701
553,133,227,127,329,272.2460332696791,internal,False,1701,1701
554,133,256,139,329,193.647808413973,internal,False,1701,1701
555,134,135,14,201,559.2123808929265,internal,False,1701,1701
556,134,161,14,73,1184.057575548576,internal,False,1701,1701
557,134,168,17,73,1029.3335286791387,internal,False,1701,1701
558,134,227,127,339,313.6402601501386,internal,False,1701,1701
559,134,241,153,201,460.44727295888646,internal,False,1701,1701
560,134,294,153,339,270.14581871162426,internal,False,1701,1701
561,135,136,5,234,619.7378054155766,internal,False,1701,1701
562,135,161,14,64,1184.057575549338,internal,False,1701,1701
563,135,164,5,64,962.4275198069951,internal,False,1701,1701
564,135,241,201,283,447.74011997231213,internal,False,1701,1701
565,135,280,234,283,434.52898786568227,internal,False,1701,1701
566,136,137,38,294,457.5438275729619,internal,False,1701,1701
567,136,164,5,38,554.6299161641723,internal,False,1701,1701
568,136,263,294,351,530.5959708002679,internal,False,1701,1701
569,136,280,234,351,446.99473320869913,internal,False,1701,1701
570,137,164,7,38,586.3236541734234,internal,False,1701,1701
571,137,245,258,365,337.04535865464044,internal,False,1701,1701
572,137,263,294,365,532.1585332368774,internal,False,1701,1701
573,138,139,72,314,275.5080235825821,internal,False,1701,1701
574,138,162,46,72,627.0803686659929,internal,False,1701,1701
575,138,245,256,368,324.3223655533139,internal,False,1701,1701
576,138,281,314,368,256.92776788800114,internal,False,1701,1701
577,139,140,63,302,275.50802358227213,geology_interface,False,1701,1841
578,139,162,72,95,627.0803686668029,internal,False,1701,1701
579,139,176,63,95,668.4756621798994,internal,False,1701,1701
580,139,277,302,404,260.70619466764504,geology_interface,False,1841,1701
581,139,281,314,404,234.43578994846342,internal,False,1701,1701
582,140,176,63,84,508.9926069879022,internal,False,1701,1701
583,140,277,302,377,258.4599645896147,internal,False,1841,1841
584,140,288,340,377,209.9062503394737,internal,False,1841,1841
585,141,142,42,306,290.3094294907548,geology_interface,False,1701,1841
586,141,160,42,44,812.0349423301831,internal,False,1701,1701
587,141,276,306,367,278.19558320644524,internal,False,1841,1841
588,141,288,327,367,219.27469307990322,internal,False,1841,1841
589,142,143,68,305,290.3094294880127,internal,False,1701,1701
590,142,160,42,68,700.6008977037651,internal,False,1701,1701
591,142,272,305,382,321.5985926512048,geology_interface,False,1701,1841
592,142,276,306,382,306.6917041823953,internal,False,1841,1841
593,143,160,43,68,700.6008977041731,internal,False,1701,1701
594,143,239,304,379,350.98436079287427,internal,False,1701,1701
595,143,272,305,379,348.9865428732059,internal,False,1701,1701
596,144,163,23,80,989.0736458497264,internal,False,1701,1701
597,144,173,9,80,876.4239914421303,internal,False,1701,1701
598,144,239,237,319,320.98441185649733,internal,False,1701,1701
599,144,254,118,319,232.4742097111258,internal,False,1701,1701
600,145,146,61,565,304.96958303845463,internal,False,1701,1701
601,145,173,29,61,420.2049924904082,internal,False,1701,1701
602,145,209,499,561,192.4482417402178,internal,False,1701,1701
603,145,264,337,499,113.02940281012185,internal,False,1701,1701
604,146,147,31,566,316.9197347646178,internal,False,1701,1701
605,146,173,31,61,471.36966969563707,internal,False,1701,1701
606,146,219,317,566,185.55827818762407,internal,False,1701,1701
607,147,148,66,567,347.19597437559247,internal,False,1701,1701
608,147,156,66,83,610.2773655267215,internal,False,1701,1701
609,147,173,31,83,683.1419969621026,internal,False,1701,1701
610,147,199,225,528,176.21023203294294,internal,False,1701,1701
611,147,219,544,566,180.77298810046577,internal,False,1701,1701
612,147,261,225,567,276.25282060500626,internal,False,1701,1701
613,147,271,528,544,112.67378167817334,internal,False,1701,1701
614,148,156,66,85,547.7379719802803,internal,False,1701,1701
615,148,167,52,85,286.4879537909188,internal,False,1701,1701
616,148,244,151,562,259.86489076624684,internal,False,1701,1701
617,148,261,257,567,144.34150652027674,internal,False,1701,1701
618,149,167,69,101,248.20562384570806,internal,False,1701,1701
619,149,178,97,101,298.6777582754682,internal,False,1701,1701
620,149,193,181,285,318.4736740891121,internal,False,1701,1701
621,149,196,281,285,215.98245433563812,internal,False,1701,1701
622,150,151,19,216,315.93064397658884,internal,False,1701,1701
623,150,166,19,50,547.984745668937,internal,False,1701,1701
624,150,191,184,220,398.6151288563745,internal,False,1701,1701
625,150,193,149,235,440.3008430216233,internal,False,1701,1701
626,150,243,216,220,335.48669994736775,internal,False,1701,1701
627,150,262,184,235,435.81607714334643,internal,False,1701,1701
628,151,158,4,77,1071.490291333367,internal,False,1701,1701
629,151,166,19,77,748.7034979934849,internal,False,1701,1701
630,151,243,216,550,192.58930164676164,internal,False,1701,1701
631,151,257,208,550,113.78954941178424,internal,False,1701,1701
632,152,159,30,55,589.9236718054597,internal,False,1701,1701
633,152,213,548,560,172.45757905097855,internal,False,1701,1701
634,152,284,418,548,106.39357495194578,internal,False,1701,1701
635,153,156,92,94,909.0273511806791,internal,False,1701,1701
636,153,158,27,88,1210.0940744355767,geology_interface,False,2021,1701
637,153,163,49,100,1198.7172351639242,geology_interface,False,901,1701
638,153,166,88,92,935.3001656773574,internal,False,1701,1701
639,153,173,94,100,1086.79733279402,internal,False,1701,1701
640,154,157,11,36,1660.5003580405084,internal,False,1841,1841
641,154,170,36,82,1062.9334702206525,geology_interface,False,1841,1701
642,154,175,62,87,679.663370131056,internal,False,1701,1701
643,155,171,70,102,349.2109185979227,internal,False,801,801
644,155,172,93,102,469.92788159400556,internal,False,801,801
645,155,174,93,113,698.8065677061993,geology_interface,False,801,1701
646,156,166,92,99,640.4078547796247,internal,False,1701,1701
647,156,167,85,103,421.2615355910924,internal,False,1701,1701
648,156,173,83,94,832.3612122413762,internal,False,1701,1701
649,156,178,99,103,379.6934196184517,internal,False,1701,1701
650,157,161,41,79,1778.39102400733,internal,False,1841,1841
651,157,168,79,96,1295.8688397979176,internal,False,1841,1841
652,157,170,36,96,1205.7266703078487,internal,False,1841,1841
653,157,177,22,71,1216.7328058980663,geology_interface,False,1841,2021
654,158,159,18,65,1343.2431921137593,geology_interface,False,2021,801
655,158,166,77,88,906.3343799720559,internal,False,1701,1701
656,160,163,45,78,1278.7587751380227,internal,False,1701,1701
657,161,164,64,90,1257.3695374048302,geology_interface,False,1701,1841
658,161,168,73,79,1100.396504495839,geology_interface,False,1701,1841
659,162,176,25,95,633.1407601181959,internal,False,1701,1701
660,163,173,80,100,1033.2122280145618,internal,False,1701,1701
661,165,174,6,107,740.0336391502542,internal,False,801,801
662,166,178,86,99,492.90956679590784,internal,False,1701,1701
663,167,178,101,103,286.5034484825859,internal,False,1701,1701
664,168,170,74,96,932.319787033319,geology_interface,False,1701,1841
665,169,171,89,98,324.82836108355764,internal,False,801,801
666,169,172,76,89,230.64259826966705,internal,False,801,801
667,171,172,89,102,377.9630969725665,internal,False,801,801
668,172,174,75,93,681.6998291081208,internal,False,801,801
669,179,180,182,212,537.8435131059156,geology_interface,False,801,1701
670,179,184,366,405,479.3385390098801,internal,False,1701,1701
671,179,186,352,366,476.4884991764837,internal,False,1701,1701
672,179,211,238,405,398.8262796104386,geology_interface,False,801,1701
673,179,212,125,238,416.5256697321641,internal,False,801,801
674,179,259,125,182,590.288736207148,internal,False,801,801
675,179,274,212,352,435.31115110758844,internal,False,1701,1701
676,180,188,298,356,364.20865574025163,geology_interface,False,1701,1841
677,180,210,336,375,512.727513608037,geology_interface,False,801,1841
678,180,231,356,375,427.3569866895377,internal,False,1841,1841
679,180,259,182,336,579.7635801740995,internal,False,801,801
680,180,274,212,223,463.7111045302896,internal,False,1701,1701
681,180,278,223,298,414.3680830608706,internal,False,1701,1701
682,181,185,250,332,393.4059125650974,internal,False,1841,1841
683,181,187,229,485,359.1762867760592,internal,False,1701,1701
684,181,208,275,295,495.2115368572855,internal,False,1841,1841
685,181,220,211,229,455.7768924934309,internal,False,1701,1701
686,181,241,275,384,495.7852135159849,internal,False,1841,1841
687,181,242,295,485,416.4192889297472,geology_interface,False,1841,1701
688,181,248,211,250,447.0013012524694,geology_interface,False,1701,1841
689,181,266,326,332,427.25430019768584,internal,False,1841,1841
690,181,293,326,384,361.3252753022482,internal,False,1841,1841
691,182,189,232,312,364.1222417928224,internal,False,1841,1841
692,182,208,364,415,421.60918793762073,internal,False,1841,1841
693,182,216,312,390,314.1103211973111,internal,False,1841,1841
694,182,263,232,345,462.424777406814,internal,False,1841,1841
695,182,267,390,415,351.925214494673,internal,False,1841,1841
696,182,280,345,364,409.15755615229784,internal,False,1841,1841
697,183,212,202,402,361.4526521013117,internal,False,801,801
698,183,233,344,374,301.0451239476965,internal,False,801,801
699,183,259,200,202,483.5301661839776,internal,False,801,801
700,183,260,255,344,308.8604307346847,internal,False,801,801
701,183,279,374,402,330.3283055397346,internal,False,801,801
702,184,186,210,366,310.63209610197924,internal,False,1701,1701
703,184,192,325,498,295.41323273527973,internal,False,1701,1701
704,184,205,495,498,244.6318022306447,internal,False,1701,1701
705,184,211,325,405,404.3878319858491,internal,False,1701,1701
706,184,237,170,495,253.39286266332135,internal,False,1701,1701
707,185,194,517,527,288.5429408272482,internal,False,1841,1841
708,185,248,250,273,367.73840107973564,geology_interface,False,1841,1701
709,185,253,273,523,270.8591750456874,geology_interface,False,1701,1841
710,185,266,332,517,265.6850042530072,internal,False,1841,1841
711,185,282,523,527,238.16175611957718,internal,False,1841,1841
712,186,201,536,539,298.0656421891584,internal,False,1701,1701
713,186,273,272,536,205.45325565211363,internal,False,1701,1701
714,186,274,272,352,364.00814024577954,internal,False,1701,1701
715,186,285,248,539,261.9221307346914,internal,False,1701,1701
716,187,218,320,552,185.44356852803017,internal,False,1701,1701
717,187,220,180,229,283.86307025012394,internal,False,1701,1701
718,187,242,485,545,280.18918400529105,internal,False,1701,1701
719,187,290,545,552,207.66758249016772,internal,False,1701,1701
720,188,223,236,411,277.0339401229339,internal,False,1701,1701
721,188,230,318,321,298.4120654984848,geology_interface,False,1841,1701
722,188,231,318,356,389.93689393285166,internal,False,1841,1841
723,188,278,253,298,180.33172557816886,internal,False,1701,1701
724,188,287,321,411,218.9628230793121,internal,False,1701,1701
725,189,214,274,287,182.37041748914086,internal,False,1841,1841
726,189,216,115,312,336.3138286767915,internal,False,1841,1841
727,189,263,167,232,454.0693127614982,internal,False,1841,1841
728,189,292,167,278,294.8061756335539,internal,False,1841,1841
729,190,221,521,538,166.33909306225337,internal,False,1701,1701
730,190,222,521,522,211.32233883575893,internal,False,1701,1701
731,190,232,522,537,165.970088217187,internal,False,1701,1701
732,190,248,482,538,216.49259877693143,internal,False,1701,1701
733,190,253,482,537,183.054716007227,internal,False,1701,1701
734,191,243,220,282,237.98915382037586,internal,False,1701,1701
735,191,262,184,330,210.24424833829437,internal,False,1701,1701
736,192,205,406,498,231.15917046117832,internal,False,1701,1701
737,192,211,325,341,299.44999764792436,geology_interface,False,1701,801
738,192,270,341,490,179.08941699888558,geology_interface,False,801,1701
739,193,196,285,491,268.8995779538176,internal,False,1701,1701
740,193,200,500,504,299.7167147977801,internal,False,1701,1701
741,193,262,235,504,289.3005001318608,internal,False,1701,1701
742,193,265,491,500,264.67319006614883,internal,False,1701,1701
743,194,228,497,543,162.72712356976717,internal,False,1841,1841
744,194,229,410,543,175.49786164165474,internal,False,1841,1841
745,194,266,497,517,251.76154563429625,internal,False,1841,1841
746,194,282,346,527,207.38833097903918,internal,False,1841,1841
747,195,245,242,268,415.52340207482285,geology_interface,False,1841,1701
748,195,263,221,242,501.2682085447885,internal,False,1841,1841
749,195,272,452,494,415.88504640008733,internal,False,1841,1841
750,195,276,494,509,384.4807782473758,internal,False,1841,1841
751,195,277,492,509,333.5190312052958,internal,False,1841,1841
752,195,281,268,492,303.86613926793785,geology_interface,False,1701,1841
753,195,292,221,452,374.133588069021,internal,False,1841,1841
754,196,224,530,535,204.74658111903554,internal,False,1701,1701
755,196,258,403,530,217.70333147868547,internal,False,1701,1701
756,196,265,491,535,233.65301960923708,internal,False,1701,1701
757,197,207,315,355,283.29915595362564,internal,False,801,801
758,197,234,524,540,205.42870058025844,internal,False,801,801
759,197,275,293,540,255.6412275614994,internal,False,801,801
760,197,289,355,524,208.91669560091876,internal,False,801,801
761,198,235,240,525,199.16377554727086,geology_interface,False,801,1701
762,198,247,360,525,254.29601259806455,internal,False,1701,1701
763,198,275,252,299,266.47893704268535,internal,False,801,801
764,199,261,225,510,159.06688194197605,internal,False,1701,1701
765,199,271,520,528,142.64233883189033,internal,False,1701,1701
766,200,262,391,504,209.8477500465281,internal,False,1701,1701
767,200,265,414,500,197.2976575524076,internal,False,1701,1701
768,201,202,512,547,150.0,internal,False,1701,1701
769,201,273,484,536,196.15753374876834,internal,False,1701,1701
770,201,285,539,547,202.31237561862417,internal,False,1701,1701
771,202,246,553,554,90.84283607571585,internal,False,1701,1701
772,202,285,502,547,142.05579216127452,internal,False,1701,1701
773,203,206,409,516,167.4762846194193,internal,False,1701,1701
774,203,213,503,519,165.14731224112217,internal,False,1701,1701
775,204,247,165,203,236.55049853753118,internal,False,1701,1701
776,204,250,251,486,228.81303368139834,internal,False,1701,1701
777,205,237,495,518,195.87695273681734,internal,False,1701,1701
778,205,269,513,518,122.42444840920066,internal,False,1701,1701
779,206,238,481,515,168.2814840670582,internal,False,1701,1701
780,206,286,359,481,255.9446315608621,internal,False,1701,1701
781,207,251,213,246,318.0931179868941,internal,False,801,801
782,207,252,219,246,359.44542388046807,internal,False,801,801
783,207,289,355,357,174.70379737384792,internal,False,801,801
784,208,241,241,275,428.2177783843024,internal,False,1841,1841
785,208,242,295,380,332.50510848851314,internal,False,1841,1841
786,208,267,380,415,326.17278021148536,internal,False,1841,1841
787,208,280,241,364,458.8803244560595,internal,False,1841,1841
788,209,217,361,488,153.99525605000406,internal,False,1701,1701
789,209,264,386,499,137.1668470547765,internal,False,1701,1701
790,210,231,375,383,364.63474964576375,internal,False,1841,1841
791,210,240,132,353,382.28422649954035,internal,False,1841,1841
792,210,255,353,383,282.7322663029279,internal,False,1841,1841
793,210,259,249,336,603.133094843477,internal,False,801,801
794,211,212,238,487,359.675853709669,internal,False,801,801
795,211,270,292,341,197.60719831026492,internal,False,801,801
796,211,283,288,487,252.91934065132546,internal,False,801,801
797,212,259,125,202,466.20674907167944,internal,False,801,801
798,212,279,402,549,297.8917941344981,internal,False,801,801
799,212,283,487,549,307.5049770295475,internal,False,801,801
800,213,284,542,548,113.03195596023626,internal,False,1701,1701
801,215,254,214,230,231.44358093034353,internal,False,1701,1701
802,216,267,390,392,221.33566921382078,internal,False,1841,1841
803,218,290,505,552,173.93640597278912,internal,False,1701,1701
804,219,271,544,551,118.25123435089401,internal,False,1701,1701
805,220,248,211,372,223.78063570657153,internal,False,1701,1701
806,221,222,387,521,190.69991532321706,internal,False,1701,1701
807,221,248,370,538,237.0214892352486,internal,False,1701,1701
808,222,232,389,522,190.829910219292,internal,False,1701,1701
809,223,287,369,411,182.49771801780847,internal,False,1701,1701
810,224,258,376,530,229.28822765867736,internal,False,1701,1701
811,224,265,507,535,187.83821571691612,internal,False,1701,1701
812,224,268,507,511,133.108895192956,internal,False,1701,1701
813,225,274,131,243,225.06113718172594,internal,False,1701,1701
814,225,278,131,416,198.87378220871648,internal,False,1701,1701
815,226,273,381,483,155.2552828291919,internal,False,1701,1701
816,226,274,244,381,226.05813931734008,internal,False,1701,1701
817,227,256,198,329,284.5898444853728,geology_interface,False,1841,1701
818,227,294,290,339,237.42642857274595,geology_interface,False,1841,1701
819,228,229,388,543,198.38249514951812,internal,False,1841,1841
820,228,266,385,497,228.48556570598933,internal,False,1841,1841
821,230,231,311,318,254.99824034854421,internal,False,1841,1841
822,230,287,321,489,165.83193312300503,internal,False,1701,1701
823,231,255,328,383,246.24365233619307,internal,False,1841,1841
824,232,253,371,537,190.36235458390934,internal,False,1701,1701
825,233,260,155,344,300.017292193386,internal,False,801,801
826,233,279,374,417,201.86699582401667,internal,False,801,801
827,234,275,362,540,223.7964857329899,internal,False,801,801
828,234,289,496,524,188.60336632529746,internal,False,801,801
829,235,247,358,525,225.70441432617017,internal,False,1701,1701
830,236,250,175,183,196.28249554283357,internal,False,1701,1701
831,236,286,308,309,208.9392729566337,internal,False,1701,1701
832,237,269,514,518,130.92967792770108,internal,False,1701,1701
833,238,286,291,481,184.90652592041292,internal,False,1701,1701
834,239,254,199,319,312.99232520650605,internal,False,1701,1701
835,239,272,310,379,344.47799594520325,geology_interface,False,1841,1701
836,239,292,128,310,376.21445913185306,internal,False,1841,1841
837,240,255,178,353,323.84427893104413,internal,False,1841,1841
838,240,256,156,266,324.2008783117184,geology_interface,False,1841,1701
839,241,280,241,283,572.0104016687321,geology_interface,False,1841,1701
840,241,293,384,529,285.0338021329458,internal,False,1841,1841
841,241,294,153,529,324.56721020615674,geology_interface,False,1701,1841
842,242,267,172,380,275.323045804231,geology_interface,False,1701,1841
843,242,290,373,545,193.46026231783316,internal,False,1701,1701
844,243,257,541,550,137.92091580322506,internal,False,1701,1701
845,244,258,350,501,210.90007342863223,internal,False,1701,1701
846,245,263,242,365,451.434746387652,geology_interface,False,1841,1701
847,245,281,268,368,304.9650743228247,internal,False,1701,1701
848,246,295,555,558,57.62668712287968,internal,False,1701,1701
849,248,253,273,482,307.51833600482126,internal,False,1701,1701
850,249,252,342,363,363.52098012479314,internal,False,801,801
851,249,291,215,349,245.43257849494796,internal,False,801,801
852,251,252,246,279,339.4345573890341,internal,False,801,801
853,251,260,301,412,302.08830111250006,internal,False,801,801
854,253,282,348,523,240.4268509397695,internal,False,1841,1841
855,263,280,345,351,570.4453909990551,geology_interface,False,1841,1701
856,263,292,167,221,505.7238337355447,internal,False,1841,1841
857,265,268,407,507,119.0258136258461,internal,False,1701,1701
858,266,293,326,335,244.90976601354365,internal,False,1841,1841
859,272,276,382,494,291.4048105592084,internal,False,1841,1841
860,272,292,310,452,338.1750935370177,internal,False,1841,1841
861,273,274,272,381,277.96600038760886,internal,False,1701,1701
862,274,278,131,223,374.93270556395504,internal,False,1701,1701
863,276,277,413,509,282.60336322749123,internal,False,1841,1841
864,276,288,367,413,253.34415805014868,internal,False,1841,1841
865,277,281,404,492,258.1450004430367,geology_interface,False,1701,1841
866,277,288,377,413,249.45883667844083,internal,False,1841,1841
867,279,283,354,549,216.49015770127605,internal,False,801,801
868,293,294,347,529,200.68428123959234,internal,False,1841,1841
