comparison_id,variant_id,reference_variant,variable,time_index,time_label,value,reference_value,signed_error,absolute_error,relative_error
example12_mf6_vs_nwt_different_meshes_demonstrative,nwt_demo_structured,mf6_demo_triangular,accumulation_flux,0,0,0.054775629192590714,0.0185686525936205,0.03620697659897021,0.03620697659897021,1.9498978946598193
example12_mf6_vs_nwt_different_meshes_demonstrative,nwt_demo_structured,mf6_demo_triangular,intermit_areas,0,0,88.5,79.1025153920231,9.397484607976907,9.397484607976907,0.11880133724451161
example12_mf6_vs_nwt_different_meshes_demonstrative,nwt_demo_structured,mf6_demo_triangular,outflow_drain,0,0,2.662338035542755e-08,2.6606915827266253e-08,1.64645281612969e-11,1.64645281612969e-11,0.0006188063384792751
example12_mf6_vs_nwt_different_meshes_demonstrative,nwt_demo_structured,mf6_demo_triangular,perenn_areas,0,0,6.222222222222222,20.897484607976896,-14.675262385754674,14.675262385754674,0.7022501827876881
example12_mf6_vs_nwt_different_meshes_demonstrative,nwt_demo_structured,mf6_demo_triangular,recharge,0,0,2.7199074074074075e-08,5.787037037037037e-08,-3.067129629629629e-08,3.067129629629629e-08,0.5299999999999999
example12_mf6_vs_nwt_different_meshes_demonstrative,nwt_demo_structured,mf6_demo_triangular,seepage_areas,0,0,93.05555555555556,100.0,-6.944444444444443,6.944444444444443,0.06944444444444443
example12_mf6_vs_nwt_different_meshes_demonstrative,nwt_demo_structured,mf6_demo_triangular,total_areas,0,0,94.72222222222221,100.0,-5.277777777777786,5.277777777777786,0.052777777777777854
example12_mf6_vs_nwt_different_meshes_demonstrative,nwt_demo_structured,mf6_demo_triangular,watertable_depth,0,0,0.02480418516133491,0.0,0.02480418516133491,0.02480418516133491,nan
example12_mf6_vs_nwt_different_meshes_demonstrative,nwt_demo_structured,mf6_demo_triangular,watertable_elevation,0,0,123.11595473607382,131.0995836867127,-7.983628950638874,7.983628950638874,0.06089743938254807
example12_mf6_vs_nwt_different_meshes_demonstrative,nwt_demo_structured,mf6_demo_triangular,accumulation_flux,1,1,0.11049557477235794,0.035080239512363956,0.07541533525999398,0.07541533525999398,2.1497953351605257
example12_mf6_vs_nwt_different_meshes_demonstrative,nwt_demo_structured,mf6_demo_triangular,intermit_areas,1,1,93.6388888888889,79.1025153920231,14.536373496865806,14.536373496865806,0.1837662610958095
example12_mf6_vs_nwt_different_meshes_demonstrative,nwt_demo_structured,mf6_demo_triangular,outflow_drain,1,1,5.3770535386425436e-08,5.2601966638695915e-08,1.168568747729521e-09,1.168568747729521e-09,0.022215305289933387
example12_mf6_vs_nwt_different_meshes_demonstrative,nwt_demo_structured,mf6_demo_triangular,perenn_areas,1,1,6.222222222222222,20.897484607976896,-14.675262385754674,14.675262385754674,0.7022501827876881
example12_mf6_vs_nwt_different_meshes_demonstrative,nwt_demo_structured,mf6_demo_triangular,recharge,1,1,5.5555555555555555e-08,5.5555555555555555e-08,0.0,0.0,0.0
example12_mf6_vs_nwt_different_meshes_demonstrative,nwt_demo_structured,mf6_demo_triangular,seepage_areas,1,1,99.83333333333333,99.72745220072528,0.10588113260804732,0.10588113260804732,0.0010617049796372647
example12_mf6_vs_nwt_different_meshes_demonstrative,nwt_demo_structured,mf6_demo_triangular,total_areas,1,1,99.86111111111111,100.0,-0.13888888888888573,0.13888888888888573,0.0013888888888888573
example12_mf6_vs_nwt_different_meshes_demonstrative,nwt_demo_structured,mf6_demo_triangular,watertable_depth,1,1,0.0033128505040807632,1.0468415497239751,-1.0435286992198944,1.0435286992198944,0.9968353849682846
example12_mf6_vs_nwt_different_meshes_demonstrative,nwt_demo_structured,mf6_demo_triangular,watertable_elevation,1,1,124.66164575576782,140.5622877478859,-15.900641992118082,15.900641992118082,0.11312167898574368
example12_mf6_vs_nwt_different_meshes_demonstrative,nwt_demo_structured,mf6_demo_triangular,accumulation_flux,2,2,0.10058441758155823,0.03325737879482253,0.0673270387867357,0.0673270387867357,2.0244240895261743
example12_mf6_vs_nwt_different_meshes_demonstrative,nwt_demo_structured,mf6_demo_triangular,intermit_areas,2,2,93.77777777777779,79.1025153920231,14.675262385754692,14.675262385754692,0.18552206984854724
example12_mf6_vs_nwt_different_meshes_demonstrative,nwt_demo_structured,mf6_demo_triangular,outflow_drain,2,2,4.831986168743263e-08,4.8602768144256805e-08,-2.829064568241779e-10,2.829064568241779e-10,0.005820788972029114
example12_mf6_vs_nwt_different_meshes_demonstrative,nwt_demo_structured,mf6_demo_triangular,perenn_areas,2,2,6.222222222222222,20.897484607976896,-14.675262385754674,14.675262385754674,0.7022501827876881
example12_mf6_vs_nwt_different_meshes_demonstrative,nwt_demo_structured,mf6_demo_triangular,recharge,2,2,4.861111111111111e-08,4.861111111111111e-08,0.0,0.0,0.0
example12_mf6_vs_nwt_different_meshes_demonstrative,nwt_demo_structured,mf6_demo_triangular,seepage_areas,2,2,100.0,99.98966510210754,0.010334897892462891,0.010334897892462891,0.0001033596610400594
example12_mf6_vs_nwt_different_meshes_demonstrative,nwt_demo_structured,mf6_demo_triangular,total_areas,2,2,100.0,100.0,0.0,0.0,0.0
example12_mf6_vs_nwt_different_meshes_demonstrative,nwt_demo_structured,mf6_demo_triangular,watertable_depth,2,2,0.0,1.0438970368086842,-1.0438970368086842,1.0438970368086842,1.0
example12_mf6_vs_nwt_different_meshes_demonstrative,nwt_demo_structured,mf6_demo_triangular,watertable_elevation,2,2,124.35892600165474,139.2033434729419,-14.844417471287159,14.844417471287159,0.1066383687412838
example12_mf6_vs_nwt_different_meshes_demonstrative,nwt_demo_structured,mf6_demo_triangular,accumulation_flux,3,3,0.07647399604320526,0.023863617817212076,0.05261037822599318,0.05261037822599318,2.2046270866794964
example12_mf6_vs_nwt_different_meshes_demonstrative,nwt_demo_structured,mf6_demo_triangular,intermit_areas,3,3,92.83333333333333,79.1025153920231,13.730817941310235,13.730817941310235,0.1735825703299302
example12_mf6_vs_nwt_different_meshes_demonstrative,nwt_demo_structured,mf6_demo_triangular,outflow_drain,3,3,3.6527624231767035e-08,3.555582687631723e-08,9.717973554498078e-10,9.717973554498078e-10,0.027331592057477806
example12_mf6_vs_nwt_different_meshes_demonstrative,nwt_demo_structured,mf6_demo_triangular,perenn_areas,3,3,6.222222222222222,20.897484607976896,-14.675262385754674,14.675262385754674,0.7022501827876881
example12_mf6_vs_nwt_different_meshes_demonstrative,nwt_demo_structured,mf6_demo_triangular,recharge,3,3,3.7037037037037036e-08,3.7037037037037036e-08,0.0,0.0,0.0
example12_mf6_vs_nwt_different_meshes_demonstrative,nwt_demo_structured,mf6_demo_triangular,seepage_areas,3,3,99.02777777777779,99.98966510210754,-0.9618873243297514,0.9618873243297514,0.009619867446775529
example12_mf6_vs_nwt_different_meshes_demonstrative,nwt_demo_structured,mf6_demo_triangular,total_areas,3,3,99.05555555555556,100.0,-0.9444444444444429,0.9444444444444429,0.009444444444444429
example12_mf6_vs_nwt_different_meshes_demonstrative,nwt_demo_structured,mf6_demo_triangular,watertable_depth,3,3,0.004752731295289618,1.0438970368086842,-1.0391443055133947,1.0391443055133947,0.9954471263661987
example12_mf6_vs_nwt_different_meshes_demonstrative,nwt_demo_structured,mf6_demo_triangular,watertable_elevation,3,3,123.69208826276991,134.26880250493988,-10.57671424216997,10.57671424216997,0.07877268617019834
example12_mf6_vs_nwt_different_meshes_demonstrative,nwt_demo_structured,mf6_demo_triangular,accumulation_flux,4,4,0.05360402539372444,0.01740872734381622,0.03619529804990822,0.03619529804990822,2.0791467024018386
example12_mf6_vs_nwt_different_meshes_demonstrative,nwt_demo_structured,mf6_demo_triangular,intermit_areas,4,4,87.30555555555556,79.1025153920231,8.203040163532464,8.203040163532464,0.10370138197096675
example12_mf6_vs_nwt_different_meshes_demonstrative,nwt_demo_structured,mf6_demo_triangular,outflow_drain,4,4,2.553882043350705e-08,2.5462943311111515e-08,7.58771223955336e-11,7.58771223955336e-11,0.00297990383391469
example12_mf6_vs_nwt_different_meshes_demonstrative,nwt_demo_structured,mf6_demo_triangular,perenn_areas,4,4,6.222222222222222,20.897484607976896,-14.675262385754674,14.675262385754674,0.7022501827876881
example12_mf6_vs_nwt_different_meshes_demonstrative,nwt_demo_structured,mf6_demo_triangular,recharge,4,4,2.5462962962962964e-08,2.5462962962962964e-08,0.0,0.0,0.0
example12_mf6_vs_nwt_different_meshes_demonstrative,nwt_demo_structured,mf6_demo_triangular,seepage_areas,4,4,91.58333333333334,99.98966510210754,-8.406331768774194,8.406331768774194,0.08407200644376404
example12_mf6_vs_nwt_different_meshes_demonstrative,nwt_demo_structured,mf6_demo_triangular,total_areas,4,4,93.52777777777777,100.0,-6.4722222222222285,6.4722222222222285,0.06472222222222229
example12_mf6_vs_nwt_different_meshes_demonstrative,nwt_demo_structured,mf6_demo_triangular,watertable_depth,4,4,0.03144032763942261,1.0438970368086842,-1.0124567091692616,1.0124567091692616,0.9698817732680424
example12_mf6_vs_nwt_different_meshes_demonstrative,nwt_demo_structured,mf6_demo_triangular,watertable_elevation,4,4,123.04842505772909,130.56798721744127,-7.51956215971218,7.51956215971218,0.057591162427812294
example12_mf6_vs_nwt_different_meshes_demonstrative,nwt_demo_structured,mf6_demo_triangular,accumulation_flux,5,5,0.02866286225616932,0.007923752632082965,0.020739109624086354,0.020739109624086354,2.617334309518259
example12_mf6_vs_nwt_different_meshes_demonstrative,nwt_demo_structured,mf6_demo_triangular,intermit_areas,5,5,42.80555555555556,77.15445619541822,-34.34890063986266,34.34890063986266,0.44519658790495703
example12_mf6_vs_nwt_different_meshes_demonstrative,nwt_demo_structured,mf6_demo_triangular,outflow_drain,5,5,1.2870443383074362e-08,1.1618151107519112e-08,1.2522922755552503e-09,1.2522922755552503e-09,0.10778756998131858
example12_mf6_vs_nwt_different_meshes_demonstrative,nwt_demo_structured,mf6_demo_triangular,perenn_areas,5,5,6.222222222222222,20.897484607976896,-14.675262385754674,14.675262385754674,0.7022501827876881
example12_mf6_vs_nwt_different_meshes_demonstrative,nwt_demo_structured,mf6_demo_triangular,recharge,5,5,1.1574074074074074e-08,1.1574074074074074e-08,0.0,0.0,0.0
example12_mf6_vs_nwt_different_meshes_demonstrative,nwt_demo_structured,mf6_demo_triangular,seepage_areas,5,5,48.30555555555556,96.77472901631006,-48.469173460754504,48.469173460754504,0.5008453544993723
example12_mf6_vs_nwt_different_meshes_demonstrative,nwt_demo_structured,mf6_demo_triangular,total_areas,5,5,49.02777777777778,98.05194080339511,-49.024163025617334,49.024163025617334,0.49998156715649467
example12_mf6_vs_nwt_different_meshes_demonstrative,nwt_demo_structured,mf6_demo_triangular,watertable_depth,5,5,0.4864488762180736,1.0594766625762029,-0.5730277863581292,0.5730277863581292,0.5408592813783798
example12_mf6_vs_nwt_different_meshes_demonstrative,nwt_demo_structured,mf6_demo_triangular,watertable_elevation,5,5,121.88213992648654,125.38455494375602,-3.5024150172694704,3.5024150172694704,0.027933384768487276
example12_mf6_vs_nwt_different_meshes_demonstrative,nwt_demo_structured,mf6_demo_triangular,accumulation_flux,6,6,0.00715754134580493,0.0022817469860693515,0.004875794359735578,0.004875794359735578,2.1368689821893265
example12_mf6_vs_nwt_different_meshes_demonstrative,nwt_demo_structured,mf6_demo_triangular,intermit_areas,6,6,7.694444444444444,15.095842437964757,-7.401397993520313,7.401397993520313,0.4902938026768502
example12_mf6_vs_nwt_different_meshes_demonstrative,nwt_demo_structured,mf6_demo_triangular,outflow_drain,6,6,2.53452430445945e-09,3.8953429848682374e-09,-1.3608186804087875e-09,1.3608186804087875e-09,0.34934502191334454
example12_mf6_vs_nwt_different_meshes_demonstrative,nwt_demo_structured,mf6_demo_triangular,perenn_areas,6,6,6.222222222222222,20.897484607976896,-14.675262385754674,14.675262385754674,0.7022501827876881
example12_mf6_vs_nwt_different_meshes_demonstrative,nwt_demo_structured,mf6_demo_triangular,recharge,6,6,0.0,0.0,0.0,0.0,nan
example12_mf6_vs_nwt_different_meshes_demonstrative,nwt_demo_structured,mf6_demo_triangular,seepage_areas,6,6,13.527777777777777,35.98299214804919,-22.455214370271413,22.455214370271413,0.624050781488132
example12_mf6_vs_nwt_different_meshes_demonstrative,nwt_demo_structured,mf6_demo_triangular,total_areas,6,6,13.916666666666666,35.993327045941655,-22.07666037927499,22.07666037927499,0.6133542573348799
example12_mf6_vs_nwt_different_meshes_demonstrative,nwt_demo_structured,mf6_demo_triangular,watertable_depth,6,6,2.6308687520494107,296.4115337476917,-293.78066499564227,293.78066499564227,0.9911242699675484
example12_mf6_vs_nwt_different_meshes_demonstrative,nwt_demo_structured,mf6_demo_triangular,watertable_elevation,6,6,119.15740127139621,117.53451271429323,1.622888557102982,1.622888557102982,0.013807761819270507
example12_mf6_vs_nwt_different_meshes_demonstrative,nwt_demo_structured,mf6_demo_triangular,accumulation_flux,7,7,0.0030571622774004936,0.0017111443717208832,0.0013460179056796104,0.0013460179056796104,0.7866185506754944
example12_mf6_vs_nwt_different_meshes_demonstrative,nwt_demo_structured,mf6_demo_triangular,intermit_areas,7,7,1.3333333333333335,4.481636879062022,-3.1483035457286888,3.1483035457286888,0.7024896551609082
example12_mf6_vs_nwt_different_meshes_demonstrative,nwt_demo_structured,mf6_demo_triangular,outflow_drain,7,7,1.035369895690642e-09,2.904308361012808e-09,-1.868938465322166e-09,1.868938465322166e-09,0.6435055211115456
example12_mf6_vs_nwt_different_meshes_demonstrative,nwt_demo_structured,mf6_demo_triangular,perenn_areas,7,7,6.222222222222222,20.897484607976896,-14.675262385754674,14.675262385754674,0.7022501827876881
example12_mf6_vs_nwt_different_meshes_demonstrative,nwt_demo_structured,mf6_demo_triangular,recharge,7,7,0.0,0.0,0.0,0.0,nan
example12_mf6_vs_nwt_different_meshes_demonstrative,nwt_demo_structured,mf6_demo_triangular,seepage_areas,7,7,6.861111111111111,24.882129159029752,-18.02101804791864,18.02101804791864,0.724255465950702
example12_mf6_vs_nwt_different_meshes_demonstrative,nwt_demo_structured,mf6_demo_triangular,total_areas,7,7,7.555555555555555,25.37912148703892,-17.823565931483365,17.823565931483365,0.702292470627316
example12_mf6_vs_nwt_different_meshes_demonstrative,nwt_demo_structured,mf6_demo_triangular,watertable_depth,7,7,4.199859521989832,2596.6669197938836,-2592.467060271894,2592.467060271894,0.9983825959771833
example12_mf6_vs_nwt_different_meshes_demonstrative,nwt_demo_structured,mf6_demo_triangular,watertable_elevation,7,7,117.50423922220865,87.95848033155072,29.545758890657936,29.545758890657936,0.33590574529355377
example12_mf6_vs_nwt_different_meshes_demonstrative,nwt_demo_structured,mf6_demo_triangular,accumulation_flux,8,8,0.0028763008303940296,0.0014156158915761682,0.0014606849388178614,0.0014606849388178614,1.031837059409889
example12_mf6_vs_nwt_different_meshes_demonstrative,nwt_demo_structured,mf6_demo_triangular,intermit_areas,8,8,0.2222222222222222,0.0,0.2222222222222222,0.2222222222222222,nan
example12_mf6_vs_nwt_different_meshes_demonstrative,nwt_demo_structured,mf6_demo_triangular,outflow_drain,8,8,9.969841860327655e-10,2.3712462030678583e-09,-1.3742620170350928e-09,1.3742620170350928e-09,0.5795526484163084
example12_mf6_vs_nwt_different_meshes_demonstrative,nwt_demo_structured,mf6_demo_triangular,perenn_areas,8,8,6.222222222222222,20.897484607976896,-14.675262385754674,14.675262385754674,0.7022501827876881
example12_mf6_vs_nwt_different_meshes_demonstrative,nwt_demo_structured,mf6_demo_triangular,recharge,8,8,0.0,0.0,0.0,0.0,nan
example12_mf6_vs_nwt_different_meshes_demonstrative,nwt_demo_structured,mf6_demo_triangular,seepage_areas,8,8,6.444444444444445,20.619068456657363,-14.174624012212918,14.174624012212918,0.6874522019270128
example12_mf6_vs_nwt_different_meshes_demonstrative,nwt_demo_structured,mf6_demo_triangular,total_areas,8,8,6.444444444444445,20.897484607976896,-14.453040163532451,14.453040163532451,0.6916162607443912
example12_mf6_vs_nwt_different_meshes_demonstrative,nwt_demo_structured,mf6_demo_triangular,watertable_depth,8,8,5.341233562970623,4508.6162026807015,-4503.2749691177305,4503.2749691177305,0.9988153275145054
example12_mf6_vs_nwt_different_meshes_demonstrative,nwt_demo_structured,mf6_demo_triangular,watertable_elevation,8,8,116.36070999569363,64.25250360729613,52.10820638839749,52.10820638839749,0.8109910659182531
example12_mf6_vs_nwt_different_meshes_demonstrative,nwt_demo_structured,mf6_demo_triangular,accumulation_flux,9,9,0.00882943905889988,0.002165006686673346,0.006664432372226534,0.006664432372226534,3.0782502489481027
example12_mf6_vs_nwt_different_meshes_demonstrative,nwt_demo_structured,mf6_demo_triangular,intermit_areas,9,9,7.027777777777777,4.7616427209764005,2.2661350568013763,2.2661350568013763,0.4759145508373407
example12_mf6_vs_nwt_different_meshes_demonstrative,nwt_demo_structured,mf6_demo_triangular,outflow_drain,9,9,3.2064976276469094e-09,3.3054546642924826e-09,-9.895703664557322e-11,9.895703664557322e-11,0.029937496258704403
example12_mf6_vs_nwt_different_meshes_demonstrative,nwt_demo_structured,mf6_demo_triangular,perenn_areas,9,9,6.222222222222222,20.897484607976896,-14.675262385754674,14.675262385754674,0.7022501827876881
example12_mf6_vs_nwt_different_meshes_demonstrative,nwt_demo_structured,mf6_demo_triangular,recharge,9,9,4.6296296296296295e-09,4.6296296296296295e-09,0.0,0.0,0.0
example12_mf6_vs_nwt_different_meshes_demonstrative,nwt_demo_structured,mf6_demo_triangular,seepage_areas,9,9,13.111111111111112,25.380711177633763,-12.269600066522651,12.269600066522651,0.48342223275977336
example12_mf6_vs_nwt_different_meshes_demonstrative,nwt_demo_structured,mf6_demo_triangular,total_areas,9,9,13.25,25.659127328953296,-12.409127328953296,12.409127328953296,0.4836145504820447
example12_mf6_vs_nwt_different_meshes_demonstrative,nwt_demo_structured,mf6_demo_triangular,watertable_depth,9,9,4.779077764653029,4508.33351106203,-4503.554433297377,4503.554433297377,0.9989399458241217
example12_mf6_vs_nwt_different_meshes_demonstrative,nwt_demo_structured,mf6_demo_triangular,watertable_elevation,9,9,117.04692074245877,64.82683604765268,52.22008469480609,52.22008469480609,0.8055319043554793
example12_mf6_vs_nwt_different_meshes_demonstrative,nwt_demo_structured,mf6_demo_triangular,accumulation_flux,10,10,0.009651992470026016,0.021735835155296368,-0.012083842685270352,0.012083842685270352,0.5559410346524405
example12_mf6_vs_nwt_different_meshes_demonstrative,nwt_demo_structured,mf6_demo_triangular,intermit_areas,10,10,7.694444444444444,34.60135670977999,-26.90691226533555,26.90691226533555,0.7776259321568849
example12_mf6_vs_nwt_different_meshes_demonstrative,nwt_demo_structured,mf6_demo_triangular,outflow_drain,10,10,3.5548636859619904e-09,2.8872545197014034e-08,-2.5317681511052044e-08,2.5317681511052044e-08,0.8768773704671652
example12_mf6_vs_nwt_different_meshes_demonstrative,nwt_demo_structured,mf6_demo_triangular,perenn_areas,10,10,6.222222222222222,20.897484607976896,-14.675262385754674,14.675262385754674,0.7022501827876881
example12_mf6_vs_nwt_different_meshes_demonstrative,nwt_demo_structured,mf6_demo_triangular,recharge,10,10,3.2407407407407403e-08,3.2407407407407403e-08,0.0,0.0,0.0
example12_mf6_vs_nwt_different_meshes_demonstrative,nwt_demo_structured,mf6_demo_triangular,seepage_areas,10,10,13.833333333333334,55.48850641986442,-41.655173086531086,41.655173086531086,0.7506991226496391
example12_mf6_vs_nwt_different_meshes_demonstrative,nwt_demo_structured,mf6_demo_triangular,total_areas,10,10,13.916666666666666,55.498841317756884,-41.58217465109022,41.58217465109022,0.7492440141770308
example12_mf6_vs_nwt_different_meshes_demonstrative,nwt_demo_structured,mf6_demo_triangular,watertable_depth,10,10,4.579694031803099,4507.611950231709,-4503.0322561999055,4503.0322561999055,0.9989840088094611
example12_mf6_vs_nwt_different_meshes_demonstrative,nwt_demo_structured,mf6_demo_triangular,watertable_elevation,10,10,117.26586378309462,74.71293812319338,42.552925659901234,42.552925659901234,0.5695522988232127
example12_mf6_vs_nwt_different_meshes_demonstrative,nwt_demo_structured,mf6_demo_triangular,accumulation_flux,11,11,0.08051206171512604,0.041176443159083316,0.03933561855604272,0.03933561855604272,0.9552942298602953
example12_mf6_vs_nwt_different_meshes_demonstrative,nwt_demo_structured,mf6_demo_triangular,intermit_areas,11,11,93.19444444444444,34.60135670977999,58.59308773466445,58.59308773466445,1.693375442648561
example12_mf6_vs_nwt_different_meshes_demonstrative,nwt_demo_structured,mf6_demo_triangular,outflow_drain,11,11,3.9533705591226374e-08,5.3240660005870095e-08,-1.3706954414643721e-08,1.3706954414643721e-08,0.25745275158370406
example12_mf6_vs_nwt_different_meshes_demonstrative,nwt_demo_structured,mf6_demo_triangular,perenn_areas,11,11,6.222222222222222,20.897484607976896,-14.675262385754674,14.675262385754674,0.7022501827876881
example12_mf6_vs_nwt_different_meshes_demonstrative,nwt_demo_structured,mf6_demo_triangular,recharge,11,11,5.324074074074074e-08,5.324074074074074e-08,0.0,0.0,0.0
example12_mf6_vs_nwt_different_meshes_demonstrative,nwt_demo_structured,mf6_demo_triangular,seepage_areas,11,11,99.08333333333333,55.48850641986442,43.59482691346891,43.59482691346891,0.7856550793348138
example12_mf6_vs_nwt_different_meshes_demonstrative,nwt_demo_structured,mf6_demo_triangular,total_areas,11,11,99.41666666666666,55.498841317756884,43.91782534890977,43.91782534890977,0.7913286891425289
example12_mf6_vs_nwt_different_meshes_demonstrative,nwt_demo_structured,mf6_demo_triangular,watertable_depth,11,11,0.004655915330495882,4507.611950231709,-4507.607294316378,4507.607294316378,0.9999989670993461
example12_mf6_vs_nwt_different_meshes_demonstrative,nwt_demo_structured,mf6_demo_triangular,watertable_elevation,11,11,123.86096402274238,83.5353943168516,40.325569705890786,40.325569705890786,0.4827363303384313
