cell_id,geology_key,fraction
0,1421,1.0
1,1421,1.0
2,1421,1.0
3,1421,1.0
4,2101,1.0
5,2101,0.07142857142857142
5,1421,0.9285714285714286
6,1421,1.0
7,1421,1.0
8,1421,1.0
9,2101,1.0
10,2101,1.0
11,1421,1.0
12,1421,1.0
13,1421,1.0
14,2121,0.03571428571428571
14,2101,0.9642857142857143
15,2101,1.0
16,2101,1.0
17,1421,1.0
18,1421,1.0
19,1421,1.0
20,2101,1.0
21,1421,1.0
22,1421,1.0
23,1421,1.0
24,1421,1.0
25,2121,1.0
26,1421,1.0
27,2101,1.0
28,1421,1.0
29,1421,1.0
30,1421,1.0
31,1421,1.0
32,2101,1.0
33,1421,1.0
34,1421,1.0
35,1981,1.0
36,2101,1.0
37,1421,1.0
38,2121,0.07142857142857142
38,2101,0.9285714285714286
39,1421,1.0
40,1421,1.0
41,1421,1.0
42,1421,1.0
43,2121,1.0
44,2101,1.0
45,1421,1.0
46,1421,1.0
47,2101,1.0
48,1421,1.0
49,1421,1.0
50,1421,1.0
51,1421,1.0
52,1421,1.0
53,2101,1.0
54,2101,1.0
55,1421,1.0
56,1421,1.0
57,2101,0.07142857142857142
57,1961,0.9285714285714286
58,2121,1.0
59,1421,1.0
60,1421,1.0
61,2061,1.0
62,2121,1.0
63,1421,1.0
64,1421,1.0
65,2101,1.0
66,1421,1.0
67,2101,1.0
68,1421,1.0
69,1421,1.0
70,1421,1.0
71,1421,1.0
72,1421,1.0
73,2101,1.0
74,2101,1.0
75,2101,1.0
76,1421,1.0
77,2101,1.0
78,2101,0.9285714285714286
78,2041,0.07142857142857142
79,2121,1.0
80,1421,1.0
81,2121,1.0
82,2101,1.0
83,2061,1.0
84,2101,1.0
85,2101,1.0
86,1421,1.0
87,2121,0.9642857142857143
87,2101,0.03571428571428571
88,1421,1.0
89,1421,1.0
90,1421,1.0
91,2121,1.0
92,1421,1.0
93,1421,1.0
94,1421,1.0
95,1421,1.0
96,1421,1.0
97,2121,0.8928571428571429
97,2101,0.10714285714285714
98,2101,1.0
99,1421,1.0
100,2121,1.0
101,2121,0.6428571428571429
101,2101,0.35714285714285715
102,2101,1.0
103,2101,1.0
104,1421,1.0
105,2121,1.0
106,1421,1.0
107,1421,1.0
108,1421,1.0
109,2101,1.0
110,2101,1.0
111,1421,1.0
112,2101,1.0
113,1421,1.0
114,2101,1.0
115,1421,1.0
116,1421,1.0
117,2101,1.0
118,2121,1.0
119,1421,1.0
120,2121,1.0
121,1421,1.0
122,2101,1.0
123,2041,1.0
124,1421,1.0
125,2101,1.0
126,1421,1.0
127,1421,1.0
128,1421,1.0
129,2101,1.0
130,1421,1.0
131,1421,1.0
132,1421,1.0
133,2121,0.32142857142857145
133,2101,0.17857142857142858
133,1421,0.5
134,1421,1.0
135,1421,1.0
136,1421,1.0
137,2041,1.0
138,1421,1.0
139,1421,1.0
140,1421,1.0
141,1421,1.0
142,2101,1.0
143,1421,1.0
144,1421,1.0
145,1421,1.0
146,1421,1.0
147,2101,1.0
148,1421,1.0
149,1421,1.0
150,2101,1.0
151,1421,1.0
152,2101,0.5357142857142857
152,1981,0.4642857142857143
153,2101,0.8928571428571429
153,1421,0.10714285714285714
154,1421,1.0
155,1421,1.0
156,1421,1.0
157,1421,1.0
158,2101,1.0
159,2101,1.0
160,1981,1.0
161,1421,1.0
162,1421,1.0
163,1421,1.0
164,1421,1.0
165,1421,1.0
166,1421,1.0
167,1961,1.0
168,1421,1.0
169,1421,1.0
170,2101,1.0
171,2121,1.0
172,1421,1.0
173,2101,1.0
174,1421,1.0
175,2101,0.9642857142857143
175,2041,0.03571428571428571
176,1421,1.0
177,1421,1.0
178,1421,1.0
179,1421,1.0
180,1421,1.0
181,2101,0.03571428571428571
181,1421,0.9642857142857143
182,1421,1.0
183,1421,1.0
184,2101,1.0
185,1421,1.0
186,1421,1.0
187,1421,1.0
188,1421,1.0
189,2101,1.0
190,1421,1.0
191,2121,0.8571428571428571
191,2101,0.14285714285714285
192,1421,1.0
193,1421,1.0
194,1421,1.0
195,2101,1.0
196,1421,1.0
197,1421,1.0
198,1421,1.0
199,2101,1.0
200,1421,1.0
201,1421,1.0
202,2121,1.0
203,2121,1.0
204,2121,1.0
205,2101,0.07142857142857142
205,1421,0.9285714285714286
206,1421,1.0
207,2101,1.0
208,2101,1.0
209,1421,1.0
210,2101,0.9642857142857143
210,1421,0.03571428571428571
211,1421,1.0
212,1421,1.0
213,1421,1.0
214,1421,1.0
215,1421,1.0
216,2101,1.0
217,2101,1.0
218,1421,1.0
219,1421,1.0
220,1421,1.0
221,1421,1.0
222,1421,1.0
223,1421,1.0
224,2101,1.0
225,1421,1.0
226,1421,1.0
227,2121,1.0
228,2121,0.14285714285714285
228,2101,0.8571428571428571
229,1421,1.0
230,1421,1.0
231,1421,1.0
232,1421,1.0
233,1421,1.0
234,1421,1.0
235,1421,1.0
236,1421,1.0
237,2101,1.0
238,1421,1.0
239,2101,1.0
240,1421,1.0
241,1421,1.0
242,1421,1.0
243,2101,0.9642857142857143
243,1421,0.03571428571428571
244,1421,1.0
245,1421,1.0
246,1421,1.0
247,2121,1.0
248,1421,1.0
249,2101,0.9642857142857143
249,1961,0.03571428571428571
250,1421,1.0
251,2101,1.0
252,1421,1.0
253,1421,1.0
254,1421,1.0
255,2121,0.10714285714285714
255,2101,0.8928571428571429
256,1421,1.0
257,1421,1.0
258,2101,1.0
259,1421,1.0
260,1421,1.0
261,1981,1.0
262,1421,1.0
263,1421,1.0
264,2101,1.0
265,1421,1.0
266,2121,0.6785714285714286
266,2101,0.32142857142857145
267,1421,1.0
268,2121,1.0
269,2061,0.6071428571428571
269,2101,0.39285714285714285
270,1421,1.0
271,2121,1.0
272,2121,1.0
273,1421,1.0
274,1421,1.0
275,1421,1.0
276,1421,1.0
277,2101,1.0
278,1421,1.0
279,1421,1.0
280,2121,1.0
281,2061,1.0
282,1421,1.0
283,1421,1.0
284,1421,1.0
285,2101,1.0
286,1641,0.42857142857142855
286,1981,0.5714285714285714
287,1421,1.0
288,1421,1.0
289,1421,1.0
290,2101,1.0
291,2101,1.0
292,1421,1.0
293,1421,1.0
294,1421,1.0
295,1421,1.0
296,1421,1.0
297,1421,1.0
298,1421,1.0
299,2101,0.6785714285714286
299,1421,0.32142857142857145
300,2101,0.03571428571428571
300,2041,0.9642857142857143
301,1421,1.0
302,2101,1.0
303,1421,1.0
304,2061,0.03571428571428571
304,2101,0.25
304,1981,0.7142857142857143
305,1421,1.0
306,2101,1.0
307,2101,1.0
308,2101,1.0
309,2101,1.0
310,1421,1.0
311,2101,0.9285714285714286
311,1421,0.07142857142857142
312,1421,1.0
313,2101,1.0
314,2061,0.07142857142857142
314,2101,0.9285714285714286
315,2121,1.0
316,2101,1.0
317,1421,1.0
318,2121,1.0
319,2101,1.0
320,2101,0.4642857142857143
320,2041,0.5357142857142857
321,2121,0.9642857142857143
321,2101,0.03571428571428571
322,1421,1.0
323,2101,1.0
324,2101,1.0
325,1421,1.0
326,2101,1.0
327,2121,1.0
328,2121,0.8928571428571429
328,2101,0.10714285714285714
329,1421,1.0
330,2101,1.0
331,1421,1.0
332,1421,1.0
333,2101,1.0
334,1421,1.0
335,1421,1.0
336,1421,1.0
337,2101,1.0
338,1421,1.0
339,2101,0.8214285714285714
339,1421,0.17857142857142858
340,2101,1.0
341,1421,1.0
342,2101,1.0
343,1421,1.0
344,2101,0.07142857142857142
344,2041,0.9285714285714286
345,2121,1.0
346,1421,1.0
347,2061,0.17857142857142858
347,2101,0.5357142857142857
347,1421,0.2857142857142857
348,2101,1.0
349,2101,1.0
350,1421,1.0
351,2101,1.0
352,2101,1.0
353,2101,1.0
354,1421,1.0
355,2101,1.0
356,2101,1.0
357,2101,1.0
358,1421,1.0
359,1421,1.0
360,1421,1.0
361,1421,1.0
362,1421,1.0
363,1421,1.0
364,1421,1.0
365,1421,1.0
366,1421,1.0
367,1421,1.0
368,1421,1.0
369,1421,1.0
370,1421,1.0
371,1421,1.0
372,1421,1.0
373,1421,1.0
374,1421,1.0
375,1421,1.0
376,1421,1.0
377,1421,1.0
378,1421,1.0
379,1421,1.0
380,1421,1.0
381,1421,1.0
382,1421,1.0
383,1421,1.0
384,1421,1.0
385,1421,1.0
386,1421,1.0
387,1421,1.0
388,1421,1.0
389,1421,1.0
390,1421,1.0
391,2101,1.0
392,2101,1.0
393,1421,1.0
394,1421,1.0
395,1421,1.0
396,2101,0.03571428571428571
396,2041,0.9642857142857143
397,2121,1.0
398,1421,1.0
399,1421,1.0
400,2101,0.07142857142857142
400,1421,0.9285714285714286
401,1421,1.0
402,1421,1.0
403,2101,1.0
404,1421,1.0
405,2061,0.7857142857142857
405,2101,0.21428571428571427
406,1421,1.0
407,2121,1.0
408,2101,1.0
409,1421,1.0
410,1421,1.0
411,1421,1.0
412,2101,1.0
413,1421,1.0
414,1641,0.9285714285714286
414,1981,0.07142857142857142
415,2101,0.07142857142857142
415,1421,0.9285714285714286
416,2101,1.0
417,1421,1.0
418,1421,1.0
419,2101,1.0
420,1421,1.0
421,1421,1.0
422,2101,0.21428571428571427
422,1421,0.7857142857142857
423,1421,1.0
424,2101,1.0
425,1421,1.0
426,2121,0.75
426,2101,0.25
427,1421,1.0
428,1421,1.0
429,1421,1.0
430,2101,0.07142857142857142
430,1421,0.9285714285714286
431,2121,1.0
432,2121,1.0
433,2101,0.6785714285714286
433,1421,0.32142857142857145
434,2121,1.0
435,1421,1.0
436,1421,1.0
437,2041,1.0
438,1421,1.0
439,1421,1.0
440,1421,1.0
441,2121,1.0
442,2101,1.0
443,2101,1.0
444,1421,1.0
445,1421,1.0
446,1421,1.0
447,2101,1.0
448,1421,1.0
449,1421,1.0
450,1421,1.0
451,1421,1.0
452,1421,1.0
453,1421,1.0
454,1421,1.0
455,1421,1.0
456,1421,1.0
457,2121,1.0
458,2041,1.0
459,1421,1.0
460,1421,1.0
461,2101,1.0
462,1421,1.0
463,1421,1.0
464,1421,1.0
465,2101,0.5714285714285714
465,2041,0.42857142857142855
466,1421,1.0
467,2101,1.0
468,1421,1.0
469,1421,1.0
470,1421,1.0
471,1421,1.0
472,1421,1.0
473,1421,1.0
474,2101,0.9642857142857143
474,2041,0.03571428571428571
475,2101,1.0
476,1421,1.0
477,1421,1.0
478,2061,0.7857142857142857
478,2101,0.21428571428571427
479,2121,1.0
480,1421,1.0
481,2101,1.0
482,1421,1.0
483,1421,1.0
484,1421,1.0
485,1421,1.0
486,1421,1.0
487,2101,1.0
488,2121,1.0
489,2121,0.9642857142857143
489,2101,0.03571428571428571
490,2121,0.03571428571428571
490,2101,0.9642857142857143
491,1421,1.0
492,1421,1.0
493,1421,1.0
494,2101,1.0
495,1421,1.0
496,2121,0.03571428571428571
496,2101,0.8571428571428571
496,2041,0.10714285714285714
497,1421,1.0
498,1421,1.0
499,1421,1.0
500,2101,1.0
501,2101,1.0
502,2101,1.0
503,2121,1.0
504,2101,1.0
505,1421,1.0
506,1421,1.0
507,1421,1.0
508,2061,1.0
509,1421,1.0
510,1421,1.0
511,2121,1.0
512,1421,1.0
513,1421,1.0
514,2101,1.0
515,1421,1.0
516,2101,0.21428571428571427
516,2041,0.7857142857142857
517,2101,1.0
518,1421,1.0
519,1421,1.0
520,2101,1.0
521,1421,1.0
522,1421,1.0
523,2101,1.0
524,2101,1.0
525,1421,1.0
526,2101,1.0
527,2101,1.0
528,1421,1.0
529,1421,1.0
530,2101,1.0
531,1421,1.0
532,1421,1.0
533,1421,1.0
534,1421,1.0
535,1421,1.0
536,2121,1.0
537,2061,0.32142857142857145
537,1641,0.03571428571428571
537,1981,0.6428571428571429
538,1421,1.0
539,2101,0.75
539,2041,0.25
540,2101,1.0
541,1421,1.0
542,2101,0.9642857142857143
542,1421,0.03571428571428571
543,1421,1.0
544,1421,1.0
545,1421,1.0
546,2121,0.10714285714285714
546,1641,0.5714285714285714
546,1981,0.32142857142857145
547,1421,1.0
548,2121,0.6785714285714286
548,2101,0.32142857142857145
549,2101,1.0
550,1421,1.0
551,2101,1.0
552,1421,1.0
553,1421,1.0
554,2101,1.0
555,2121,1.0
556,2121,1.0
557,1421,1.0
558,1421,1.0
559,1421,1.0
560,2101,1.0
561,1421,1.0
562,1421,1.0
563,1421,1.0
564,2101,0.9285714285714286
564,1421,0.07142857142857142
565,1421,1.0
566,1421,1.0
567,1421,1.0
568,2101,0.17857142857142858
568,1421,0.8214285714285714
569,2061,0.03571428571428571
569,2121,0.6071428571428571
569,1421,0.35714285714285715
570,1421,1.0
571,2041,1.0
572,2121,1.0
573,2101,1.0
574,2121,0.8571428571428571
574,2101,0.14285714285714285
575,1421,1.0
576,2101,0.07142857142857142
576,1421,0.9285714285714286
577,1421,1.0
578,2121,1.0
579,2101,1.0
580,1421,1.0
581,1421,1.0
582,1421,1.0
583,1421,1.0
584,2101,0.7857142857142857
584,1981,0.21428571428571427
585,2101,0.21428571428571427
585,1421,0.7857142857142857
586,2101,0.8928571428571429
586,1421,0.10714285714285714
587,1421,1.0
588,1421,1.0
589,1421,1.0
590,2101,1.0
591,1421,1.0
592,1421,1.0
593,2101,1.0
594,1641,0.8571428571428571
594,1981,0.14285714285714285
595,1421,1.0
596,1421,1.0
597,1421,1.0
598,1421,1.0
599,1421,1.0
600,2101,1.0
601,2121,1.0
602,1421,1.0
603,1421,1.0
604,2101,1.0
605,2101,1.0
606,1961,1.0
607,2121,1.0
608,2101,1.0
609,2101,0.7857142857142857
609,1421,0.21428571428571427
610,1421,1.0
611,2101,1.0
612,2101,1.0
613,2101,1.0
614,2101,1.0
615,2101,1.0
616,2101,1.0
617,2101,1.0
618,2101,1.0
619,2041,1.0
620,2101,1.0
621,2101,1.0
622,1421,1.0
623,1421,1.0
624,1421,1.0
625,1421,1.0
626,1421,1.0
627,1421,1.0
628,1421,1.0
629,1421,1.0
630,1421,1.0
631,1421,1.0
632,1421,1.0
633,1421,1.0
634,1421,1.0
635,1421,1.0
636,1421,1.0
637,1421,1.0
638,1421,1.0
639,1421,1.0
640,1421,1.0
641,1421,1.0
642,1421,1.0
643,2101,1.0
644,2101,1.0
645,2121,1.0
646,2121,1.0
647,2101,0.14285714285714285
647,1421,0.8571428571428571
648,2101,0.9285714285714286
648,1981,0.07142857142857142
649,2061,1.0
650,2101,0.5357142857142857
650,1421,0.4642857142857143
651,2121,1.0
652,1421,1.0
653,1421,1.0
654,2121,1.0
655,2101,1.0
656,1421,1.0
657,1421,1.0
658,1421,1.0
659,2061,0.17857142857142858
659,2101,0.8214285714285714
660,1421,1.0
661,1421,1.0
662,1421,1.0
663,1421,1.0
664,1421,1.0
665,2101,0.42857142857142855
665,1421,0.5714285714285714
666,1421,1.0
667,1421,1.0
668,2121,1.0
669,2121,0.9285714285714286
669,2101,0.07142857142857142
670,2061,1.0
671,1421,1.0
672,1421,1.0
673,2101,1.0
674,1961,1.0
675,1421,1.0
676,1421,1.0
677,1421,1.0
678,2101,1.0
679,1421,1.0
680,1421,1.0
681,1421,1.0
682,1421,1.0
683,1421,1.0
684,1421,1.0
685,1421,1.0
686,2101,1.0
687,1421,1.0
688,1421,1.0
689,1421,1.0
690,1421,1.0
691,2101,1.0
692,1421,1.0
693,1421,1.0
694,2101,1.0
695,2101,1.0
696,2101,1.0
697,1421,1.0
698,1421,1.0
699,1421,1.0
700,1421,1.0
701,1421,1.0
702,1421,1.0
703,1421,1.0
704,2101,0.14285714285714285
704,1421,0.8571428571428571
705,1421,1.0
706,2101,0.21428571428571427
706,1421,0.7857142857142857
707,2101,1.0
708,2101,1.0
709,2101,1.0
710,1421,1.0
711,2041,1.0
712,1421,1.0
713,2101,0.6428571428571429
713,1961,0.35714285714285715
714,1421,1.0
715,2061,0.5357142857142857
715,2121,0.4642857142857143
716,1421,1.0
717,1421,1.0
718,2101,1.0
719,1421,1.0
720,1421,1.0
721,1421,1.0
722,1421,1.0
723,1421,1.0
724,2101,1.0
725,2101,1.0
726,2101,1.0
727,1421,1.0
728,1421,1.0
729,2101,1.0
730,1421,1.0
731,1421,1.0
732,2101,0.07142857142857142
732,1421,0.9285714285714286
733,1421,1.0
734,1421,1.0
735,1421,1.0
736,2101,0.07142857142857142
736,1421,0.9285714285714286
737,1421,1.0
738,2101,1.0
739,2101,1.0
740,2101,1.0
741,2101,1.0
742,1421,1.0
743,2101,0.8571428571428571
743,2041,0.14285714285714285
744,1421,1.0
745,1421,1.0
746,1421,1.0
747,1421,1.0
748,1421,1.0
749,1421,1.0
750,1421,1.0
751,1421,1.0
752,1421,1.0
753,1421,1.0
754,1421,1.0
755,2101,1.0
756,2101,1.0
757,1421,1.0
758,1421,1.0
759,1421,1.0
760,1421,1.0
761,1421,1.0
762,1421,1.0
763,1421,1.0
764,1421,1.0
765,1421,1.0
766,2121,1.0
767,1421,1.0
768,1421,1.0
769,1421,1.0
770,1421,1.0
771,1421,1.0
772,2121,1.0
773,1421,1.0
774,2101,1.0
775,2101,1.0
776,1421,1.0
777,2101,1.0
778,1421,1.0
779,1421,1.0
780,1421,1.0
781,2101,1.0
782,1421,1.0
783,1421,1.0
784,1421,1.0
785,1421,1.0
786,2121,0.07142857142857142
786,2101,0.9285714285714286
787,2121,1.0
788,2121,1.0
789,1421,1.0
790,2101,1.0
791,2101,1.0
792,2121,1.0
793,2101,1.0
794,1421,1.0
795,1421,1.0
796,2101,0.35714285714285715
796,1421,0.6428571428571429
797,1421,1.0
798,1421,1.0
799,2101,1.0
800,1421,1.0
801,1421,1.0
802,2061,1.0
803,2191,0.8571428571428571
803,2121,0.14285714285714285
804,1421,1.0
805,2121,1.0
806,1421,1.0
807,1421,1.0
808,1421,1.0
809,1421,1.0
810,2101,1.0
811,2121,0.8928571428571429
811,2101,0.10714285714285714
812,1421,1.0
813,1421,1.0
814,2121,1.0
815,2101,0.9642857142857143
815,1421,0.03571428571428571
816,2121,1.0
817,2121,1.0
818,2101,1.0
819,1421,1.0
820,1421,1.0
821,1421,1.0
822,1421,1.0
823,1421,1.0
824,1421,1.0
825,1421,1.0
826,1421,1.0
827,2101,1.0
828,2101,1.0
829,1421,1.0
830,1421,1.0
831,1421,1.0
832,1421,1.0
833,2101,1.0
834,2061,1.0
835,2121,1.0
836,1421,1.0
837,2041,1.0
838,2101,0.10714285714285714
838,1421,0.8928571428571429
839,1421,1.0
840,2101,1.0
841,2121,0.75
841,2101,0.25
842,1421,1.0
843,1421,1.0
844,2121,1.0
845,2101,0.5714285714285714
845,1421,0.42857142857142855
846,2121,1.0
847,2121,1.0
848,2061,0.10714285714285714
848,2101,0.7142857142857143
848,1421,0.17857142857142858
849,1421,1.0
850,1421,1.0
851,1421,1.0
852,1421,1.0
853,1421,1.0
854,1421,1.0
855,2101,1.0
856,2101,1.0
857,1981,1.0
858,2101,1.0
859,2101,0.8928571428571429
859,1421,0.10714285714285714
860,1421,1.0
861,1421,1.0
862,1421,1.0
863,1421,1.0
864,1421,1.0
865,1421,1.0
866,2101,0.03571428571428571
866,2041,0.9642857142857143
867,2101,1.0
868,1421,1.0
869,1421,1.0
870,2101,1.0
871,1421,1.0
872,1421,1.0
873,1421,1.0
874,1421,1.0
875,2101,1.0
876,1421,1.0
877,2101,1.0
878,2101,0.2857142857142857
878,2041,0.7142857142857143
879,2101,1.0
880,1421,1.0
881,2101,0.75
881,2041,0.25
882,1421,1.0
883,1421,1.0
884,1421,1.0
885,1421,1.0
886,2101,1.0
887,1421,1.0
888,2101,1.0
889,2101,1.0
890,2121,1.0
891,1421,1.0
892,2101,1.0
893,2101,1.0
894,2101,1.0
895,1421,1.0
896,2061,0.8571428571428571
896,1981,0.14285714285714285
897,1421,1.0
898,1421,1.0
899,1421,1.0
900,1421,1.0
901,1421,1.0
902,1421,1.0
903,1421,1.0
904,2121,0.8571428571428571
904,2101,0.14285714285714285
905,1421,1.0
906,1421,1.0
907,2061,1.0
908,2121,1.0
909,1421,1.0
910,1421,1.0
911,1421,1.0
912,2121,1.0
913,1421,1.0
914,1421,1.0
915,1421,1.0
916,2101,1.0
917,2101,1.0
918,2101,1.0
919,1421,1.0
920,1421,1.0
921,1421,1.0
922,2101,0.8571428571428571
922,1961,0.14285714285714285
923,2121,1.0
924,1421,1.0
925,2061,0.03571428571428571
925,2101,0.9642857142857143
926,2101,1.0
927,1421,1.0
928,1421,1.0
929,1421,1.0
930,1421,1.0
931,2121,0.7857142857142857
931,2101,0.21428571428571427
932,1421,1.0
933,2101,1.0
934,2101,1.0
935,2121,0.17857142857142858
935,1641,0.8214285714285714
936,1421,1.0
937,1421,1.0
938,2101,1.0
939,2121,1.0
940,2101,0.8214285714285714
940,2041,0.17857142857142858
941,1421,1.0
942,2101,1.0
943,1421,1.0
944,1421,1.0
945,2061,0.10714285714285714
945,2101,0.8928571428571429
946,1421,1.0
947,2101,1.0
948,1421,1.0
949,1421,1.0
950,1421,1.0
951,1421,1.0
952,1421,1.0
953,1421,1.0
954,1421,1.0
955,2041,1.0
956,1421,1.0
957,1981,1.0
958,1421,1.0
959,2121,1.0
960,1421,1.0
961,2121,1.0
962,1421,1.0
963,2101,1.0
964,1421,1.0
965,1421,1.0
966,1421,1.0
967,2101,1.0
968,1421,1.0
969,1421,1.0
970,1421,1.0
971,1421,1.0
972,1421,1.0
973,2061,0.6785714285714286
973,2101,0.32142857142857145
974,2121,0.14285714285714285
974,2101,0.8571428571428571
975,1421,1.0
976,1421,1.0
977,1421,1.0
978,1421,1.0
979,2121,1.0
980,2121,1.0
981,1421,1.0
982,2101,0.6785714285714286
982,1421,0.32142857142857145
983,1421,1.0
984,2101,1.0
985,2101,0.21428571428571427
985,2041,0.7857142857142857
986,1421,1.0
987,1421,1.0
988,1421,1.0
989,1421,1.0
990,1421,1.0
991,2101,1.0
992,1421,1.0
993,2061,0.9642857142857143
993,2101,0.03571428571428571
994,1421,1.0
995,2101,1.0
996,1421,1.0
997,2061,1.0
998,2101,0.7857142857142857
998,1421,0.21428571428571427
999,2121,1.0
1000,2101,1.0
1001,1421,1.0
1002,1421,1.0
1003,2101,0.03571428571428571
1003,1421,0.9642857142857143
1004,1421,1.0
1005,2061,1.0
1006,2101,1.0
1007,1421,1.0
1008,2101,0.75
1008,1421,0.25
1009,1421,1.0
1010,1421,1.0
1011,1421,1.0
1012,2121,1.0
1013,2121,1.0
1014,2101,0.9285714285714286
1014,1421,0.07142857142857142
1015,2101,1.0
1016,1421,1.0
1017,2101,1.0
1018,1421,1.0
1019,1421,1.0
1020,2121,1.0
1021,1421,1.0
1022,2101,1.0
1023,1421,1.0
1024,1421,1.0
1025,2101,1.0
1026,2061,1.0
1027,2121,1.0
1028,2101,1.0
1029,1421,1.0
1030,1421,1.0
1031,1421,1.0
1032,2061,1.0
1033,1421,1.0
1034,2101,1.0
1035,2121,1.0
1036,1421,1.0
1037,2121,1.0
1038,1421,1.0
1039,1421,1.0
1040,2101,1.0
1041,2121,1.0
1042,1421,1.0
1043,1421,1.0
1044,1421,1.0
1045,1421,1.0
1046,1421,1.0
1047,1421,1.0
1048,2121,0.03571428571428571
1048,2101,0.9642857142857143
1049,2121,1.0
1050,2101,1.0
1051,1421,1.0
1052,1421,1.0
1053,1421,1.0
1054,1421,1.0
1055,1421,1.0
1056,2121,1.0
1057,1421,1.0
1058,1421,1.0
1059,1421,1.0
1060,2121,1.0
1061,2101,0.8928571428571429
1061,1961,0.10714285714285714
1062,1421,1.0
1063,2101,1.0
1064,1421,1.0
1065,1421,1.0
1066,1421,1.0
1067,1421,1.0
1068,2101,0.32142857142857145
1068,1421,0.6785714285714286
1069,2101,1.0
1070,1421,1.0
1071,2101,0.14285714285714285
1071,1421,0.25
1071,1981,0.6071428571428571
1072,2101,1.0
1073,2101,1.0
1074,1421,1.0
1075,2101,1.0
1076,2101,0.5357142857142857
1076,1421,0.4642857142857143
1077,1961,1.0
1078,2101,0.4642857142857143
1078,1421,0.5
1078,1981,0.03571428571428571
1079,1421,1.0
1080,1421,1.0
1081,1421,1.0
1082,1421,1.0
1083,1421,1.0
1084,2101,1.0
1085,2101,1.0
1086,2101,1.0
1087,2101,1.0
1088,2101,0.07142857142857142
1088,1421,0.8928571428571429
1088,1981,0.03571428571428571
1089,1421,1.0
1090,2121,1.0
1091,1421,1.0
1092,2121,0.9285714285714286
1092,2101,0.07142857142857142
1093,2101,0.35714285714285715
1093,1421,0.17857142857142858
1093,1981,0.4642857142857143
1094,2101,1.0
1095,1421,1.0
1096,1421,1.0
1097,2061,1.0
1098,2101,1.0
1099,1421,1.0
1100,1961,1.0
1101,2101,1.0
1102,1421,1.0
1103,2101,1.0
1104,2061,0.07142857142857142
1104,2101,0.9285714285714286
1105,1421,1.0
1106,2101,1.0
1107,2121,0.75
1107,1421,0.25
1108,2101,1.0
1109,1421,1.0
1110,1421,1.0
1111,1421,1.0
1112,1421,1.0
1113,2041,1.0
1114,2101,1.0
1115,2101,1.0
1116,2101,1.0
1117,2101,1.0
1118,2101,1.0
1119,2101,1.0
1120,1421,1.0
1121,1421,1.0
1122,1421,1.0
1123,1421,1.0
1124,1421,1.0
1125,1421,1.0
1126,1421,1.0
1127,1421,1.0
1128,1421,1.0
1129,1421,1.0
1130,1421,1.0
1131,1421,1.0
1132,1421,1.0
1133,1421,1.0
1134,2101,1.0
1135,1421,1.0
1136,1421,1.0
1137,1421,1.0
1138,1421,1.0
1139,2041,1.0
1140,1421,1.0
1141,2061,1.0
1142,1421,1.0
1143,1421,1.0
1144,1421,1.0
1145,1421,1.0
1146,2101,1.0
1147,1421,1.0
1148,2061,1.0
1149,1421,1.0
1150,2101,0.6785714285714286
1150,1421,0.32142857142857145
1151,1421,1.0
1152,2101,1.0
1153,2101,1.0
1154,2121,1.0
1155,1421,1.0
1156,2061,1.0
1157,1421,1.0
1158,1421,1.0
1159,1421,1.0
1160,1421,1.0
1161,1421,1.0
1162,1421,1.0
1163,1421,1.0
1164,1421,1.0
1165,1421,1.0
1166,2121,1.0
1167,1421,1.0
1168,1421,1.0
1169,2101,1.0
1170,2101,1.0
1171,2101,1.0
1172,1421,1.0
1173,1421,1.0
1174,2101,0.9642857142857143
1174,2041,0.03571428571428571
1175,2101,1.0
1176,2101,1.0
1177,2121,1.0
1178,2101,0.9642857142857143
1178,1421,0.03571428571428571
1179,1421,1.0
1180,2121,1.0
1181,2121,1.0
1182,2121,0.10714285714285714
1182,2101,0.8928571428571429
1183,1421,1.0
1184,2101,1.0
1185,2101,1.0
1186,2101,1.0
1187,1421,1.0
1188,1421,1.0
1189,1421,1.0
1190,1421,1.0
1191,1421,1.0
1192,2101,1.0
1193,2101,0.8571428571428571
1193,2041,0.14285714285714285
1194,1421,1.0
1195,2101,1.0
1196,1421,1.0
1197,1421,1.0
1198,2101,1.0
1199,2101,1.0
1200,1421,1.0
1201,1421,1.0
1202,1421,1.0
1203,1421,1.0
1204,1421,1.0
1205,2101,1.0
1206,2101,1.0
1207,1421,1.0
1208,1421,1.0
1209,1421,1.0
1210,1421,1.0
1211,2101,1.0
1212,1421,1.0
1213,1421,1.0
1214,2101,0.03571428571428571
1214,1421,0.9642857142857143
1215,2121,0.8928571428571429
1215,2101,0.10714285714285714
1216,1641,0.5714285714285714
1216,1981,0.42857142857142855
1217,1421,1.0
1218,1421,1.0
1219,2101,1.0
1220,1421,1.0
1221,2101,0.10714285714285714
1221,1421,0.8928571428571429
1222,2101,1.0
1223,1421,1.0
1224,2041,1.0
1225,1421,1.0
1226,2121,1.0
1227,1421,1.0
1228,2101,1.0
1229,1421,1.0
1230,2101,1.0
1231,2101,0.8571428571428571
1231,2041,0.14285714285714285
1232,2121,1.0
1233,1421,1.0
1234,2101,0.07142857142857142
1234,1421,0.9285714285714286
1235,2061,0.14285714285714285
1235,2101,0.8571428571428571
1236,1421,1.0
1237,1421,1.0
1238,2101,1.0
1239,2121,1.0
1240,1421,1.0
1241,2101,0.10714285714285714
1241,1421,0.8928571428571429
1242,1421,1.0
1243,2101,1.0
1244,2101,0.07142857142857142
1244,1421,0.9285714285714286
1245,1421,1.0
1246,2101,1.0
1247,1421,1.0
1248,2101,1.0
1249,2101,1.0
1250,2101,1.0
1251,2101,1.0
1252,2101,1.0
1253,2101,1.0
1254,2101,1.0
1255,2101,1.0
1256,2101,1.0
1257,2101,1.0
1258,2101,1.0
1259,2101,1.0
1260,2101,1.0
1261,2101,1.0
1262,2101,1.0
1263,2101,1.0
1264,2101,1.0
1265,2101,1.0
1266,2041,1.0
1267,2101,1.0
1268,2101,1.0
1269,1421,1.0
1270,1421,1.0
1271,1421,1.0
1272,1421,1.0
1273,1421,1.0
1274,1421,1.0
1275,1421,1.0
1276,1421,1.0
1277,1421,1.0
1278,1421,1.0
1279,1421,1.0
1280,1421,1.0
1281,1421,1.0
1282,1421,1.0
1283,1421,1.0
1284,1421,1.0
1285,1421,1.0
1286,1421,1.0
1287,1421,1.0
1288,1421,1.0
1289,1421,1.0
1290,1421,1.0
1291,1421,1.0
1292,1421,1.0
1293,1421,1.0
1294,1421,1.0
1295,1421,1.0
1296,1421,1.0
1297,1421,1.0
1298,1421,1.0
1299,1421,1.0
1300,1421,1.0
1301,1421,1.0
1302,1421,1.0
1303,1421,1.0
1304,1421,1.0
1305,1421,1.0
1306,1421,1.0
1307,1421,1.0
1308,1421,1.0
1309,1421,1.0
1310,1421,1.0
1311,1421,1.0
1312,1421,1.0
1313,1421,1.0
1314,1421,1.0
1315,1421,1.0
1316,1421,1.0
1317,1421,1.0
1318,1421,1.0
1319,1421,1.0
1320,1421,1.0
1321,1421,1.0
1322,1421,1.0
1323,1421,1.0
1324,1421,1.0
1325,1421,1.0
1326,1421,1.0
1327,1421,1.0
1328,1421,1.0
1329,1421,1.0
1330,1421,1.0
1331,1421,1.0
1332,1421,1.0
1333,1421,1.0
1334,1421,1.0
1335,1421,1.0
1336,1421,1.0
1337,1421,1.0
1338,1421,1.0
1339,1421,1.0
1340,1421,1.0
1341,1421,1.0
1342,1421,1.0
1343,1421,1.0
1344,1421,1.0
1345,1421,1.0
1346,2101,1.0
1347,2101,0.75
1347,2041,0.25
1348,2101,1.0
1349,2121,1.0
1350,2101,1.0
1351,1421,1.0
1352,2121,1.0
1353,2121,1.0
1354,2101,1.0
1355,1421,1.0
1356,2101,1.0
1357,2101,1.0
1358,1421,1.0
1359,1421,1.0
1360,2101,1.0
1361,1421,1.0
1362,1421,1.0
1363,1421,1.0
1364,1421,1.0
1365,1421,1.0
1366,1421,1.0
1367,1421,1.0
1368,1421,1.0
1369,2101,1.0
1370,1421,1.0
1371,2101,0.9285714285714286
1371,2041,0.07142857142857142
1372,1421,1.0
1373,2101,1.0
1374,2121,0.7142857142857143
1374,2101,0.2857142857142857
1375,1421,1.0
1376,2061,0.10714285714285714
1376,2101,0.8928571428571429
1377,1421,1.0
1378,1421,1.0
1379,1421,1.0
1380,1421,1.0
1381,2101,1.0
1382,1421,1.0
1383,1421,1.0
1384,2061,1.0
1385,1421,1.0
1386,1421,1.0
1387,2101,1.0
1388,2101,1.0
1389,1421,1.0
1390,2121,1.0
1391,1421,1.0
1392,1421,1.0
1393,1421,1.0
1394,2101,1.0
1395,2101,1.0
1396,1421,1.0
1397,2101,1.0
1398,1421,1.0
1399,2101,1.0
1400,1421,1.0
1401,1421,1.0
1402,2121,0.9285714285714286
1402,2101,0.07142857142857142
1403,1421,1.0
1404,1421,1.0
1405,2121,0.17857142857142858
1405,2101,0.8214285714285714
1406,2101,1.0
1407,2101,1.0
1408,2061,0.7857142857142857
1408,2121,0.21428571428571427
1409,2121,0.07142857142857142
1409,2101,0.9285714285714286
1410,2101,1.0
1411,1421,1.0
1412,2101,0.2857142857142857
1412,1421,0.7142857142857143
1413,1421,1.0
1414,2101,1.0
1415,2121,1.0
1416,1961,1.0
1417,1421,1.0
1418,2101,1.0
1419,1421,1.0
1420,1421,1.0
1421,1421,1.0
1422,2101,1.0
1423,1421,1.0
1424,1421,1.0
1425,1421,1.0
1426,2101,0.07142857142857142
1426,1421,0.9285714285714286
1427,1421,1.0
1428,2121,0.8928571428571429
1428,2101,0.10714285714285714
1429,2061,1.0
1430,2101,0.07142857142857142
1430,1421,0.9285714285714286
1431,2101,1.0
1432,2041,1.0
1433,1421,1.0
1434,2061,0.5357142857142857
1434,2101,0.03571428571428571
1434,1981,0.42857142857142855
1435,2121,1.0
1436,2121,1.0
1437,1421,1.0
1438,1421,1.0
1439,1421,1.0
1440,1421,1.0
1441,2061,0.03571428571428571
1441,2101,0.9642857142857143
1442,1421,1.0
1443,1421,1.0
1444,2121,1.0
1445,1421,1.0
1446,1421,1.0
1447,2061,0.9642857142857143
1447,1981,0.03571428571428571
1448,1421,1.0
1449,2121,1.0
1450,2101,1.0
1451,2061,1.0
1452,2121,1.0
1453,2121,1.0
1454,2121,1.0
1455,1421,1.0
1456,1421,1.0
1457,2101,1.0
1458,2121,1.0
1459,2101,1.0
1460,1421,1.0
1461,1421,1.0
1462,1421,1.0
1463,2121,1.0
1464,2101,1.0
1465,1421,1.0
1466,2101,1.0
1467,2101,1.0
1468,2121,1.0
1469,2101,0.9642857142857143
1469,1961,0.03571428571428571
1470,1421,1.0
1471,1421,1.0
1472,1421,1.0
1473,1421,1.0
1474,2121,1.0
1475,1421,1.0
1476,1421,1.0
1477,1421,1.0
1478,2101,1.0
1479,2121,0.8928571428571429
1479,2101,0.10714285714285714
1480,1421,1.0
1481,1421,1.0
1482,1421,1.0
1483,1421,1.0
1484,1421,1.0
1485,1421,1.0
1486,2101,1.0
1487,2101,1.0
1488,1421,1.0
1489,1421,1.0
1490,2101,0.5357142857142857
1490,11,0.4642857142857143
1491,1421,1.0
1492,2101,1.0
1493,1421,1.0
1494,2101,1.0
1495,1421,1.0
1496,1421,1.0
1497,2121,1.0
1498,2101,1.0
1499,2101,1.0
1500,1421,1.0
1501,1421,1.0
1502,2121,1.0
1503,2121,1.0
1504,2101,1.0
1505,1421,1.0
1506,1421,1.0
1507,1421,1.0
1508,1421,1.0
1509,1421,1.0
1510,2101,1.0
1511,2121,1.0
1512,1421,1.0
1513,1421,1.0
1514,1421,1.0
1515,1421,1.0
1516,2101,1.0
1517,2121,1.0
1518,2061,0.8928571428571429
1518,1981,0.10714285714285714
1519,2121,1.0
1520,1421,1.0
1521,1421,1.0
1522,2101,0.9642857142857143
1522,1981,0.03571428571428571
1523,1421,1.0
1524,2121,1.0
1525,2121,1.0
1526,2101,1.0
1527,2101,1.0
1528,1421,1.0
1529,1421,1.0
1530,1421,1.0
1531,1421,1.0
1532,1421,1.0
1533,1421,1.0
1534,2101,1.0
1535,1421,1.0
1536,1421,1.0
1537,1421,1.0
1538,2101,0.03571428571428571
1538,1421,0.2857142857142857
1538,1981,0.6785714285714286
1539,2191,1.0
1540,2121,0.8571428571428571
1540,2101,0.14285714285714285
1541,1421,1.0
1542,1421,1.0
1543,1421,1.0
1544,1421,1.0
1545,2041,1.0
1546,2101,1.0
1547,1421,1.0
1548,2121,1.0
1549,1421,1.0
1550,1421,1.0
1551,2041,1.0
1552,1421,1.0
1553,1421,1.0
1554,1421,1.0
1555,2101,1.0
1556,2101,1.0
1557,1421,1.0
1558,1421,1.0
1559,1421,1.0
1560,2101,1.0
1561,2101,1.0
1562,2061,0.8214285714285714
1562,1981,0.17857142857142858
1563,2101,1.0
1564,2101,1.0
1565,2121,1.0
1566,2101,0.5
1566,1421,0.5
1567,2101,1.0
1568,1421,1.0
1569,1421,1.0
1570,1961,1.0
1571,1421,1.0
1572,2101,1.0
1573,1421,1.0
1574,1421,1.0
1575,1421,1.0
1576,1421,1.0
1577,2101,1.0
1578,1421,1.0
1579,1421,1.0
1580,1421,1.0
1581,1421,1.0
1582,1421,1.0
1583,1421,1.0
1584,1421,1.0
1585,1421,1.0
1586,1421,1.0
1587,1421,1.0
1588,1421,1.0
1589,2101,1.0
1590,2121,0.9642857142857143
1590,2101,0.03571428571428571
1591,1421,1.0
1592,1421,1.0
1593,2101,1.0
1594,2101,0.9642857142857143
1594,1961,0.03571428571428571
1595,2101,1.0
1596,1421,1.0
1597,2121,1.0
1598,2061,1.0
1599,2101,1.0
1600,1421,1.0
1601,1421,1.0
1602,2101,1.0
1603,2101,1.0
1604,2041,1.0
1605,1421,1.0
1606,2101,1.0
1607,2101,1.0
1608,2101,1.0
1609,1421,1.0
1610,2121,1.0
1611,1421,1.0
1612,1421,1.0
1613,1421,1.0
1614,1421,1.0
1615,2101,0.10714285714285714
1615,1421,0.8928571428571429
1616,2121,1.0
1617,2121,1.0
1618,1421,1.0
1619,2101,1.0
1620,2121,1.0
1621,1421,1.0
1622,2101,1.0
1623,1421,1.0
1624,1421,1.0
1625,1421,1.0
1626,1421,1.0
1627,1421,1.0
1628,1421,1.0
1629,1421,1.0
1630,2101,1.0
1631,2101,1.0
1632,2061,1.0
1633,2121,1.0
1634,1421,1.0
1635,2101,1.0
1636,2121,1.0
1637,1421,1.0
1638,1421,1.0
1639,2061,1.0
1640,1421,1.0
1641,1421,1.0
1642,1421,1.0
1643,1421,1.0
1644,2101,1.0
1645,1421,1.0
1646,2061,0.03571428571428571
1646,2101,0.9642857142857143
1647,1421,1.0
1648,2101,0.10714285714285714
1648,2041,0.8928571428571429
1649,1421,1.0
1650,1421,1.0
1651,1421,1.0
1652,1421,1.0
1653,1421,1.0
1654,1421,1.0
1655,1421,1.0
1656,2101,0.10714285714285714
1656,1961,0.8928571428571429
1657,2101,1.0
1658,1421,1.0
1659,2121,1.0
1660,2121,1.0
1661,2121,1.0
1662,1421,1.0
1663,2101,1.0
1664,1421,1.0
1665,1421,1.0
1666,1421,1.0
1667,1421,1.0
1668,2101,1.0
1669,2121,1.0
1670,2121,1.0
1671,1421,1.0
1672,1421,1.0
1673,1421,1.0
1674,2101,1.0
1675,1421,1.0
1676,2101,1.0
1677,2101,0.8928571428571429
1677,1961,0.10714285714285714
1678,1421,1.0
1679,2101,1.0
1680,1421,1.0
1681,1641,0.32142857142857145
1681,1981,0.6785714285714286
1682,1421,1.0
1683,1421,1.0
1684,1421,1.0
1685,1421,1.0
1686,1421,1.0
1687,1421,1.0
1688,1421,1.0
1689,2101,1.0
1690,1421,1.0
1691,1421,1.0
1692,1421,1.0
1693,1421,1.0
1694,2101,1.0
1695,1421,1.0
1696,1421,1.0
1697,1421,1.0
1698,1421,1.0
1699,1421,1.0
1700,1421,1.0
1701,1421,1.0
1702,1421,1.0
1703,2101,1.0
1704,2121,1.0
1705,1961,1.0
1706,1421,1.0
1707,1421,1.0
1708,1421,1.0
1709,1421,1.0
1710,1421,1.0
1711,2041,1.0
1712,2101,0.9642857142857143
1712,2041,0.03571428571428571
1713,2101,1.0
1714,2101,1.0
1715,1421,1.0
1716,2101,1.0
1717,2121,1.0
1718,1421,1.0
1719,2121,1.0
1720,1421,1.0
1721,1421,1.0
1722,2101,1.0
1723,1421,1.0
1724,1421,1.0
1725,1421,1.0
1726,1421,1.0
1727,1421,1.0
1728,2101,1.0
1729,2101,1.0
1730,2101,1.0
1731,2101,1.0
1732,2101,1.0
1733,2101,1.0
1734,1421,1.0
1735,1421,1.0
1736,1421,1.0
1737,1421,1.0
1738,1421,1.0
1739,1421,1.0
1740,2101,1.0
1741,1421,1.0
1742,1421,1.0
1743,1421,1.0
1744,1421,1.0
1745,1421,1.0
1746,1961,1.0
1747,2191,0.5714285714285714
1747,2121,0.42857142857142855
1748,1421,1.0
1749,1421,1.0
1750,2061,0.35714285714285715
1750,1981,0.6428571428571429
1751,1421,1.0
1752,1421,1.0
1753,1421,1.0
1754,2101,1.0
1755,1421,1.0
1756,2101,0.8928571428571429
1756,1421,0.03571428571428571
1756,1981,0.07142857142857142
1757,2101,1.0
1758,2121,1.0
1759,1421,1.0
1760,1421,1.0
1761,2101,1.0
1762,2101,1.0
1763,1421,1.0
1764,1421,1.0
1765,2101,0.9642857142857143
1765,2041,0.03571428571428571
1766,2041,1.0
1767,2101,1.0
1768,1421,1.0
1769,1421,1.0
1770,1421,1.0
1771,1421,1.0
1772,1421,1.0
1773,2121,1.0
1774,2121,1.0
1775,2101,1.0
1776,2101,1.0
1777,1421,1.0
1778,1421,1.0
1779,1421,1.0
1780,1421,1.0
1781,1421,1.0
1782,1421,1.0
1783,2101,0.9285714285714286
1783,2041,0.07142857142857142
1784,1421,1.0
1785,2101,1.0
1786,2101,1.0
1787,1421,1.0
1788,1421,1.0
1789,2101,1.0
1790,1981,1.0
1791,2101,1.0
1792,2121,1.0
1793,1421,1.0
1794,1421,1.0
1795,2101,1.0
1796,1421,1.0
1797,1421,1.0
1798,1421,1.0
1799,1421,1.0
1800,2101,1.0
1801,2121,1.0
1802,2121,1.0
1803,2061,0.5714285714285714
1803,2101,0.42857142857142855
1804,1421,1.0
1805,1421,1.0
1806,1421,1.0
1807,2101,0.9285714285714286
1807,1421,0.07142857142857142
1808,1961,1.0
1809,2061,1.0
1810,1421,1.0
1811,1421,1.0
1812,1421,1.0
1813,2101,1.0
1814,1421,1.0
1815,1421,1.0
1816,1421,1.0
1817,2121,1.0
1818,2041,1.0
1819,1421,1.0
1820,2121,1.0
1821,1421,1.0
1822,2101,0.9285714285714286
1822,1421,0.07142857142857142
1823,2041,1.0
1824,2061,1.0
1825,1421,1.0
1826,2101,0.07142857142857142
1826,2041,0.9285714285714286
1827,2101,1.0
1828,2101,0.9285714285714286
1828,1961,0.07142857142857142
1829,2101,0.7857142857142857
1829,1961,0.21428571428571427
1830,1421,1.0
1831,2121,1.0
1832,1421,1.0
1833,2101,0.7857142857142857
1833,1961,0.21428571428571427
1834,2101,1.0
1835,2101,1.0
1836,1421,1.0
1837,1961,1.0
1838,2101,1.0
1839,1421,1.0
1840,1421,1.0
1841,1421,1.0
1842,1421,1.0
1843,1421,1.0
1844,2101,1.0
1845,1421,1.0
1846,1421,1.0
1847,1421,1.0
1848,1421,1.0
1849,2121,1.0
1850,1421,1.0
1851,2121,1.0
1852,2101,1.0
1853,1421,1.0
1854,1421,1.0
1855,1421,1.0
1856,1421,1.0
1857,1421,1.0
1858,2101,1.0
1859,1421,1.0
1860,2101,1.0
1861,1421,1.0
1862,2101,1.0
1863,1421,1.0
1864,1421,1.0
1865,1421,1.0
1866,2101,1.0
1867,1981,1.0
1868,2121,1.0
1869,1421,1.0
1870,1421,1.0
1871,2101,1.0
1872,2101,1.0
1873,2101,1.0
1874,2121,1.0
1875,2101,0.5357142857142857
1875,2041,0.4642857142857143
1876,1421,1.0
1877,1421,1.0
1878,2101,1.0
1879,2101,1.0
1880,2101,1.0
1881,1421,1.0
1882,1421,1.0
1883,1421,1.0
1884,1421,1.0
1885,1421,1.0
1886,2101,1.0
1887,1421,1.0
1888,1421,1.0
1889,2101,1.0
1890,1421,1.0
1891,2101,1.0
1892,1421,1.0
1893,1421,1.0
1894,1421,1.0
1895,1421,1.0
1896,1421,1.0
1897,2101,1.0
1898,2101,1.0
1899,2101,1.0
1900,2101,1.0
1901,2101,1.0
1902,1421,1.0
1903,1421,1.0
1904,1421,1.0
1905,1421,1.0
1906,1421,1.0
1907,1421,1.0
1908,1421,1.0
1909,1421,1.0
1910,1421,1.0
1911,2101,1.0
1912,1421,1.0
1913,1421,1.0
1914,1421,1.0
1915,2101,1.0
1916,1421,1.0
1917,1421,1.0
1918,1421,1.0
1919,2121,1.0
1920,2101,1.0
1921,1421,1.0
1922,1421,1.0
1923,1421,1.0
1924,2101,1.0
1925,2101,1.0
1926,1421,1.0
1927,2121,0.35714285714285715
1927,2101,0.6428571428571429
1928,2101,0.14285714285714285
1928,1421,0.8571428571428571
1929,1421,1.0
1930,1421,1.0
1931,1421,1.0
1932,2041,1.0
1933,2101,1.0
1934,1421,1.0
1935,2101,1.0
1936,2101,1.0
1937,1421,1.0
1938,1421,1.0
1939,1421,1.0
1940,2121,1.0
1941,1421,1.0
1942,2101,1.0
1943,1421,1.0
1944,2121,1.0
1945,1421,1.0
1946,1421,1.0
1947,2101,1.0
1948,1421,1.0
1949,2101,1.0
1950,2101,1.0
1951,2101,1.0
1952,2101,1.0
1953,1421,1.0
1954,1421,1.0
1955,1421,1.0
1956,1421,1.0
1957,1421,1.0
1958,1421,1.0
1959,2101,1.0
1960,2041,1.0
1961,1421,1.0
1962,1421,1.0
1963,1421,1.0
1964,2101,1.0
1965,2101,1.0
1966,1421,1.0
1967,2101,0.9642857142857143
1967,2041,0.03571428571428571
1968,1421,1.0
1969,1421,1.0
1970,2101,0.9285714285714286
1970,2041,0.07142857142857142
1971,1421,1.0
1972,1421,1.0
1973,1421,1.0
1974,1421,1.0
1975,1421,1.0
1976,1421,1.0
1977,2121,1.0
1978,1421,1.0
1979,1421,1.0
1980,2121,1.0
1981,1421,1.0
1982,2101,1.0
1983,2101,1.0
1984,1421,1.0
1985,1421,1.0
1986,2101,1.0
1987,1421,1.0
1988,1421,1.0
1989,2121,1.0
1990,2121,1.0
1991,2121,0.03571428571428571
1991,2101,0.9642857142857143
1992,1421,1.0
1993,1421,1.0
1994,1421,1.0
1995,2101,1.0
1996,2101,1.0
1997,1421,1.0
1998,1421,1.0
1999,1421,1.0
2000,2121,1.0
2001,2121,1.0
2002,2121,0.42857142857142855
2002,2101,0.5714285714285714
2003,2101,1.0
2004,1421,1.0
2005,1421,1.0
2006,2191,0.6428571428571429
2006,2121,0.35714285714285715
2007,2101,1.0
2008,2101,1.0
2009,2041,1.0
2010,2101,1.0
2011,2101,1.0
2012,1421,1.0
2013,1421,1.0
2014,1421,1.0
2015,2121,1.0
2016,1421,1.0
2017,2121,1.0
2018,1421,1.0
2019,2101,1.0
2020,2121,1.0
2021,1421,1.0
2022,1421,1.0
2023,1421,1.0
2024,2101,0.03571428571428571
2024,1961,0.9642857142857143
2025,1421,1.0
2026,1421,1.0
2027,2101,1.0
2028,2101,1.0
2029,1421,1.0
2030,1421,1.0
2031,1961,1.0
2032,2121,1.0
2033,1421,1.0
2034,2101,1.0
2035,1421,1.0
2036,1421,1.0
2037,1421,1.0
2038,2121,1.0
2039,1421,1.0
2040,1421,1.0
2041,1421,1.0
2042,1421,1.0
2043,2101,1.0
2044,1421,1.0
2045,1421,1.0
2046,2101,1.0
2047,2101,1.0
2048,1421,1.0
2049,2101,0.07142857142857142
2049,1421,0.9285714285714286
2050,1421,1.0
2051,2101,0.17857142857142858
2051,1421,0.8214285714285714
2052,2101,1.0
2053,2101,1.0
2054,1421,1.0
2055,1421,1.0
2056,1421,1.0
2057,1421,1.0
2058,2101,1.0
2059,1421,1.0
2060,2101,1.0
2061,1421,1.0
2062,2101,1.0
2063,2121,1.0
2064,2121,1.0
2065,1421,1.0
2066,1421,1.0
2067,2101,0.9642857142857143
2067,2041,0.03571428571428571
2068,1961,1.0
2069,2101,0.42857142857142855
2069,1421,0.5714285714285714
2070,1421,1.0
2071,1421,1.0
2072,2101,1.0
2073,2101,1.0
2074,2101,1.0
2075,2101,1.0
2076,1421,1.0
2077,1421,1.0
2078,1421,1.0
2079,2101,0.6428571428571429
2079,1961,0.35714285714285715
2080,1421,1.0
2081,1421,1.0
2082,1421,1.0
2083,1421,1.0
2084,1421,1.0
2085,1421,1.0
2086,2101,1.0
2087,1421,1.0
2088,2101,1.0
2089,1421,1.0
2090,2101,1.0
2091,1421,1.0
2092,1421,1.0
2093,1421,1.0
2094,1421,1.0
2095,2101,0.6428571428571429
2095,2041,0.35714285714285715
2096,2121,1.0
2097,1421,1.0
2098,1421,1.0
2099,1421,1.0
2100,1421,1.0
2101,1421,1.0
2102,1421,1.0
2103,1421,1.0
2104,2101,1.0
2105,1421,1.0
2106,1421,1.0
2107,1421,1.0
2108,1421,1.0
2109,1421,1.0
2110,2101,1.0
2111,1981,1.0
2112,1421,1.0
2113,2101,1.0
2114,1421,1.0
2115,1421,1.0
2116,2041,1.0
2117,2121,1.0
2118,1421,1.0
2119,2101,1.0
2120,1421,1.0
2121,2101,0.07142857142857142
2121,1421,0.9285714285714286
2122,1421,1.0
2123,1421,1.0
2124,2101,1.0
2125,1981,1.0
2126,1421,1.0
2127,2101,1.0
2128,1421,1.0
2129,1421,1.0
2130,2101,1.0
2131,1421,1.0
2132,2101,0.8571428571428571
2132,1421,0.14285714285714285
2133,1421,1.0
2134,2101,1.0
2135,2101,1.0
2136,1421,1.0
2137,1421,1.0
2138,2101,1.0
2139,1421,1.0
2140,1421,1.0
2141,1421,1.0
2142,1421,1.0
2143,1961,1.0
2144,2101,1.0
2145,1421,1.0
2146,1421,1.0
2147,1421,1.0
2148,2101,1.0
2149,2121,1.0
2150,1421,1.0
2151,1421,1.0
2152,2101,1.0
2153,1421,1.0
2154,1421,1.0
2155,1421,1.0
2156,1421,1.0
2157,2101,1.0
2158,1421,1.0
2159,1421,1.0
2160,1421,1.0
2161,1421,1.0
2162,1421,1.0
2163,1421,1.0
2164,2101,0.35714285714285715
2164,2041,0.6428571428571429
2165,2061,0.7142857142857143
2165,2101,0.2857142857142857
2166,1421,1.0
2167,1421,1.0
2168,2101,1.0
2169,1421,1.0
2170,2101,1.0
2171,1421,1.0
2172,1421,1.0
2173,1421,1.0
2174,2101,1.0
2175,2101,1.0
2176,1421,1.0
2177,1421,1.0
2178,1421,1.0
2179,1421,1.0
2180,1421,1.0
2181,1421,1.0
2182,1421,1.0
2183,2101,0.07142857142857142
2183,1421,0.9285714285714286
2184,2101,0.7142857142857143
2184,1961,0.2857142857142857
2185,1421,1.0
2186,1421,1.0
2187,1421,1.0
2188,1421,1.0
2189,2121,1.0
2190,2101,1.0
2191,1421,1.0
2192,2121,1.0
2193,2101,1.0
2194,1421,1.0
2195,1421,1.0
2196,1421,1.0
2197,1421,1.0
2198,1421,1.0
2199,1421,1.0
2200,2041,1.0
2201,1421,1.0
2202,1421,1.0
2203,2101,1.0
2204,2101,0.07142857142857142
2204,1421,0.9285714285714286
2205,2101,1.0
2206,2101,1.0
2207,1421,1.0
2208,1421,1.0
2209,1421,1.0
2210,1421,1.0
2211,1421,1.0
2212,1421,1.0
2213,2101,1.0
2214,2101,1.0
2215,1421,1.0
2216,1421,1.0
2217,1421,1.0
2218,1961,1.0
2219,1421,1.0
2220,1421,1.0
2221,2061,0.21428571428571427
2221,1981,0.7857142857142857
2222,1421,1.0
2223,2041,1.0
2224,1421,1.0
2225,1421,1.0
2226,2101,1.0
2227,1421,1.0
2228,1421,1.0
2229,2101,1.0
2230,1421,1.0
2231,1421,1.0
2232,1421,1.0
2233,1421,1.0
2234,1421,1.0
2235,1421,1.0
2236,1961,1.0
2237,2101,1.0
2238,1421,1.0
2239,2101,1.0
2240,2101,0.6428571428571429
2240,1421,0.35714285714285715
2241,1421,1.0
2242,1421,1.0
2243,1421,1.0
2244,2101,1.0
2245,1421,1.0
2246,2121,1.0
2247,1421,1.0
2248,1421,1.0
2249,1421,1.0
2250,2101,1.0
2251,1421,1.0
2252,1421,1.0
2253,2101,1.0
2254,1421,1.0
2255,1421,1.0
2256,1421,1.0
2257,2101,1.0
2258,1421,1.0
2259,2121,1.0
2260,2121,1.0
2261,1421,1.0
2262,1421,1.0
2263,1421,1.0
2264,2101,1.0
2265,1421,1.0
2266,2101,1.0
2267,2101,1.0
2268,1421,1.0
2269,1421,1.0
2270,1421,1.0
2271,2101,1.0
2272,2101,1.0
2273,1421,1.0
2274,2101,1.0
2275,2101,1.0
2276,1421,1.0
2277,1421,1.0
2278,1421,1.0
2279,1421,1.0
2280,2101,1.0
2281,1421,1.0
2282,2101,1.0
2283,1421,1.0
2284,2101,1.0
2285,2101,1.0
2286,1421,1.0
2287,1421,1.0
2288,1421,1.0
2289,1421,1.0
2290,1961,1.0
2291,2101,1.0
2292,2101,1.0
2293,2101,1.0
2294,1421,1.0
2295,1421,1.0
2296,1421,1.0
2297,2121,1.0
2298,1421,1.0
2299,2101,1.0
2300,2101,1.0
2301,2101,1.0
2302,2101,1.0
2303,2101,1.0
2304,2101,1.0
2305,2101,1.0
2306,2101,1.0
2307,2101,1.0
2308,2101,1.0
2309,2101,1.0
2310,2101,1.0
2311,2101,1.0
2312,2101,1.0
2313,2101,1.0
2314,2101,1.0
2315,2101,1.0
2316,2101,1.0
2317,2101,1.0
2318,2101,1.0
2319,2101,1.0
2320,2101,1.0
2321,2101,1.0
2322,2101,1.0
2323,2101,1.0
2324,2101,1.0
2325,2041,1.0
2326,2041,1.0
2327,2041,1.0
2328,2101,1.0
2329,2101,1.0
2330,2101,1.0
2331,2101,1.0
2332,1421,1.0
2333,1421,1.0
2334,1421,1.0
2335,1421,1.0
2336,1421,1.0
2337,1421,1.0
2338,1421,1.0
2339,1421,1.0
2340,1421,1.0
2341,1421,1.0
2342,1421,1.0
2343,1421,1.0
2344,1421,1.0
2345,1421,1.0
2346,1421,1.0
2347,1421,1.0
2348,1421,1.0
2349,1421,1.0
2350,1421,1.0
2351,1421,1.0
2352,1421,1.0
2353,1421,1.0
2354,1421,1.0
2355,1421,1.0
2356,1421,1.0
2357,1421,1.0
2358,1421,1.0
2359,1421,1.0
2360,1421,1.0
2361,1421,1.0
2362,1421,1.0
2363,1421,1.0
2364,1421,1.0
2365,1421,1.0
2366,1421,1.0
2367,1421,1.0
2368,1421,1.0
2369,1421,1.0
2370,1421,1.0
2371,1421,1.0
2372,1421,1.0
2373,1421,1.0
2374,1421,1.0
2375,1421,1.0
2376,1421,1.0
2377,1421,1.0
2378,1421,1.0
2379,1421,1.0
2380,1421,1.0
2381,1421,1.0
2382,1421,1.0
2383,1421,1.0
2384,1421,1.0
2385,1421,1.0
2386,1421,1.0
2387,1421,1.0
2388,1421,1.0
2389,1421,1.0
2390,1421,1.0
2391,1421,1.0
2392,1421,1.0
2393,1421,1.0
2394,1421,1.0
2395,1421,1.0
2396,1421,1.0
2397,1421,1.0
2398,1421,1.0
2399,1421,1.0
2400,1421,1.0
2401,1421,1.0
2402,1421,1.0
2403,1421,1.0
2404,1421,1.0
2405,1421,1.0
2406,1421,1.0
2407,1421,1.0
2408,1421,1.0
2409,1421,1.0
2410,1421,1.0
2411,1421,1.0
2412,2101,1.0
2413,2101,1.0
2414,2101,1.0
2415,1421,1.0
2416,1421,1.0
2417,2121,1.0
2418,2101,1.0
2419,1421,1.0
2420,2101,1.0
2421,1421,1.0
2422,1421,1.0
2423,1421,1.0
2424,1421,1.0
2425,2061,1.0
2426,1421,1.0
2427,2101,1.0
2428,1421,1.0
2429,1421,1.0
2430,1421,1.0
2431,1421,1.0
2432,1421,1.0
2433,1421,1.0
2434,1421,1.0
2435,2101,1.0
2436,1421,1.0
2437,2101,1.0
2438,1421,1.0
2439,1421,1.0
2440,1421,1.0
2441,1421,1.0
2442,2041,1.0
2443,2101,1.0
2444,1421,1.0
2445,1421,1.0
2446,2101,1.0
2447,1421,1.0
2448,2101,1.0
2449,2101,1.0
2450,1421,1.0
2451,1421,1.0
2452,2121,1.0
2453,1421,1.0
2454,1421,1.0
2455,2101,1.0
2456,2101,1.0
2457,1421,1.0
2458,1421,1.0
2459,1421,1.0
2460,2101,1.0
2461,2101,1.0
2462,1421,1.0
2463,1421,1.0
2464,1421,1.0
2465,1421,1.0
2466,1421,1.0
2467,2101,1.0
2468,2101,1.0
2469,2101,1.0
2470,2101,1.0
2471,1421,1.0
2472,1421,1.0
2473,1421,1.0
2474,1421,1.0
2475,2121,1.0
2476,1421,1.0
2477,1421,1.0
2478,1421,1.0
2479,1421,1.0
2480,2101,0.2857142857142857
2480,1961,0.7142857142857143
2481,2101,0.35714285714285715
2481,1421,0.6428571428571429
2482,2121,1.0
2483,1421,1.0
2484,1421,1.0
2485,1421,1.0
2486,1421,1.0
2487,1421,1.0
2488,1421,1.0
2489,1421,1.0
2490,1421,1.0
2491,1421,1.0
2492,1421,1.0
2493,2101,1.0
2494,1421,1.0
2495,2121,0.35714285714285715
2495,2101,0.6428571428571429
2496,1421,1.0
2497,2121,1.0
2498,1421,1.0
2499,1421,1.0
2500,1421,1.0
2501,1421,1.0
2502,1421,1.0
2503,1421,1.0
2504,1421,1.0
2505,1421,1.0
2506,2101,1.0
2507,1421,1.0
2508,2101,1.0
2509,2101,1.0
2510,2101,0.4642857142857143
2510,1421,0.5357142857142857
2511,1421,1.0
2512,1421,1.0
2513,1421,1.0
2514,2101,1.0
2515,1421,1.0
2516,1421,1.0
2517,1421,1.0
2518,1421,1.0
2519,2101,1.0
2520,1421,1.0
2521,2101,1.0
2522,2101,1.0
2523,1421,1.0
2524,1421,1.0
2525,1421,1.0
2526,1421,1.0
2527,1421,1.0
2528,2101,1.0
2529,1421,1.0
2530,1421,1.0
2531,1421,1.0
2532,1421,1.0
2533,1421,1.0
2534,1421,1.0
2535,1421,1.0
2536,1421,1.0
2537,2101,1.0
2538,1421,1.0
2539,1421,1.0
2540,1421,1.0
2541,2101,1.0
2542,2101,1.0
2543,1421,1.0
2544,2061,1.0
2545,2101,1.0
2546,1421,1.0
2547,1421,1.0
2548,1421,1.0
2549,1421,1.0
2550,1421,1.0
2551,1421,1.0
2552,2101,1.0
2553,1421,1.0
2554,2101,1.0
2555,1421,1.0
2556,1421,1.0
2557,1421,1.0
2558,2041,1.0
2559,2101,1.0
2560,2101,1.0
2561,1421,1.0
2562,1421,1.0
2563,2101,1.0
2564,1421,1.0
2565,2061,1.0
2566,1421,1.0
2567,2121,1.0
2568,1421,1.0
2569,1421,1.0
2570,1421,1.0
2571,1421,1.0
2572,1421,1.0
2573,1421,1.0
2574,2101,1.0
2575,1421,1.0
2576,1421,1.0
2577,2101,1.0
2578,2101,1.0
2579,2101,1.0
2580,2101,1.0
2581,2101,1.0
2582,2101,1.0
2583,2101,1.0
2584,2101,1.0
2585,2101,1.0
2586,2101,1.0
2587,2101,1.0
2588,2101,1.0
2589,2101,1.0
2590,2101,1.0
2591,2101,1.0
2592,2101,1.0
2593,2101,1.0
2594,2101,1.0
2595,2101,1.0
2596,2101,1.0
2597,2101,1.0
2598,2101,1.0
2599,2101,1.0
2600,2101,1.0
2601,2101,1.0
2602,2101,1.0
2603,2101,1.0
2604,2101,1.0
2605,2101,1.0
2606,2101,1.0
2607,2101,1.0
2608,2101,1.0
2609,2101,1.0
2610,2101,1.0
2611,2101,1.0
2612,2101,1.0
2613,2101,1.0
2614,2101,1.0
2615,2101,1.0
2616,2101,1.0
2617,2101,1.0
2618,2041,1.0
2619,2101,0.14285714285714285
2619,2041,0.8571428571428571
2620,2041,1.0
2621,2041,1.0
2622,2101,1.0
2623,2101,1.0
2624,2101,1.0
2625,2101,1.0
2626,2101,1.0
2627,2101,1.0
2628,2101,1.0
2629,1421,1.0
2630,1421,1.0
2631,1421,1.0
2632,1421,1.0
2633,1421,1.0
2634,1421,1.0
2635,1421,1.0
2636,1421,1.0
2637,1421,1.0
2638,1421,1.0
2639,1421,1.0
2640,1421,1.0
2641,1421,1.0
2642,1421,1.0
2643,1421,1.0
2644,1421,1.0
2645,1421,1.0
2646,1421,1.0
2647,1421,1.0
2648,1421,1.0
2649,1421,1.0
2650,1421,1.0
2651,1421,1.0
2652,1421,1.0
2653,1421,1.0
2654,1421,1.0
2655,1421,1.0
2656,1421,1.0
2657,1421,1.0
2658,1421,1.0
2659,1421,1.0
2660,1421,1.0
2661,1421,1.0
2662,1421,1.0
2663,1421,1.0
2664,1421,1.0
2665,1421,1.0
2666,1421,1.0
2667,1421,1.0
2668,1421,1.0
2669,1421,1.0
2670,1421,1.0
2671,1421,1.0
2672,1421,1.0
2673,1421,1.0
2674,1421,1.0
2675,1421,1.0
2676,1421,1.0
2677,1421,1.0
2678,1421,1.0
2679,1421,1.0
2680,1421,1.0
2681,1421,1.0
2682,1421,1.0
2683,1421,1.0
2684,1421,1.0
2685,1421,1.0
2686,1421,1.0
2687,1421,1.0
2688,1421,1.0
2689,1421,1.0
2690,1421,1.0
2691,1421,1.0
2692,1421,1.0
2693,1421,1.0
2694,1421,1.0
2695,1421,1.0
2696,1421,1.0
2697,1421,1.0
2698,1421,1.0
2699,1421,1.0
2700,1421,1.0
2701,1421,1.0
2702,1421,1.0
2703,1421,1.0
2704,1421,1.0
2705,1421,1.0
2706,1421,1.0
2707,1421,1.0
2708,1421,1.0
2709,1421,1.0
2710,1421,1.0
2711,1421,1.0
2712,1421,1.0
2713,1421,1.0
2714,1421,1.0
2715,1421,1.0
2716,1421,1.0
2717,1421,1.0
2718,1421,1.0
2719,1421,1.0
2720,1421,1.0
2721,1421,1.0
2722,1421,1.0
2723,1421,1.0
2724,1421,1.0
2725,1421,1.0
2726,1421,1.0
2727,1421,1.0
2728,1421,1.0
2729,1421,1.0
2730,1421,1.0
2731,1421,1.0
2732,1421,1.0
2733,1421,1.0
2734,1421,1.0
2735,1421,1.0
2736,1421,1.0
2737,1421,1.0
2738,1421,1.0
2739,1421,1.0
2740,1421,1.0
2741,1421,1.0
2742,1421,1.0
2743,1421,1.0
2744,1421,1.0
2745,1421,1.0
2746,1421,1.0
2747,1421,1.0
2748,1421,1.0
2749,1421,1.0
2750,1421,1.0
2751,1421,1.0
2752,1421,1.0
2753,1421,1.0
2754,1421,1.0
2755,1421,1.0
2756,1421,1.0
2757,1421,1.0
2758,1421,1.0
2759,1421,1.0
2760,1421,1.0
2761,1421,1.0
2762,1421,1.0
2763,1421,1.0
2764,1421,1.0
2765,1421,1.0
2766,1421,1.0
2767,1421,1.0
2768,1421,1.0
2769,1421,1.0
2770,1421,1.0
2771,1421,1.0
2772,1421,1.0
2773,1421,1.0
2774,1421,1.0
2775,1421,1.0
2776,1421,1.0
2777,1421,1.0
2778,2101,1.0
2779,2101,1.0
2780,2101,1.0
2781,1421,1.0
2782,1421,1.0
2783,1421,1.0
2784,2121,1.0
2785,1421,1.0
2786,1421,1.0
2787,2101,1.0
2788,2101,1.0
2789,2101,1.0
2790,2101,1.0
2791,2101,1.0
2792,2101,1.0
2793,2101,1.0
2794,2101,1.0
2795,2101,1.0
2796,2101,1.0
2797,2101,1.0
2798,2101,1.0
2799,2101,1.0
2800,2041,1.0
2801,2101,1.0
2802,2101,1.0
2803,2101,1.0
2804,1421,1.0
2805,1421,1.0
2806,1421,1.0
2807,1421,1.0
2808,1421,1.0
2809,1421,1.0
2810,1421,1.0
2811,1421,1.0
2812,1421,1.0
2813,1421,1.0
2814,1421,1.0
2815,1421,1.0
2816,1421,1.0
2817,1421,1.0
2818,1421,1.0
2819,1421,1.0
2820,1421,1.0
2821,1421,1.0
2822,1421,1.0
2823,1421,1.0
2824,1421,1.0
2825,1421,1.0
2826,1421,1.0
2827,1421,1.0
2828,1421,1.0
2829,1421,1.0
2830,1421,1.0
2831,1421,1.0
2832,1421,1.0
2833,1421,1.0
2834,1421,1.0
2835,1421,1.0
2836,1421,1.0
2837,1421,1.0
2838,1421,1.0
2839,1421,1.0
2840,1421,1.0
2841,1421,1.0
2842,1421,1.0
2843,1421,1.0
2844,1421,1.0
2845,1421,1.0
2846,1421,1.0
2847,1421,1.0
2848,1421,1.0
2849,1421,1.0
2850,1421,1.0
2851,1421,1.0
2852,1421,1.0
2853,1421,1.0
2854,1421,1.0
2855,1421,1.0
2856,1421,1.0
2857,1421,1.0
2858,2101,1.0
2859,1421,1.0
2860,2061,1.0
2861,1421,1.0
2862,1421,1.0
2863,1421,1.0
2864,1421,1.0
2865,1421,1.0
2866,2101,1.0
2867,2101,1.0
2868,2101,1.0
2869,2101,1.0
2870,1421,1.0
2871,1421,1.0
2872,2101,1.0
2873,1421,1.0
2874,1421,1.0
2875,1421,1.0
2876,2101,1.0
2877,1421,1.0
2878,1421,1.0
2879,1421,1.0
2880,1421,1.0
2881,2101,1.0
2882,1421,1.0
2883,1421,1.0
2884,2101,1.0
2885,1421,1.0
2886,1421,1.0
2887,1421,1.0
2888,1421,1.0
2889,2121,1.0
2890,1421,1.0
2891,1421,1.0
2892,2101,1.0
2893,1421,1.0
2894,2101,1.0
2895,1421,1.0
2896,2101,1.0
2897,2101,1.0
2898,1421,1.0
2899,1421,1.0
2900,2101,1.0
2901,1421,1.0
2902,1421,1.0
2903,1421,1.0
2904,1421,1.0
2905,2101,1.0
2906,1421,1.0
2907,1421,1.0
2908,1961,1.0
2909,1421,1.0
2910,1421,1.0
2911,2041,1.0
2912,2101,1.0
2913,1421,1.0
2914,1421,1.0
2915,1421,1.0
2916,2101,1.0
2917,1421,1.0
2918,1421,1.0
2919,1421,1.0
2920,2121,0.7857142857142857
2920,2101,0.21428571428571427
2921,2101,0.32142857142857145
2921,1961,0.6785714285714286
2922,1961,1.0
2923,1421,1.0
2924,1421,1.0
2925,1421,1.0
2926,2101,1.0
2927,1421,1.0
2928,2101,1.0
2929,1421,1.0
2930,1421,1.0
2931,2041,1.0
2932,2101,1.0
2933,2101,1.0
2934,2101,1.0
2935,2101,1.0
2936,2101,1.0
2937,1421,1.0
2938,1421,1.0
2939,2101,1.0
2940,1421,1.0
2941,1421,1.0
2942,1421,1.0
2943,1421,1.0
2944,1421,1.0
2945,1421,1.0
2946,1421,1.0
2947,1421,1.0
2948,1421,1.0
2949,2101,1.0
2950,1421,1.0
2951,2101,1.0
2952,1421,1.0
2953,1421,1.0
2954,1421,1.0
2955,1421,1.0
2956,2101,1.0
2957,1421,1.0
2958,1421,1.0
2959,1421,1.0
2960,1421,1.0
2961,1421,1.0
2962,2101,0.03571428571428571
2962,1421,0.9642857142857143
2963,2101,1.0
2964,1421,1.0
2965,1421,1.0
2966,1421,1.0
2967,1421,1.0
2968,1421,1.0
2969,1421,1.0
2970,1421,1.0
2971,1421,1.0
2972,1421,1.0
2973,2101,1.0
2974,1421,1.0
2975,2041,1.0
2976,1981,1.0
2977,1421,1.0
2978,1421,1.0
2979,2101,1.0
2980,1421,1.0
2981,2101,1.0
2982,1421,1.0
2983,2121,1.0
2984,1421,1.0
2985,1421,1.0
2986,1421,1.0
2987,1421,1.0
2988,1421,1.0
2989,1421,1.0
2990,2101,1.0
2991,2101,1.0
2992,1421,1.0
2993,1421,1.0
2994,2101,1.0
2995,1421,1.0
2996,1421,1.0
2997,1421,1.0
2998,1421,1.0
2999,1421,1.0
3000,2101,1.0
3001,2101,1.0
3002,1421,1.0
3003,1421,1.0
3004,1421,1.0
3005,2101,0.75
3005,1961,0.25
3006,2101,1.0
3007,2101,1.0
3008,1421,1.0
3009,2101,1.0
3010,1421,1.0
3011,2061,1.0
3012,1421,1.0
3013,1421,1.0
3014,1421,1.0
3015,1421,1.0
3016,2101,1.0
3017,1421,1.0
3018,1421,1.0
3019,2101,1.0
3020,1421,1.0
3021,2121,1.0
3022,1421,1.0
3023,1421,1.0
3024,1421,1.0
3025,1421,1.0
3026,2101,1.0
3027,1421,1.0
3028,1421,1.0
3029,1421,1.0
3030,2101,0.21428571428571427
3030,2041,0.7857142857142857
3031,1421,1.0
3032,2101,1.0
3033,2101,1.0
3034,2101,1.0
3035,2101,1.0
3036,2101,1.0
3037,1421,1.0
3038,1421,1.0
3039,1421,1.0
3040,1421,1.0
3041,1421,1.0
3042,1421,1.0
3043,1421,1.0
3044,1421,1.0
3045,2101,1.0
3046,1421,1.0
3047,1421,1.0
3048,1421,1.0
3049,1421,1.0
3050,1421,1.0
3051,1421,1.0
3052,2121,1.0
3053,2121,1.0
3054,1421,1.0
3055,1421,1.0
3056,1421,1.0
3057,2101,1.0
3058,2101,1.0
3059,1421,1.0
3060,1421,1.0
3061,1421,1.0
3062,1421,1.0
3063,1421,1.0
3064,1421,1.0
3065,2041,1.0
3066,1421,1.0
3067,1421,1.0
3068,1421,1.0
3069,2101,1.0
3070,1421,1.0
3071,2101,1.0
3072,1421,1.0
3073,1421,1.0
3074,2041,1.0
3075,1421,1.0
3076,1421,1.0
3077,2101,1.0
3078,2101,1.0
3079,2101,1.0
3080,2101,1.0
3081,1421,1.0
3082,1421,1.0
3083,1421,1.0
3084,1421,1.0
3085,1421,1.0
3086,2041,1.0
3087,2101,1.0
3088,2101,1.0
3089,1421,1.0
3090,1421,1.0
3091,1421,1.0
3092,1421,1.0
3093,1421,1.0
3094,2101,1.0
3095,1421,1.0
3096,2061,1.0
3097,2101,0.8214285714285714
3097,1961,0.17857142857142858
3098,2101,1.0
3099,2101,1.0
3100,2101,1.0
3101,2101,1.0
3102,2101,1.0
3103,2101,1.0
3104,2101,1.0
3105,2101,0.6785714285714286
3105,2041,0.32142857142857145
3106,2101,0.10714285714285714
3106,2041,0.8928571428571429
3107,2101,1.0
3108,2101,1.0
3109,2101,1.0
3110,1421,1.0
3111,1421,1.0
3112,1421,1.0
3113,1421,1.0
3114,1421,1.0
3115,1421,1.0
3116,1421,1.0
3117,1421,1.0
3118,1421,1.0
3119,1421,1.0
3120,1421,1.0
3121,1421,1.0
3122,1421,1.0
3123,1421,1.0
3124,1421,1.0
3125,1421,1.0
3126,1421,1.0
3127,1421,1.0
3128,1421,1.0
3129,1421,1.0
3130,1421,1.0
3131,1421,1.0
3132,1421,1.0
3133,1421,1.0
3134,1421,1.0
3135,1421,1.0
3136,1421,1.0
3137,1421,1.0
3138,1421,1.0
3139,1421,1.0
3140,1421,1.0
3141,1421,1.0
3142,1421,1.0
3143,1421,1.0
3144,1421,1.0
3145,1421,1.0
3146,1421,1.0
3147,1421,1.0
3148,1421,1.0
3149,2101,1.0
3150,1421,1.0
3151,1421,1.0
3152,1421,1.0
3153,2041,1.0
3154,2101,0.14285714285714285
3154,1421,0.8571428571428571
3155,1421,1.0
3156,1421,1.0
3157,2101,0.8928571428571429
3157,1421,0.10714285714285714
3158,2101,1.0
3159,1421,1.0
3160,1981,1.0
3161,1421,1.0
3162,1421,1.0
3163,1641,0.03571428571428571
3163,1981,0.9642857142857143
3164,1421,1.0
3165,1421,1.0
3166,1421,1.0
3167,1421,1.0
3168,1421,1.0
3169,1421,1.0
3170,1421,1.0
3171,1421,1.0
3172,2101,1.0
3173,2041,1.0
3174,1421,1.0
3175,1421,1.0
3176,2101,1.0
3177,2101,1.0
3178,1421,1.0
3179,1421,1.0
3180,2101,1.0
3181,2101,1.0
3182,1421,1.0
3183,1421,1.0
3184,1421,1.0
3185,1421,1.0
3186,1421,1.0
3187,1421,1.0
3188,1421,1.0
3189,2101,1.0
3190,2101,1.0
3191,1421,1.0
3192,2101,1.0
3193,2101,1.0
3194,2101,0.6071428571428571
3194,1961,0.39285714285714285
3195,1421,1.0
3196,1421,1.0
3197,1421,1.0
3198,2101,1.0
3199,1421,1.0
3200,1961,1.0
3201,2121,1.0
3202,1421,1.0
3203,1421,1.0
3204,1421,1.0
3205,2101,1.0
3206,1421,1.0
3207,1421,1.0
3208,1421,1.0
3209,1421,1.0
3210,1421,1.0
3211,1421,1.0
3212,1421,1.0
3213,1421,1.0
3214,2041,1.0
3215,2101,0.5357142857142857
3215,2041,0.4642857142857143
3216,1421,1.0
3217,2101,1.0
3218,1421,1.0
3219,2101,1.0
3220,2101,0.9285714285714286
3220,2041,0.07142857142857142
3221,1421,1.0
3222,1421,1.0
3223,2101,1.0
3224,1421,1.0
3225,2101,1.0
3226,1421,1.0
3227,1421,1.0
3228,2101,1.0
3229,2101,1.0
3230,1421,1.0
3231,1421,1.0
3232,1421,1.0
3233,2101,1.0
3234,1421,1.0
3235,1421,1.0
3236,1421,1.0
3237,1421,1.0
3238,2101,1.0
3239,1421,1.0
3240,1421,1.0
3241,1421,1.0
3242,2101,1.0
3243,1421,1.0
3244,1421,1.0
3245,2101,1.0
3246,1421,1.0
3247,1421,1.0
3248,1421,1.0
3249,1421,1.0
3250,1421,1.0
3251,1421,1.0
3252,1421,1.0
3253,1421,1.0
3254,1421,1.0
3255,1421,1.0
3256,1421,1.0
3257,1421,1.0
3258,2101,1.0
3259,2101,1.0
3260,2101,1.0
3261,2101,1.0
3262,1421,1.0
3263,2101,1.0
3264,1961,1.0
3265,1421,1.0
3266,2101,1.0
3267,1421,1.0
3268,1421,1.0
3269,1421,1.0
3270,1421,1.0
3271,1421,1.0
3272,1421,1.0
3273,1421,1.0
3274,1421,1.0
3275,2101,1.0
3276,1421,1.0
3277,1421,1.0
3278,1421,1.0
3279,1421,1.0
3280,1421,1.0
3281,1421,1.0
3282,1421,1.0
3283,1421,1.0
3284,1421,1.0
3285,1421,1.0
3286,1421,1.0
3287,2101,1.0
3288,2101,1.0
3289,1421,1.0
3290,1421,1.0
3291,2101,1.0
3292,1421,1.0
3293,1421,1.0
3294,2101,0.9642857142857143
3294,1421,0.03571428571428571
3295,2101,1.0
3296,2101,1.0
3297,1421,1.0
3298,2101,1.0
3299,1421,1.0
3300,1421,1.0
3301,1421,1.0
3302,1421,1.0
3303,1421,1.0
3304,1421,1.0
3305,1421,1.0
3306,2101,1.0
3307,2101,1.0
3308,1421,1.0
3309,1421,1.0
3310,1421,1.0
3311,1421,1.0
3312,2101,0.7142857142857143
3312,2041,0.2857142857142857
3313,2101,1.0
3314,1421,1.0
3315,1421,1.0
3316,2101,0.4642857142857143
3316,1961,0.5357142857142857
3317,1421,1.0
3318,1421,1.0
3319,1421,1.0
3320,1421,1.0
3321,2101,1.0
3322,1421,1.0
3323,1421,1.0
3324,1421,1.0
3325,2101,0.35714285714285715
3325,2041,0.6428571428571429
3326,2101,0.75
3326,2041,0.25
3327,2041,1.0
3328,2101,1.0
3329,1421,1.0
3330,1421,1.0
3331,1421,1.0
3332,1421,1.0
3333,1421,1.0
3334,1421,1.0
3335,1421,1.0
3336,1421,1.0
3337,1421,1.0
3338,2101,1.0
3339,2101,1.0
3340,1421,1.0
3341,1421,1.0
3342,1421,1.0
3343,2101,1.0
3344,1421,1.0
3345,1421,1.0
3346,1421,1.0
3347,2041,1.0
3348,1421,1.0
3349,1421,1.0
3350,2101,1.0
3351,1421,1.0
3352,1421,1.0
3353,1421,1.0
3354,1421,1.0
3355,1421,1.0
3356,1421,1.0
3357,1421,1.0
3358,1421,1.0
3359,1421,1.0
3360,1421,1.0
3361,1421,1.0
3362,1421,1.0
3363,1421,1.0
3364,1421,1.0
3365,1421,1.0
3366,1421,1.0
3367,1421,1.0
3368,1421,1.0
3369,1421,1.0
3370,1421,1.0
3371,2101,1.0
3372,2101,1.0
3373,1961,1.0
3374,2101,1.0
3375,2101,1.0
3376,2101,1.0
3377,2101,1.0
3378,2101,1.0
3379,2101,1.0
3380,2101,1.0
3381,2101,1.0
3382,2101,1.0
3383,2101,1.0
3384,1421,1.0
3385,1421,1.0
3386,1421,1.0
3387,1421,1.0
3388,1421,1.0
3389,1421,1.0
3390,1421,1.0
3391,1421,1.0
3392,1421,1.0
3393,1421,1.0
3394,1421,1.0
3395,1421,1.0
3396,1421,1.0
3397,1421,1.0
3398,1421,1.0
3399,1421,1.0
3400,1421,1.0
3401,1421,1.0
3402,1421,1.0
3403,1421,1.0
3404,1421,1.0
3405,1421,1.0
3406,1421,1.0
3407,1421,1.0
3408,1421,1.0
3409,1421,1.0
3410,1421,1.0
3411,1421,1.0
3412,1421,1.0
3413,1421,1.0
3414,1421,1.0
3415,1421,1.0
3416,1421,1.0
3417,1421,1.0
3418,1421,1.0
3419,1421,1.0
3420,1421,1.0
3421,1421,1.0
3422,1421,1.0
3423,1421,1.0
3424,1421,1.0
3425,1421,1.0
3426,1421,1.0
3427,1421,1.0
3428,1421,1.0
3429,1421,1.0
3430,2101,0.42857142857142855
3430,2041,0.5714285714285714
3431,1421,1.0
3432,2101,1.0
3433,1961,1.0
3434,2101,1.0
3435,2101,1.0
3436,2101,1.0
3437,1421,1.0
3438,1421,1.0
3439,1421,1.0
3440,1421,1.0
3441,1421,1.0
3442,1421,1.0
3443,1421,1.0
3444,1421,1.0
3445,1421,1.0
3446,1421,1.0
3447,1421,1.0
3448,2061,0.25
3448,2101,0.75
3449,2061,1.0
3450,2101,0.8571428571428571
3450,1421,0.14285714285714285
3451,2101,0.21428571428571427
3451,1421,0.7857142857142857
3452,2101,1.0
3453,1421,1.0
3454,1421,1.0
3455,1421,1.0
3456,1421,1.0
3457,1421,1.0
3458,2101,1.0
3459,2101,1.0
3460,2101,1.0
3461,2101,0.9285714285714286
3461,1421,0.07142857142857142
3462,2101,1.0
3463,2101,1.0
3464,2101,1.0
3465,2101,1.0
3466,2101,0.8214285714285714
3466,1421,0.17857142857142858
3467,2101,1.0
3468,2101,1.0
3469,2101,1.0
3470,2101,1.0
3471,2101,0.9642857142857143
3471,1421,0.03571428571428571
3472,2101,1.0
3473,2101,1.0
3474,2101,1.0
3475,2101,1.0
3476,2101,1.0
3477,2101,1.0
3478,2101,1.0
3479,2101,1.0
3480,2101,1.0
3481,2101,1.0
3482,2101,1.0
3483,2101,1.0
3484,2101,1.0
3485,2101,1.0
3486,2101,1.0
3487,2101,1.0
3488,2101,1.0
3489,2101,1.0
3490,2101,1.0
3491,2101,1.0
3492,2101,0.8928571428571429
3492,1421,0.10714285714285714
3493,2101,1.0
3494,2101,1.0
3495,2101,1.0
3496,2101,0.6785714285714286
3496,1421,0.32142857142857145
3497,2101,1.0
3498,1421,1.0
3499,1421,1.0
3500,2101,0.8928571428571429
3500,1421,0.10714285714285714
3501,2101,0.9642857142857143
3501,1421,0.03571428571428571
3502,2101,0.8928571428571429
3502,1421,0.10714285714285714
3503,2101,0.8928571428571429
3503,1421,0.10714285714285714
3504,2101,0.8928571428571429
3504,1421,0.10714285714285714
3505,2101,0.8928571428571429
3505,1421,0.10714285714285714
3506,2101,0.8928571428571429
3506,1421,0.10714285714285714
3507,2101,0.8214285714285714
3507,1421,0.17857142857142858
3508,2101,0.8928571428571429
3508,1421,0.10714285714285714
3509,1421,1.0
3510,2101,0.8571428571428571
3510,1421,0.14285714285714285
3511,2101,1.0
3512,2101,0.9642857142857143
3512,1421,0.03571428571428571
3513,2101,1.0
3514,2101,0.9642857142857143
3514,1421,0.03571428571428571
3515,2101,1.0
3516,2101,1.0
3517,2101,1.0
3518,2101,1.0
3519,2101,1.0
3520,2101,1.0
3521,2101,1.0
3522,2101,0.5714285714285714
3522,1421,0.42857142857142855
3523,2101,0.9642857142857143
3523,1421,0.03571428571428571
3524,2101,0.9285714285714286
3524,1421,0.07142857142857142
3525,2101,1.0
3526,2101,1.0
3527,2101,1.0
3528,2101,1.0
3529,2101,0.9285714285714286
3529,1961,0.07142857142857142
3530,2101,1.0
3531,2101,1.0
3532,2101,1.0
3533,2101,1.0
3534,2101,1.0
3535,2101,1.0
3536,2101,0.8928571428571429
3536,1421,0.10714285714285714
3537,2101,0.9642857142857143
3537,1961,0.03571428571428571
3538,2101,1.0
3539,2101,1.0
3540,2101,1.0
3541,2101,1.0
3542,2101,1.0
3543,2101,0.7142857142857143
3543,1421,0.2857142857142857
3544,2101,1.0
3545,2101,1.0
3546,2101,1.0
3547,2101,1.0
3548,2101,1.0
3549,2101,1.0
3550,2101,1.0
3551,2101,1.0
3552,2101,1.0
3553,2101,1.0
3554,2101,1.0
3555,2101,1.0
3556,2101,1.0
3557,2101,1.0
3558,2101,1.0
3559,2101,1.0
3560,2101,1.0
3561,2101,1.0
3562,2101,1.0
3563,2101,1.0
3564,2101,1.0
3565,2101,0.8214285714285714
3565,1961,0.17857142857142858
3566,2101,1.0
3567,2101,1.0
3568,2101,1.0
3569,2101,1.0
3570,2101,1.0
3571,2101,1.0
3572,2101,1.0
3573,2101,1.0
3574,2101,1.0
3575,2101,1.0
3576,2101,0.9642857142857143
3576,1421,0.03571428571428571
3577,2101,0.9642857142857143
3577,1421,0.03571428571428571
3578,2101,1.0
3579,2101,1.0
3580,2101,1.0
3581,2101,1.0
3582,2101,1.0
3583,2101,1.0
3584,2101,1.0
3585,2101,1.0
3586,2101,1.0
3587,2101,1.0
3588,2101,1.0
3589,2101,1.0
3590,2101,1.0
3591,2101,1.0
3592,2101,1.0
3593,2101,1.0
3594,2101,1.0
3595,2101,1.0
3596,2101,1.0
3597,2101,1.0
3598,2101,1.0
3599,2101,0.8571428571428571
3599,1961,0.14285714285714285
3600,2101,1.0
3601,2101,1.0
3602,2101,1.0
3603,2101,1.0
3604,2101,1.0
3605,2101,1.0
3606,2101,1.0
3607,2101,1.0
3608,2101,1.0
3609,2101,1.0
3610,2101,1.0
3611,2101,1.0
3612,2101,1.0
3613,2101,1.0
3614,2101,1.0
3615,2101,1.0
3616,2101,1.0
3617,2101,1.0
3618,2101,1.0
3619,2101,1.0
3620,2101,1.0
3621,2101,1.0
3622,2101,1.0
3623,2101,1.0
3624,2101,1.0
3625,2101,1.0
3626,2101,1.0
3627,2101,1.0
3628,2101,0.9642857142857143
3628,1421,0.03571428571428571
3629,2101,0.8928571428571429
3629,1421,0.10714285714285714
3630,2101,1.0
3631,2101,1.0
3632,2101,1.0
3633,2101,1.0
3634,2101,1.0
3635,2101,1.0
3636,2101,1.0
3637,2101,1.0
3638,2101,1.0
3639,2101,1.0
3640,2101,1.0
3641,2101,1.0
3642,2101,1.0
3643,2101,1.0
3644,2101,1.0
3645,2101,1.0
3646,2101,1.0
3647,2101,1.0
3648,2101,1.0
3649,2101,1.0
3650,2101,1.0
3651,2101,1.0
3652,2101,1.0
3653,2101,1.0
3654,2101,1.0
3655,2101,1.0
3656,2101,1.0
3657,2101,1.0
3658,2101,1.0
3659,2101,1.0
3660,2101,1.0
3661,2101,1.0
3662,2101,1.0
3663,2101,0.9642857142857143
3663,1961,0.03571428571428571
3664,2101,1.0
3665,2101,1.0
3666,2101,1.0
3667,2101,0.9285714285714286
3667,1421,0.07142857142857142
3668,2101,1.0
3669,2101,1.0
3670,2101,1.0
3671,2101,1.0
3672,2101,1.0
3673,2101,1.0
3674,2101,1.0
3675,2101,1.0
3676,2101,1.0
3677,2101,1.0
3678,2101,1.0
3679,2101,1.0
3680,2101,1.0
3681,2101,1.0
3682,2101,1.0
3683,2101,1.0
3684,2101,1.0
3685,2101,1.0
3686,2101,1.0
3687,2101,1.0
3688,2101,1.0
3689,2101,1.0
3690,2101,1.0
3691,2101,1.0
3692,2101,1.0
3693,2101,1.0
3694,2101,1.0
3695,2101,1.0
3696,2101,1.0
3697,2101,1.0
3698,2101,1.0
3699,2101,1.0
3700,2101,1.0
3701,2101,1.0
3702,2101,1.0
3703,2101,1.0
3704,2101,1.0
3705,2101,1.0
3706,2101,1.0
3707,2101,1.0
3708,2101,1.0
3709,2101,1.0
3710,2101,1.0
3711,2101,1.0
3712,2101,1.0
3713,2101,1.0
3714,2101,1.0
3715,2101,1.0
3716,2101,1.0
3717,2101,1.0
3718,2101,1.0
3719,2101,1.0
3720,2101,1.0
3721,2101,1.0
3722,2101,1.0
3723,2101,1.0
3724,2101,1.0
3725,2101,1.0
3726,2101,1.0
3727,2101,1.0
3728,2101,1.0
3729,2101,1.0
3730,2101,1.0
3731,2101,1.0
3732,2101,1.0
3733,2101,1.0
3734,2101,1.0
3735,2101,1.0
3736,2101,1.0
3737,2101,1.0
3738,2101,1.0
3739,2101,1.0
3740,2101,1.0
3741,2101,1.0
3742,2101,1.0
3743,2101,1.0
3744,2101,1.0
3745,2101,1.0
3746,2101,1.0
3747,2101,1.0
3748,2101,1.0
3749,2101,1.0
3750,2101,1.0
3751,2101,1.0
3752,2101,1.0
3753,2101,1.0
3754,2101,1.0
3755,2101,1.0
3756,2101,1.0
3757,2101,1.0
3758,2101,1.0
3759,2101,1.0
3760,2101,1.0
3761,2101,1.0
3762,2101,1.0
3763,2101,1.0
3764,2101,1.0
3765,2101,1.0
3766,2101,1.0
3767,2101,1.0
3768,2101,1.0
3769,2101,1.0
3770,2101,1.0
3771,2101,1.0
3772,2101,1.0
3773,2101,1.0
3774,2101,1.0
3775,2101,1.0
3776,2101,1.0
3777,2101,1.0
3778,2101,1.0
3779,2101,1.0
3780,2101,1.0
3781,2101,1.0
3782,2101,1.0
3783,2101,1.0
3784,2101,1.0
3785,2101,1.0
3786,2101,1.0
3787,2101,1.0
3788,2101,1.0
3789,2101,1.0
3790,2101,1.0
3791,2101,1.0
3792,2101,1.0
3793,2101,1.0
3794,2101,1.0
3795,2101,1.0
3796,2101,1.0
3797,2101,1.0
3798,2101,1.0
3799,2101,1.0
3800,2101,1.0
3801,2101,1.0
3802,2101,1.0
3803,2101,1.0
3804,2101,1.0
3805,2101,1.0
3806,2101,1.0
3807,2101,1.0
3808,2101,1.0
3809,2101,1.0
3810,2101,1.0
3811,2101,1.0
3812,2101,1.0
3813,2101,1.0
3814,2101,1.0
3815,2101,1.0
3816,2101,1.0
3817,2101,1.0
3818,2101,1.0
3819,2101,1.0
3820,2101,1.0
3821,2101,1.0
3822,2101,1.0
3823,2101,1.0
3824,2101,1.0
3825,2101,1.0
3826,2101,1.0
3827,2101,1.0
3828,2101,1.0
3829,2101,1.0
3830,2101,1.0
3831,2101,1.0
3832,2101,1.0
3833,2101,1.0
3834,2101,1.0
3835,2101,1.0
3836,2101,1.0
3837,2101,1.0
3838,2101,1.0
3839,2101,1.0
3840,2101,1.0
3841,2101,1.0
3842,2101,1.0
3843,2101,1.0
3844,2101,1.0
3845,2101,1.0
3846,2101,1.0
3847,2101,1.0
3848,2101,1.0
3849,2101,1.0
3850,2101,1.0
3851,2101,1.0
3852,2101,1.0
3853,2101,1.0
3854,2101,1.0
3855,2101,1.0
3856,2101,1.0
3857,2101,1.0
3858,2101,1.0
3859,2101,1.0
3860,2101,1.0
3861,2101,1.0
3862,2101,1.0
3863,2101,1.0
3864,2101,1.0
3865,2101,1.0
3866,2101,1.0
3867,2101,1.0
3868,2101,1.0
3869,2101,1.0
3870,2101,1.0
3871,2101,1.0
3872,2101,1.0
3873,2101,1.0
3874,2101,1.0
3875,2101,1.0
3876,2101,1.0
3877,2101,1.0
3878,2101,1.0
3879,2101,1.0
3880,2101,1.0
3881,2101,1.0
3882,2101,1.0
3883,2101,1.0
3884,2101,1.0
3885,2101,1.0
3886,2101,1.0
3887,2101,1.0
3888,2101,1.0
3889,2101,1.0
3890,2101,1.0
3891,2101,1.0
3892,2101,1.0
3893,2101,1.0
3894,2101,1.0
3895,2101,1.0
3896,2101,1.0
3897,2101,1.0
3898,2121,0.07142857142857142
3898,2101,0.9285714285714286
3899,2101,1.0
3900,2121,0.07142857142857142
3900,2101,0.9285714285714286
3901,2101,1.0
3902,2101,1.0
3903,2101,1.0
3904,2101,1.0
3905,2101,1.0
3906,2101,1.0
3907,2101,1.0
3908,2101,1.0
3909,2101,1.0
3910,2101,1.0
3911,2101,1.0
3912,2101,1.0
3913,2101,1.0
3914,2101,1.0
3915,2101,1.0
3916,2101,1.0
3917,2101,1.0
3918,2121,0.10714285714285714
3918,2101,0.8928571428571429
3919,2101,1.0
3920,2101,1.0
3921,2101,1.0
3922,2101,1.0
3923,2101,1.0
3924,2101,1.0
3925,2101,1.0
3926,2101,1.0
3927,2101,1.0
3928,2101,1.0
3929,2101,1.0
3930,2101,1.0
3931,2101,1.0
3932,2101,1.0
3933,2101,1.0
3934,2101,1.0
3935,2101,1.0
3936,2101,1.0
3937,2121,0.07142857142857142
3937,2101,0.9285714285714286
3938,2101,1.0
3939,2101,1.0
3940,2101,1.0
3941,2101,1.0
3942,2101,1.0
3943,2101,1.0
3944,2121,0.03571428571428571
3944,2101,0.9642857142857143
3945,2121,0.10714285714285714
3945,2101,0.8928571428571429
3946,2121,0.03571428571428571
3946,2101,0.9642857142857143
3947,2101,1.0
3948,2101,1.0
3949,2101,1.0
3950,2121,0.14285714285714285
3950,2101,0.8571428571428571
3951,2101,1.0
3952,2101,1.0
3953,2101,1.0
3954,2101,1.0
3955,2121,0.07142857142857142
3955,2101,0.9285714285714286
3956,2101,1.0
3957,2101,1.0
3958,2101,1.0
3959,2101,1.0
3960,2101,1.0
3961,2101,1.0
3962,2101,1.0
3963,2101,1.0
3964,2101,1.0
3965,2101,1.0
3966,2101,1.0
3967,2101,1.0
3968,2101,1.0
3969,2101,1.0
3970,2101,1.0
3971,2101,1.0
3972,2101,1.0
3973,2101,1.0
3974,2101,1.0
3975,2101,1.0
3976,2101,1.0
3977,2101,1.0
3978,2101,1.0
3979,2101,1.0
3980,2101,1.0
3981,2101,1.0
3982,2101,1.0
3983,2101,1.0
3984,2101,1.0
3985,2101,1.0
3986,2101,1.0
3987,2101,1.0
3988,2101,1.0
3989,2101,1.0
3990,2101,1.0
3991,2101,1.0
3992,2101,1.0
3993,2101,1.0
3994,2101,1.0
3995,2101,1.0
3996,2101,1.0
3997,2101,1.0
3998,2101,1.0
3999,2101,1.0
4000,2101,1.0
4001,2101,1.0
4002,2101,1.0
4003,2101,1.0
4004,2101,1.0
4005,2101,1.0
4006,2101,1.0
4007,2101,1.0
4008,2101,1.0
4009,2101,1.0
4010,2101,1.0
4011,2101,1.0
4012,2101,1.0
4013,2101,1.0
4014,2101,1.0
4015,2101,1.0
4016,2101,1.0
4017,2101,1.0
4018,2101,1.0
4019,2101,1.0
4020,2101,1.0
4021,2101,1.0
4022,2101,1.0
4023,2101,1.0
4024,2101,1.0
4025,2101,1.0
4026,2101,1.0
4027,2101,1.0
4028,2101,1.0
4029,2101,1.0
4030,2101,1.0
4031,2101,1.0
4032,2101,1.0
4033,2101,1.0
4034,2101,1.0
4035,2101,1.0
4036,2101,1.0
4037,2101,1.0
4038,2101,1.0
4039,2101,1.0
4040,2101,1.0
4041,2101,1.0
4042,2101,1.0
4043,2101,1.0
4044,2121,0.03571428571428571
4044,2101,0.9642857142857143
4045,2101,1.0
4046,2101,1.0
4047,2101,1.0
4048,2101,1.0
4049,2101,1.0
4050,2101,1.0
4051,2101,1.0
4052,2101,1.0
4053,2101,1.0
4054,2101,1.0
4055,2101,1.0
4056,2101,1.0
4057,2101,1.0
4058,2101,1.0
4059,2101,1.0
4060,2101,1.0
4061,2101,1.0
4062,2101,1.0
4063,2101,1.0
4064,2101,1.0
4065,2101,1.0
4066,2101,1.0
4067,2101,1.0
4068,2101,1.0
4069,2101,1.0
4070,2101,1.0
4071,2101,1.0
4072,2101,1.0
4073,2101,1.0
4074,2101,1.0
4075,2101,1.0
4076,2101,1.0
4077,2101,1.0
4078,2101,1.0
4079,2101,1.0
4080,2101,1.0
4081,2101,1.0
4082,2101,1.0
4083,2101,1.0
4084,2101,1.0
4085,2101,1.0
4086,2101,1.0
4087,2101,1.0
4088,2101,1.0
4089,2101,1.0
4090,2101,1.0
4091,2101,1.0
4092,2101,1.0
4093,2101,1.0
4094,2101,1.0
4095,2101,1.0
4096,2101,1.0
4097,2101,1.0
4098,2101,1.0
4099,2101,1.0
4100,2101,1.0
4101,2101,1.0
4102,2101,1.0
4103,2101,1.0
4104,2101,1.0
4105,2101,1.0
4106,2101,1.0
4107,2101,1.0
4108,2101,1.0
4109,2101,1.0
4110,2101,1.0
4111,2101,1.0
4112,2101,1.0
4113,2101,1.0
4114,2101,1.0
4115,2101,1.0
4116,2101,1.0
4117,2101,1.0
4118,2101,1.0
4119,2101,1.0
4120,2101,1.0
4121,2101,1.0
4122,2101,1.0
4123,2101,1.0
4124,2101,1.0
4125,2101,1.0
4126,2101,1.0
4127,2121,0.07142857142857142
4127,2101,0.9285714285714286
4128,2121,0.03571428571428571
4128,2101,0.9642857142857143
4129,2101,1.0
4130,2101,1.0
4131,2101,1.0
4132,2121,0.03571428571428571
4132,2101,0.9642857142857143
4133,1961,1.0
4134,2101,0.07142857142857142
4134,1961,0.9285714285714286
4135,2101,0.21428571428571427
4135,1961,0.7857142857142857
4136,1961,1.0
4137,1961,1.0
4138,2101,0.07142857142857142
4138,1961,0.9285714285714286
4139,2101,0.07142857142857142
4139,1961,0.9285714285714286
4140,1961,1.0
4141,1961,1.0
4142,1961,1.0
4143,1961,1.0
4144,1961,1.0
4145,2101,0.03571428571428571
4145,1961,0.9642857142857143
4146,1961,1.0
4147,1961,1.0
4148,1961,1.0
4149,1961,1.0
4150,2101,0.14285714285714285
4150,1961,0.8571428571428571
4151,2101,0.17857142857142858
4151,1961,0.8214285714285714
4152,2101,0.07142857142857142
4152,1961,0.9285714285714286
4153,2101,0.14285714285714285
4153,1961,0.8571428571428571
4154,2041,1.0
4155,2041,1.0
4156,2041,1.0
4157,2041,1.0
4158,2101,0.03571428571428571
4158,2041,0.9642857142857143
4159,2101,0.25
4159,2041,0.75
4160,2041,1.0
4161,2101,0.03571428571428571
4161,2041,0.9642857142857143
4162,2101,0.4642857142857143
4162,2041,0.5357142857142857
4163,2041,1.0
4164,2041,1.0
4165,2041,1.0
4166,2101,0.03571428571428571
4166,2041,0.9642857142857143
4167,2041,1.0
4168,2101,0.25
4168,2041,0.75
4169,2041,1.0
4170,2041,1.0
4171,2041,1.0
4172,2041,1.0
4173,2041,1.0
4174,2041,1.0
4175,2101,0.03571428571428571
4175,2041,0.9642857142857143
4176,2041,1.0
4177,2041,1.0
4178,2041,1.0
4179,2041,1.0
4180,2041,1.0
4181,2041,1.0
4182,2041,1.0
4183,2041,1.0
4184,2041,1.0
4185,2041,1.0
4186,2041,1.0
4187,2041,1.0
4188,2041,1.0
4189,2041,1.0
4190,2041,1.0
4191,2041,1.0
4192,2041,1.0
4193,2041,1.0
4194,2041,1.0
4195,2041,1.0
4196,2041,1.0
4197,2041,1.0
4198,2041,1.0
4199,2041,1.0
4200,2041,1.0
4201,2101,0.07142857142857142
4201,2041,0.9285714285714286
4202,2101,0.25
4202,2041,0.75
4203,2101,0.14285714285714285
4203,2041,0.8571428571428571
4204,2041,1.0
4205,2101,0.7857142857142857
4205,2041,0.21428571428571427
4206,2101,0.10714285714285714
4206,2041,0.8928571428571429
4207,2041,1.0
4208,2041,1.0
4209,2041,1.0
4210,2041,1.0
4211,2041,1.0
4212,2041,1.0
4213,2041,1.0
4214,2101,0.2857142857142857
4214,2041,0.7142857142857143
4215,2101,0.17857142857142858
4215,2041,0.8214285714285714
4216,2101,0.2857142857142857
4216,2041,0.7142857142857143
4217,2101,0.2857142857142857
4217,2041,0.7142857142857143
