Date;REC_REA_historic;RUN_REA_historic
01/01/2020;1.8;0.1
02/01/2020;1.7;0.0
03/01/2020;1.6;0.0
04/01/2020;1.5;0.0
05/01/2020;1.4;0.0
06/01/2020;1.3;0.0
07/01/2020;1.2;0.2
08/01/2020;1.2;0.1
09/01/2020;1.2;0.7
10/01/2020;1.2;0.0
11/01/2020;1.2;0.0
12/01/2020;1.1;0.0
13/01/2020;1.1;0.6
14/01/2020;1.6;1.9
15/01/2020;1.5;0.3
16/01/2020;1.6;1.1
17/01/2020;2.1;0.6
18/01/2020;2.0;0.0
19/01/2020;1.9;0.0
20/01/2020;1.8;0.0
21/01/2020;1.7;0.0
22/01/2020;1.5;0.0
23/01/2020;1.4;0.0
24/01/2020;1.3;0.0
25/01/2020;1.2;0.2
26/01/2020;1.1;0.6
27/01/2020;1.2;0.9
28/01/2020;1.2;0.2
29/01/2020;1.3;0.4
30/01/2020;1.5;0.6
31/01/2020;1.8;2.2
01/02/2020;2.9;1.6
02/02/2020;3.2;0.9
03/02/2020;3.3;0.2
04/02/2020;3.1;0.0
05/02/2020;2.9;0.0
06/02/2020;2.5;0.0
07/02/2020;2.2;0.7
08/02/2020;2.2;0.1
09/02/2020;2.1;0.1
10/02/2020;1.9;0.2
11/02/2020;1.8;0.2
12/02/2020;1.7;0.2
13/02/2020;1.6;0.3
14/02/2020;1.6;0.0
15/02/2020;1.5;1.2
16/02/2020;1.8;1.2
17/02/2020;1.8;0.1
18/02/2020;1.9;0.3
19/02/2020;1.8;0.2
20/02/2020;1.8;0.0
21/02/2020;1.6;0.0
22/02/2020;1.5;0.0
23/02/2020;1.5;0.1
24/02/2020;1.3;0.6
25/02/2020;1.4;0.3
26/02/2020;1.3;0.6
27/02/2020;1.5;1.0
28/02/2020;1.7;0.6
29/02/2020;1.7;0.5
01/03/2020;2.1;2.8
02/03/2020;2.9;0.7
03/03/2020;2.7;0.1
04/03/2020;4.7;4.8
05/03/2020;5.1;0.9
06/03/2020;5.0;0.0
07/03/2020;4.3;0.0
08/03/2020;3.7;0.5
09/03/2020;3.2;0.2
10/03/2020;3.0;0.5
11/03/2020;2.7;0.0
12/03/2020;2.6;0.0
13/03/2020;2.3;0.0
14/03/2020;2.1;0.2
15/03/2020;1.9;0.2
16/03/2020;1.7;0.0
17/03/2020;1.6;0.0
18/03/2020;1.5;0.0
19/03/2020;1.3;0.0
20/03/2020;1.2;0.0
21/03/2020;1.1;0.0
22/03/2020;1.0;0.0
23/03/2020;0.9;0.0
24/03/2020;0.9;0.0
25/03/2020;0.8;0.0
26/03/2020;0.7;0.0
27/03/2020;0.7;0.0
28/03/2020;0.6;0.0
29/03/2020;0.6;0.0
30/03/2020;0.6;0.0
31/03/2020;0.6;0.0
01/04/2020;0.6;0.0
02/04/2020;0.6;0.0
03/04/2020;0.6;0.0
04/04/2020;0.6;0.0
05/04/2020;0.6;0.0
06/04/2020;0.5;0.0
07/04/2020;0.5;0.1
08/04/2020;0.5;0.0
09/04/2020;0.5;0.0
10/04/2020;0.5;0.0
11/04/2020;0.5;0.0
12/04/2020;0.5;0.0
13/04/2020;0.5;0.1
14/04/2020;0.5;0.0
15/04/2020;0.5;0.0
16/04/2020;0.5;0.2
17/04/2020;0.5;0.4
18/04/2020;0.5;0.0
19/04/2020;0.5;0.0
20/04/2020;0.5;1.3
21/04/2020;0.5;0.2
22/04/2020;0.5;0.0
23/04/2020;0.5;0.0
24/04/2020;0.5;0.0
25/04/2020;0.5;0.0
26/04/2020;0.5;0.0
27/04/2020;0.5;0.2
28/04/2020;0.5;0.3
29/04/2020;0.6;1.5
30/04/2020;0.5;0.2
01/05/2020;0.5;0.1
02/05/2020;0.5;0.3
03/05/2020;0.5;0.2
04/05/2020;0.5;0.7
05/05/2020;0.6;0.8
06/05/2020;0.5;0.0
07/05/2020;0.5;0.0
08/05/2020;0.5;0.0
09/05/2020;0.5;0.0
10/05/2020;0.5;0.0
11/05/2020;0.5;0.0
12/05/2020;0.5;0.0
13/05/2020;0.5;0.0
14/05/2020;0.5;0.0
15/05/2020;0.5;0.0
16/05/2020;0.5;0.0
17/05/2020;0.5;0.0
18/05/2020;0.5;0.0
19/05/2020;0.5;0.0
20/05/2020;0.5;0.0
21/05/2020;0.5;0.0
22/05/2020;0.5;0.0
23/05/2020;0.5;0.0
24/05/2020;0.4;0.0
25/05/2020;0.4;0.0
26/05/2020;0.4;0.0
27/05/2020;0.4;0.0
28/05/2020;0.4;0.0
29/05/2020;0.4;0.0
30/05/2020;0.4;0.0
31/05/2020;0.4;0.0
01/06/2020;0.4;0.0
02/06/2020;0.4;0.0
03/06/2020;0.4;0.0
04/06/2020;0.4;0.0
05/06/2020;0.4;0.0
06/06/2020;0.4;0.0
07/06/2020;0.4;0.0
08/06/2020;0.4;0.0
09/06/2020;0.4;0.0
10/06/2020;0.4;0.1
11/06/2020;0.6;1.8
12/06/2020;0.5;0.0
13/06/2020;0.4;0.1
14/06/2020;0.4;0.2
15/06/2020;0.4;0.3
16/06/2020;0.4;0.1
17/06/2020;0.4;0.5
18/06/2020;0.4;0.4
19/06/2020;0.4;0.0
20/06/2020;0.4;0.0
21/06/2020;0.4;0.2
22/06/2020;0.4;0.0
23/06/2020;0.4;0.0
24/06/2020;0.4;0.0
25/06/2020;0.4;0.0
26/06/2020;0.4;0.0
27/06/2020;0.4;0.2
28/06/2020;0.4;0.0
29/06/2020;0.4;0.0
30/06/2020;0.4;0.0
01/07/2020;0.4;0.0
02/07/2020;0.4;0.0
03/07/2020;0.4;0.0
04/07/2020;0.4;0.1
05/07/2020;0.4;0.0
06/07/2020;0.4;0.0
07/07/2020;0.4;0.0
08/07/2020;0.4;0.0
09/07/2020;0.4;0.0
10/07/2020;0.4;0.0
11/07/2020;0.4;0.0
12/07/2020;0.4;0.0
13/07/2020;0.4;0.0
14/07/2020;0.4;0.0
15/07/2020;0.4;0.0
16/07/2020;0.4;0.0
17/07/2020;0.4;0.0
18/07/2020;0.4;0.0
19/07/2020;0.4;0.0
20/07/2020;0.4;0.0
21/07/2020;0.4;0.0
22/07/2020;0.4;0.0
23/07/2020;0.3;0.0
24/07/2020;0.3;0.0
25/07/2020;0.3;0.0
26/07/2020;0.3;0.0
27/07/2020;0.3;0.0
28/07/2020;0.3;0.0
29/07/2020;0.3;0.0
30/07/2020;0.3;0.0
31/07/2020;0.3;0.0
01/08/2020;0.3;0.0
02/08/2020;0.3;0.0
03/08/2020;0.3;0.0
04/08/2020;0.3;0.0
05/08/2020;0.3;0.0
06/08/2020;0.3;0.0
07/08/2020;0.3;0.0
08/08/2020;0.3;0.0
09/08/2020;0.3;0.0
10/08/2020;0.3;0.0
11/08/2020;0.3;0.0
12/08/2020;0.3;0.0
13/08/2020;0.3;0.0
14/08/2020;0.3;0.0
15/08/2020;0.3;0.1
16/08/2020;0.3;0.2
17/08/2020;0.3;0.1
18/08/2020;0.3;0.2
19/08/2020;0.5;1.5
20/08/2020;0.4;0.0
21/08/2020;0.3;0.0
22/08/2020;0.3;0.0
23/08/2020;0.3;0.0
24/08/2020;0.3;0.0
25/08/2020;0.3;0.0
26/08/2020;0.3;0.0
27/08/2020;0.3;0.1
28/08/2020;0.3;0.0
29/08/2020;0.3;0.0
30/08/2020;0.3;0.0
31/08/2020;0.3;0.0
01/09/2020;0.3;0.0
02/09/2020;0.3;0.0
03/09/2020;0.3;0.0
04/09/2020;0.3;0.0
05/09/2020;0.3;0.0
06/09/2020;0.3;0.0
07/09/2020;0.3;0.0
08/09/2020;0.3;0.0
09/09/2020;0.3;0.0
10/09/2020;0.3;0.0
11/09/2020;0.3;0.0
12/09/2020;0.3;0.0
13/09/2020;0.3;0.0
14/09/2020;0.3;0.0
15/09/2020;0.3;0.0
16/09/2020;0.3;0.0
17/09/2020;0.3;0.0
18/09/2020;0.3;0.0
19/09/2020;0.3;0.0
20/09/2020;0.3;0.0
21/09/2020;0.3;0.0
22/09/2020;0.3;0.0
23/09/2020;0.3;0.0
24/09/2020;0.3;0.2
25/09/2020;0.3;0.0
26/09/2020;0.3;0.0
27/09/2020;0.3;0.0
28/09/2020;0.3;0.0
29/09/2020;0.3;0.0
30/09/2020;0.3;0.4
01/10/2020;0.3;1.6
02/10/2020;0.8;1.3
03/10/2020;0.5;1.0
04/10/2020;0.3;0.0
05/10/2020;0.3;0.2
06/10/2020;0.3;0.0
07/10/2020;0.3;0.0
08/10/2020;0.3;0.2
09/10/2020;0.3;0.1
10/10/2020;0.3;0.0
11/10/2020;0.3;0.0
12/10/2020;0.3;0.2
13/10/2020;0.3;0.0
14/10/2020;0.3;0.2
15/10/2020;0.3;0.0
16/10/2020;0.3;0.0
17/10/2020;0.3;0.0
18/10/2020;0.3;0.0
19/10/2020;0.3;0.0
20/10/2020;0.3;0.4
21/10/2020;0.3;0.9
22/10/2020;0.3;0.0
23/10/2020;0.3;0.0
24/10/2020;0.3;1.2
25/10/2020;0.4;0.1
26/10/2020;0.3;0.0
27/10/2020;0.3;0.9
28/10/2020;0.3;0.0
29/10/2020;0.3;0.1
30/10/2020;0.3;0.0
31/10/2020;0.3;0.0
01/11/2020;0.3;1.2
02/11/2020;0.4;0.3
03/11/2020;0.3;0.0
04/11/2020;0.3;0.1
05/11/2020;0.3;0.0
06/11/2020;0.3;0.0
07/11/2020;0.3;0.3
08/11/2020;0.3;0.3
09/11/2020;0.3;0.1
10/11/2020;0.3;0.0
11/11/2020;0.3;0.3
12/11/2020;0.3;0.2
13/11/2020;0.3;0.6
14/11/2020;0.3;0.0
15/11/2020;0.4;1.3
16/11/2020;0.4;0.0
17/11/2020;0.4;0.0
18/11/2020;0.3;0.1
19/11/2020;0.3;0.0
20/11/2020;0.3;0.0
21/11/2020;0.3;0.0
22/11/2020;0.3;0.0
23/11/2020;0.3;0.0
24/11/2020;0.3;0.0
25/11/2020;0.3;0.0
26/11/2020;0.3;0.0
27/11/2020;0.3;0.0
28/11/2020;0.3;0.0
29/11/2020;0.3;0.0
30/11/2020;0.3;0.0
01/12/2020;0.3;0.0
02/12/2020;0.3;0.0
03/12/2020;0.3;1.4
04/12/2020;0.3;0.0
05/12/2020;0.3;0.2
06/12/2020;0.3;0.0
07/12/2020;0.4;1.3
08/12/2020;0.4;0.0
09/12/2020;0.4;1.3
10/12/2020;0.7;1.7
11/12/2020;0.8;1.8
12/12/2020;0.6;0.0
13/12/2020;0.7;1.1
14/12/2020;0.7;0.3
15/12/2020;0.7;0.0
16/12/2020;0.7;0.4
17/12/2020;0.7;0.0
18/12/2020;0.7;0.7
19/12/2020;0.7;0.4
20/12/2020;0.7;0.3
21/12/2020;0.8;1.1
22/12/2020;1.0;3.0
23/12/2020;1.0;0.5
24/12/2020;1.1;0.3
25/12/2020;1.0;0.0
26/12/2020;1.0;0.0
27/12/2020;1.0;1.4
28/12/2020;1.1;1.5
29/12/2020;1.1;0.0
30/12/2020;1.1;0.3
31/12/2020;1.1;0.4
01/01/2021;1.0;0.3
02/01/2021;1.0;0.0
03/01/2021;1.0;0.0
04/01/2021;0.9;0.1
05/01/2021;0.9;0.0
06/01/2021;0.9;0.0
07/01/2021;0.8;0.0
08/01/2021;0.8;0.7
09/01/2021;0.8;0.0
10/01/2021;0.8;0.0
11/01/2021;0.8;0.0
12/01/2021;0.8;0.2
13/01/2021;0.8;0.0
14/01/2021;0.8;0.2
15/01/2021;0.7;0.0
16/01/2021;0.7;0.3
17/01/2021;0.7;0.0
18/01/2021;0.7;0.0
19/01/2021;0.7;0.5
20/01/2021;0.7;0.7
21/01/2021;0.8;1.1
22/01/2021;0.8;0.0
23/01/2021;0.8;0.9
24/01/2021;0.8;0.3
25/01/2021;0.8;0.0
26/01/2021;0.8;0.8
27/01/2021;0.9;0.8
28/01/2021;1.0;0.9
29/01/2021;1.0;0.6
30/01/2021;1.1;1.2
31/01/2021;1.2;1.0
01/02/2021;2.8;1.6
02/02/2021;3.8;1.6
03/02/2021;4.6;0.8
04/02/2021;5.2;2.1
05/02/2021;5.0;0.0
06/02/2021;4.4;0.0
07/02/2021;3.6;0.0
08/02/2021;3.2;0.0
09/02/2021;2.7;0.8
10/02/2021;2.7;0.2
11/02/2021;2.5;0.2
12/02/2021;2.4;0.2
13/02/2021;2.2;0.0
14/02/2021;2.1;0.0
15/02/2021;2.0;0.3
16/02/2021;2.0;1.1
17/02/2021;2.1;0.0
18/02/2021;2.0;0.2
19/02/2021;1.9;0.0
20/02/2021;1.9;0.1
21/02/2021;1.7;0.4
22/02/2021;1.8;0.4
23/02/2021;1.7;0.0
24/02/2021;1.6;0.0
25/02/2021;1.5;0.0
26/02/2021;1.3;0.0
27/02/2021;1.3;0.0
28/02/2021;1.2;0.0
01/03/2021;1.0;0.0
02/03/2021;1.0;0.0
03/03/2021;0.9;0.1
04/03/2021;0.8;0.0
05/03/2021;0.8;0.0
06/03/2021;0.7;0.0
07/03/2021;0.7;0.0
08/03/2021;0.6;0.0
09/03/2021;0.6;0.0
10/03/2021;0.6;0.5
11/03/2021;0.6;0.1
12/03/2021;0.6;0.0
13/03/2021;0.6;0.1
14/03/2021;0.6;0.0
15/03/2021;0.6;0.0
16/03/2021;0.6;0.0
17/03/2021;0.6;0.0
18/03/2021;0.6;0.0
19/03/2021;0.6;0.0
20/03/2021;0.6;0.0
21/03/2021;0.6;0.0
22/03/2021;0.6;0.0
23/03/2021;0.6;0.0
24/03/2021;0.6;0.0
25/03/2021;0.5;0.0
26/03/2021;0.5;0.2
27/03/2021;0.5;0.0
28/03/2021;0.5;0.0
29/03/2021;0.5;0.0
30/03/2021;0.5;0.0
31/03/2021;0.5;0.0
01/04/2021;0.5;0.0
02/04/2021;0.5;0.0
03/04/2021;0.5;0.0
04/04/2021;0.5;0.0
05/04/2021;0.5;0.0
06/04/2021;0.5;0.0
07/04/2021;0.5;0.0
08/04/2021;0.5;0.0
09/04/2021;0.5;0.4
10/04/2021;0.5;1.3
11/04/2021;0.5;0.0
12/04/2021;0.5;0.0
13/04/2021;0.5;0.0
14/04/2021;0.5;0.0
15/04/2021;0.5;0.0
16/04/2021;0.5;0.0
17/04/2021;0.5;0.0
18/04/2021;0.5;0.0
19/04/2021;0.5;0.0
20/04/2021;0.5;0.0
21/04/2021;0.5;0.0
22/04/2021;0.5;0.0
23/04/2021;0.5;0.0
24/04/2021;0.5;0.0
25/04/2021;0.5;0.0
26/04/2021;0.5;0.0
27/04/2021;0.5;0.0
28/04/2021;0.5;0.0
29/04/2021;0.4;0.0
30/04/2021;0.4;0.0
01/05/2021;0.4;0.0
02/05/2021;0.4;0.0
03/05/2021;0.4;0.0
04/05/2021;0.4;0.1
05/05/2021;0.4;0.1
06/05/2021;0.4;0.1
07/05/2021;0.4;0.0
08/05/2021;0.4;0.0
09/05/2021;0.4;0.0
10/05/2021;0.4;0.0
11/05/2021;0.4;0.0
12/05/2021;0.4;0.4
13/05/2021;0.4;0.2
14/05/2021;0.4;0.1
15/05/2021;0.4;0.3
16/05/2021;0.4;0.2
17/05/2021;0.4;0.1
18/05/2021;0.4;0.0
19/05/2021;0.4;0.0
20/05/2021;0.4;0.0
21/05/2021;0.4;0.0
22/05/2021;0.4;0.0
23/05/2021;0.4;0.3
24/05/2021;0.4;0.3
25/05/2021;0.4;0.1
26/05/2021;0.4;0.0
27/05/2021;0.4;0.0
28/05/2021;0.4;0.0
29/05/2021;0.4;0.0
30/05/2021;0.4;0.0
31/05/2021;0.4;0.0
01/06/2021;0.4;0.0
02/06/2021;0.4;0.0
03/06/2021;0.4;0.0
04/06/2021;0.4;0.0
05/06/2021;0.4;0.0
06/06/2021;0.4;0.0
07/06/2021;0.4;0.0
08/06/2021;0.4;0.0
09/06/2021;0.4;0.0
10/06/2021;0.4;0.0
11/06/2021;0.4;0.0
12/06/2021;0.4;0.0
13/06/2021;0.4;0.0
14/06/2021;0.4;0.0
15/06/2021;0.4;0.0
16/06/2021;0.4;0.2
17/06/2021;0.4;0.1
18/06/2021;0.4;0.0
19/06/2021;0.4;0.1
20/06/2021;0.4;0.7
21/06/2021;0.4;0.3
22/06/2021;0.4;0.0
23/06/2021;0.4;0.0
24/06/2021;0.4;0.0
25/06/2021;0.4;0.1
26/06/2021;0.4;0.1
27/06/2021;0.4;0.2
28/06/2021;0.4;0.2
29/06/2021;0.4;0.2
30/06/2021;0.4;0.0
01/07/2021;0.4;0.0
02/07/2021;0.3;0.0
03/07/2021;0.3;0.1
04/07/2021;0.3;0.3
05/07/2021;0.4;0.8
06/07/2021;0.4;0.1
07/07/2021;0.4;0.0
08/07/2021;0.3;0.0
09/07/2021;0.3;0.0
10/07/2021;0.4;0.6
11/07/2021;0.3;0.1
12/07/2021;0.3;0.1
13/07/2021;0.3;0.0
14/07/2021;0.3;0.0
15/07/2021;0.3;0.0
16/07/2021;0.3;0.0
17/07/2021;0.3;0.0
18/07/2021;0.3;0.0
19/07/2021;0.3;0.0
20/07/2021;0.3;0.0
21/07/2021;0.3;0.0
22/07/2021;0.3;0.0
23/07/2021;0.3;0.0
24/07/2021;0.4;1.4
25/07/2021;0.4;0.4
26/07/2021;0.4;0.3
27/07/2021;0.4;0.6
28/07/2021;0.3;0.0
29/07/2021;0.3;0.0
30/07/2021;0.3;0.1
31/07/2021;0.3;0.0
01/08/2021;0.3;0.0
02/08/2021;0.3;0.0
03/08/2021;0.3;0.4
04/08/2021;0.3;0.6
05/08/2021;0.3;0.2
06/08/2021;0.3;0.1
07/08/2021;0.3;0.2
08/08/2021;0.3;0.1
09/08/2021;0.3;0.5
10/08/2021;0.3;0.0
11/08/2021;0.3;0.0
12/08/2021;0.3;0.0
13/08/2021;0.3;0.0
14/08/2021;0.3;0.0
15/08/2021;0.3;0.0
16/08/2021;0.3;0.0
17/08/2021;0.3;0.0
18/08/2021;0.3;0.0
19/08/2021;0.3;0.0
20/08/2021;0.3;0.0
21/08/2021;0.3;0.1
22/08/2021;0.3;0.0
23/08/2021;0.3;0.0
24/08/2021;0.3;0.0
25/08/2021;0.3;0.0
26/08/2021;0.3;0.0
27/08/2021;0.3;0.0
28/08/2021;0.3;0.0
29/08/2021;0.3;0.0
30/08/2021;0.3;0.0
31/08/2021;0.3;0.0
01/09/2021;0.3;0.0
02/09/2021;0.3;0.0
03/09/2021;0.3;0.0
04/09/2021;0.3;0.0
05/09/2021;0.3;0.0
06/09/2021;0.3;0.0
07/09/2021;0.3;0.0
08/09/2021;0.3;0.1
09/09/2021;0.3;0.0
10/09/2021;0.3;0.0
11/09/2021;0.3;0.0
12/09/2021;0.3;0.0
13/09/2021;0.3;0.0
14/09/2021;0.3;0.0
15/09/2021;0.3;0.0
16/09/2021;0.3;0.0
17/09/2021;0.3;0.1
18/09/2021;0.3;0.1
19/09/2021;0.3;0.0
20/09/2021;0.3;0.0
21/09/2021;0.3;0.0
22/09/2021;0.3;0.0
23/09/2021;0.3;0.0
24/09/2021;0.3;0.0
25/09/2021;0.3;0.1
26/09/2021;0.3;0.2
27/09/2021;0.3;0.2
28/09/2021;0.3;0.1
29/09/2021;0.3;0.0
30/09/2021;0.3;0.0
01/10/2021;0.3;0.7
02/10/2021;0.7;3.4
03/10/2021;0.6;0.7
04/10/2021;0.3;0.2
05/10/2021;0.3;0.1
06/10/2021;0.3;0.0
07/10/2021;0.3;0.0
08/10/2021;0.3;0.0
09/10/2021;0.3;0.0
10/10/2021;0.3;0.0
11/10/2021;0.3;0.0
12/10/2021;0.3;0.0
13/10/2021;0.3;0.0
14/10/2021;0.3;0.0
15/10/2021;0.3;0.0
16/10/2021;0.3;0.0
17/10/2021;0.3;0.0
18/10/2021;0.3;0.9
19/10/2021;0.3;0.2
20/10/2021;0.3;0.6
21/10/2021;0.3;0.0
22/10/2021;0.3;0.1
23/10/2021;0.3;0.0
24/10/2021;0.3;0.3
25/10/2021;0.3;0.1
26/10/2021;0.3;0.0
27/10/2021;0.3;0.0
28/10/2021;0.3;0.0
29/10/2021;0.3;0.1
30/10/2021;0.3;0.3
31/10/2021;0.3;1.3
01/11/2021;0.3;0.6
02/11/2021;0.4;0.8
03/11/2021;0.4;0.1
04/11/2021;0.3;0.1
05/11/2021;0.3;0.0
06/11/2021;0.3;0.0
07/11/2021;0.3;0.0
08/11/2021;0.3;0.0
09/11/2021;0.3;0.0
10/11/2021;0.3;0.0
11/11/2021;0.3;0.0
12/11/2021;0.3;0.0
13/11/2021;0.3;0.0
14/11/2021;0.3;0.0
15/11/2021;0.3;0.0
16/11/2021;0.3;0.0
17/11/2021;0.3;0.0
18/11/2021;0.3;0.0
19/11/2021;0.3;0.0
20/11/2021;0.3;0.0
21/11/2021;0.3;0.2
22/11/2021;0.3;0.0
23/11/2021;0.3;0.0
24/11/2021;0.3;0.0
25/11/2021;0.3;0.0
26/11/2021;0.3;0.0
27/11/2021;0.3;0.3
28/11/2021;0.3;0.0
29/11/2021;0.3;0.0
30/11/2021;0.3;0.2
01/12/2021;0.3;0.2
02/12/2021;0.3;0.0
03/12/2021;0.3;0.9
04/12/2021;0.3;0.1
05/12/2021;0.3;0.1
06/12/2021;0.3;0.2
07/12/2021;0.3;1.1
08/12/2021;0.3;0.0
09/12/2021;0.4;0.6
10/12/2021;0.4;0.2
11/12/2021;0.3;0.1
12/12/2021;0.3;0.0
13/12/2021;0.3;0.0
14/12/2021;0.3;0.0
15/12/2021;0.3;0.0
16/12/2021;0.3;0.0
17/12/2021;0.3;0.0
18/12/2021;0.3;0.0
19/12/2021;0.3;0.0
20/12/2021;0.3;0.0
21/12/2021;0.3;0.0
22/12/2021;0.3;0.0
23/12/2021;0.3;0.1
24/12/2021;0.3;0.1
25/12/2021;0.3;0.3
26/12/2021;0.3;1.1
27/12/2021;0.5;2.7
28/12/2021;0.7;1.1
29/12/2021;0.6;0.6
30/12/2021;0.5;0.0
31/12/2021;0.5;0.0
01/01/2022;0.5;0.1
02/01/2022;0.5;0.2
03/01/2022;0.6;2.1
04/01/2022;0.8;0.3
05/01/2022;0.7;0.0
06/01/2022;0.7;0.1
07/01/2022;0.7;0.6
08/01/2022;0.8;1.6
09/01/2022;0.8;0.6
10/01/2022;0.9;0.2
11/01/2022;0.9;0.4
12/01/2022;0.9;0.1
13/01/2022;0.9;0.0
14/01/2022;0.8;0.0
15/01/2022;0.8;0.0
16/01/2022;0.7;0.0
17/01/2022;0.7;0.0
18/01/2022;0.7;0.0
19/01/2022;0.7;0.1
20/01/2022;0.7;0.0
21/01/2022;0.6;0.0
22/01/2022;0.6;0.0
23/01/2022;0.6;0.0
24/01/2022;0.6;0.0
25/01/2022;0.6;0.0
26/01/2022;0.6;0.0
27/01/2022;0.6;0.0
28/01/2022;0.6;0.0
29/01/2022;0.5;0.0
30/01/2022;0.5;0.0
31/01/2022;0.5;0.0
01/02/2022;0.5;0.0
02/02/2022;0.5;0.0
03/02/2022;0.5;0.0
04/02/2022;0.5;0.0
05/02/2022;0.5;0.0
06/02/2022;0.5;0.1
07/02/2022;0.5;0.0
08/02/2022;0.5;0.0
09/02/2022;0.5;0.0
10/02/2022;0.5;0.0
11/02/2022;0.5;0.0
12/02/2022;0.5;0.0
13/02/2022;0.5;1.7
14/02/2022;0.5;0.0
15/02/2022;0.5;0.9
16/02/2022;0.6;0.7
17/02/2022;0.6;0.0
18/02/2022;0.6;0.3
19/02/2022;0.6;0.0
20/02/2022;0.6;0.2
21/02/2022;0.6;0.0
22/02/2022;0.6;0.0
23/02/2022;0.6;0.0
24/02/2022;0.6;0.1
25/02/2022;0.6;0.0
26/02/2022;0.5;0.0
27/02/2022;0.5;0.0
28/02/2022;0.5;0.0
01/03/2022;0.5;0.6
02/03/2022;0.5;0.3
03/03/2022;0.5;0.4
04/03/2022;0.5;0.0
05/03/2022;0.5;0.0
06/03/2022;0.5;0.1
07/03/2022;0.5;0.0
08/03/2022;0.5;0.1
09/03/2022;0.5;0.3
10/03/2022;0.5;0.1
11/03/2022;0.5;1.7
12/03/2022;0.5;0.1
13/03/2022;0.6;0.2
14/03/2022;0.6;0.2
15/03/2022;0.6;0.0
16/03/2022;0.6;0.0
17/03/2022;0.6;0.0
18/03/2022;0.6;0.0
19/03/2022;0.6;0.0
20/03/2022;0.5;0.0
21/03/2022;0.5;0.0
22/03/2022;0.5;0.0
23/03/2022;0.5;0.0
24/03/2022;0.5;0.0
25/03/2022;0.5;0.0
26/03/2022;0.5;0.0
27/03/2022;0.5;0.0
28/03/2022;0.5;0.0
29/03/2022;0.5;0.0
30/03/2022;0.5;0.0
31/03/2022;0.5;0.0
01/04/2022;0.4;0.0
02/04/2022;0.4;0.0
03/04/2022;0.4;0.0
04/04/2022;0.4;0.0
05/04/2022;0.4;0.0
06/04/2022;0.4;0.4
07/04/2022;0.4;0.5
08/04/2022;0.5;1.3
09/04/2022;0.4;0.0
10/04/2022;0.4;0.0
11/04/2022;0.4;0.0
12/04/2022;0.4;0.1
13/04/2022;0.4;0.1
14/04/2022;0.4;0.0
15/04/2022;0.4;0.0
16/04/2022;0.4;0.0
17/04/2022;0.4;0.0
18/04/2022;0.4;0.0
19/04/2022;0.4;0.0
20/04/2022;0.4;0.0
21/04/2022;0.4;0.0
22/04/2022;0.4;0.0
23/04/2022;0.4;0.0
24/04/2022;0.4;0.0
25/04/2022;0.4;0.0
26/04/2022;0.4;0.0
27/04/2022;0.4;0.0
28/04/2022;0.4;0.0
29/04/2022;0.4;0.0
30/04/2022;0.4;0.0
01/05/2022;0.4;0.0
02/05/2022;0.4;0.0
03/05/2022;0.4;0.0
04/05/2022;0.4;0.0
05/05/2022;0.4;0.0
06/05/2022;0.4;0.0
07/05/2022;0.4;0.0
08/05/2022;0.4;0.0
09/05/2022;0.4;0.0
10/05/2022;0.4;0.0
11/05/2022;0.4;0.0
12/05/2022;0.4;0.0
13/05/2022;0.4;0.0
14/05/2022;0.4;0.0
15/05/2022;0.4;0.0
16/05/2022;0.4;0.0
17/05/2022;0.3;0.0
18/05/2022;0.3;0.0
19/05/2022;0.3;0.0
20/05/2022;0.3;0.0
21/05/2022;0.3;0.0
22/05/2022;0.3;0.0
23/05/2022;0.3;0.2
24/05/2022;0.3;0.0
25/05/2022;0.3;0.0
26/05/2022;0.3;0.0
27/05/2022;0.3;0.0
28/05/2022;0.3;0.0
29/05/2022;0.3;0.0
30/05/2022;0.3;0.0
31/05/2022;0.3;0.0
01/06/2022;0.3;0.0
02/06/2022;0.3;0.0
03/06/2022;0.3;0.0
04/06/2022;0.3;0.0
05/06/2022;0.3;0.0
06/06/2022;0.3;0.1
07/06/2022;0.3;0.4
08/06/2022;0.3;0.2
09/06/2022;0.3;0.0
10/06/2022;0.3;0.0
11/06/2022;0.3;0.0
12/06/2022;0.3;0.0
13/06/2022;0.3;0.0
14/06/2022;0.3;0.0
15/06/2022;0.3;0.0
16/06/2022;0.3;0.0
17/06/2022;0.3;0.0
18/06/2022;0.3;0.0
19/06/2022;0.3;0.3
20/06/2022;0.3;0.1
21/06/2022;0.3;0.2
22/06/2022;0.3;0.1
23/06/2022;0.3;0.1
24/06/2022;0.3;0.2
25/06/2022;0.3;0.0
26/06/2022;0.3;0.0
27/06/2022;0.3;0.0
28/06/2022;0.3;0.1
29/06/2022;0.3;0.1
30/06/2022;0.3;0.3
01/07/2022;0.3;0.0
02/07/2022;0.3;0.0
03/07/2022;0.3;0.0
04/07/2022;0.3;0.0
05/07/2022;0.3;0.0
06/07/2022;0.3;0.0
07/07/2022;0.3;0.0
08/07/2022;0.3;0.0
09/07/2022;0.3;0.0
10/07/2022;0.3;0.0
11/07/2022;0.3;0.0
12/07/2022;0.3;0.0
13/07/2022;0.3;0.0
14/07/2022;0.3;0.0
15/07/2022;0.3;0.0
16/07/2022;0.3;0.0
17/07/2022;0.3;0.0
18/07/2022;0.3;0.0
19/07/2022;0.3;0.0
20/07/2022;0.3;0.0
21/07/2022;0.3;0.0
22/07/2022;0.3;0.0
23/07/2022;0.3;0.0
24/07/2022;0.3;0.0
25/07/2022;0.3;0.0
26/07/2022;0.3;0.0
27/07/2022;0.3;0.0
28/07/2022;0.3;0.0
29/07/2022;0.3;0.0
30/07/2022;0.3;0.0
31/07/2022;0.3;0.0
01/08/2022;0.3;0.0
02/08/2022;0.3;0.0
03/08/2022;0.3;0.0
04/08/2022;0.3;0.0
05/08/2022;0.3;0.0
06/08/2022;0.2;0.0
07/08/2022;0.2;0.0
08/08/2022;0.2;0.0
09/08/2022;0.2;0.0
10/08/2022;0.2;0.0
11/08/2022;0.2;0.0
12/08/2022;0.2;0.0
13/08/2022;0.2;0.0
14/08/2022;0.2;0.0
15/08/2022;0.2;0.0
16/08/2022;0.2;0.3
17/08/2022;0.2;0.2
18/08/2022;0.3;0.2
19/08/2022;0.2;0.0
20/08/2022;0.2;0.0
21/08/2022;0.2;0.0
22/08/2022;0.2;0.0
23/08/2022;0.2;0.0
24/08/2022;0.2;0.0
25/08/2022;0.2;0.0
26/08/2022;0.2;0.0
27/08/2022;0.2;0.0
28/08/2022;0.2;0.0
29/08/2022;0.2;0.0
30/08/2022;0.2;0.0
31/08/2022;0.2;0.0
01/09/2022;0.2;0.0
02/09/2022;0.2;0.0
03/09/2022;0.2;0.0
04/09/2022;0.2;0.0
05/09/2022;0.2;0.0
06/09/2022;0.2;0.0
07/09/2022;0.2;0.1
08/09/2022;0.2;0.2
09/09/2022;0.2;0.1
10/09/2022;0.2;0.0
11/09/2022;0.2;0.0
12/09/2022;0.2;0.0
13/09/2022;0.2;0.0
14/09/2022;0.2;0.0
15/09/2022;0.2;0.0
16/09/2022;0.2;0.0
17/09/2022;0.2;0.0
18/09/2022;0.2;0.0
19/09/2022;0.2;0.0
20/09/2022;0.2;0.0
21/09/2022;0.2;0.0
22/09/2022;0.2;0.0
23/09/2022;0.2;0.0
24/09/2022;0.2;0.1
25/09/2022;0.2;0.0
26/09/2022;0.2;0.0
27/09/2022;0.2;0.0
28/09/2022;0.2;0.0
29/09/2022;0.2;0.0
30/09/2022;0.2;0.0
01/10/2022;0.2;0.2
02/10/2022;0.2;0.0
03/10/2022;0.2;0.0
04/10/2022;0.2;0.0
05/10/2022;0.2;0.0
06/10/2022;0.2;0.0
07/10/2022;0.2;0.0
08/10/2022;0.2;0.0
09/10/2022;0.2;0.0
10/10/2022;0.2;0.0
11/10/2022;0.2;0.0
12/10/2022;0.2;0.0
13/10/2022;0.2;0.1
14/10/2022;0.2;0.4
15/10/2022;0.2;0.0
16/10/2022;0.2;0.2
17/10/2022;0.2;0.2
18/10/2022;0.2;0.0
19/10/2022;0.2;0.1
20/10/2022;0.2;0.2
21/10/2022;0.2;0.1
22/10/2022;0.2;0.1
23/10/2022;0.2;0.3
24/10/2022;0.2;0.3
25/10/2022;0.2;0.0
26/10/2022;0.2;0.1
27/10/2022;0.2;0.0
28/10/2022;0.2;0.0
29/10/2022;0.2;0.0
30/10/2022;0.2;0.1
31/10/2022;0.2;0.2
01/11/2022;0.2;0.1
02/11/2022;0.2;0.0
03/11/2022;0.3;1.4
04/11/2022;0.2;0.0
05/11/2022;0.2;0.3
06/11/2022;0.5;1.7
07/11/2022;0.3;0.2
08/11/2022;0.3;0.4
09/11/2022;0.2;0.0
10/11/2022;0.2;0.0
11/11/2022;0.2;0.0
12/11/2022;0.2;0.0
13/11/2022;0.2;0.0
14/11/2022;0.2;0.5
15/11/2022;0.2;0.7
16/11/2022;0.4;2.1
17/11/2022;0.3;0.4
18/11/2022;0.3;0.1
19/11/2022;0.3;0.1
20/11/2022;0.3;0.1
21/11/2022;0.3;0.9
22/11/2022;0.3;0.6
23/11/2022;0.3;0.5
24/11/2022;0.3;0.6
25/11/2022;0.3;0.0
26/11/2022;0.3;0.3
27/11/2022;0.6;2.6
28/11/2022;0.5;0.9
29/11/2022;0.4;0.1
30/11/2022;0.4;0.0
01/12/2022;0.4;0.0
02/12/2022;0.3;0.0
03/12/2022;0.3;0.0
04/12/2022;0.3;0.0
05/12/2022;0.3;0.0
06/12/2022;0.3;0.0
07/12/2022;0.3;0.0
08/12/2022;0.3;0.0
09/12/2022;0.3;0.0
10/12/2022;0.3;0.0
11/12/2022;0.3;0.0
12/12/2022;0.3;0.0
13/12/2022;0.3;0.0
14/12/2022;0.3;0.6
15/12/2022;0.3;0.0
16/12/2022;0.3;0.0
17/12/2022;0.3;0.0
18/12/2022;0.4;2.6
19/12/2022;0.8;2.2
20/12/2022;0.5;0.5
21/12/2022;0.6;1.1
22/12/2022;0.9;3.1
23/12/2022;1.3;2.0
24/12/2022;1.2;1.1
25/12/2022;1.3;0.6
26/12/2022;1.2;0.0
27/12/2022;1.1;0.0
28/12/2022;1.1;1.1
29/12/2022;1.1;0.0
30/12/2022;1.2;2.4
31/12/2022;1.2;0.0
01/01/2023;1.2;2.3
02/01/2023;1.4;0.4
03/01/2023;1.4;0.4
04/01/2023;1.4;1.3
05/01/2023;1.4;0.1
06/01/2023;1.3;0.2
07/01/2023;1.3;0.8
08/01/2023;1.2;0.4
09/01/2023;1.2;0.3
10/01/2023;1.2;0.6
11/01/2023;1.1;0.0
12/01/2023;1.1;0.5
13/01/2023;1.1;0.0
14/01/2023;1.1;1.2
15/01/2023;1.2;2.1
16/01/2023;1.3;1.0
17/01/2023;1.5;0.8
18/01/2023;1.4;0.4
19/01/2023;1.9;1.0
20/01/2023;3.7;0.0
21/01/2023;3.5;0.0
22/01/2023;3.0;0.0
23/01/2023;2.6;0.0
24/01/2023;2.3;0.0
25/01/2023;2.1;0.1
26/01/2023;1.9;0.1
27/01/2023;1.8;0.0
28/01/2023;1.6;0.0
29/01/2023;1.5;0.0
30/01/2023;1.4;0.1
31/01/2023;1.4;0.0
01/02/2023;1.3;0.0
02/02/2023;1.2;0.0
03/02/2023;1.1;0.0
04/02/2023;1.1;0.0
05/02/2023;1.0;0.0
06/02/2023;0.9;0.0
07/02/2023;0.9;0.0
08/02/2023;0.8;0.0
09/02/2023;0.8;0.0
10/02/2023;0.7;0.0
11/02/2023;0.7;0.0
12/02/2023;0.7;0.0
13/02/2023;0.6;0.0
14/02/2023;0.6;0.0
15/02/2023;0.6;0.0
16/02/2023;0.6;0.1
17/02/2023;0.6;0.1
18/02/2023;0.6;0.0
19/02/2023;0.6;0.0
20/02/2023;0.6;0.0
21/02/2023;0.6;0.0
22/02/2023;0.6;0.1
23/02/2023;0.6;0.0
24/02/2023;0.6;0.0
25/02/2023;0.6;0.0
26/02/2023;0.6;0.0
27/02/2023;0.6;0.0
28/02/2023;0.6;0.0
01/03/2023;0.6;0.0
02/03/2023;0.6;0.0
03/03/2023;0.5;0.0
04/03/2023;0.5;0.0
05/03/2023;0.5;0.0
06/03/2023;0.5;0.0
07/03/2023;0.5;0.3
08/03/2023;0.5;1.4
09/03/2023;0.5;0.2
10/03/2023;0.5;0.6
11/03/2023;0.7;1.5
12/03/2023;0.6;0.4
13/03/2023;0.6;0.0
14/03/2023;0.6;0.0
15/03/2023;0.6;0.0
16/03/2023;0.6;0.1
17/03/2023;0.6;0.3
18/03/2023;0.6;0.6
19/03/2023;0.6;0.0
20/03/2023;0.6;0.0
21/03/2023;0.6;0.3
22/03/2023;0.6;0.5
23/03/2023;0.6;1.2
24/03/2023;0.7;0.4
25/03/2023;0.7;0.8
26/03/2023;0.7;0.4
27/03/2023;0.7;0.4
28/03/2023;0.7;0.0
29/03/2023;0.7;0.2
30/03/2023;0.7;1.1
31/03/2023;0.7;0.0
01/04/2023;0.7;0.2
02/04/2023;0.7;0.1
03/04/2023;0.7;0.0
04/04/2023;0.7;0.0
05/04/2023;0.7;0.0
06/04/2023;0.7;0.0
07/04/2023;0.7;0.0
08/04/2023;0.6;0.0
09/04/2023;0.6;0.0
10/04/2023;0.6;0.0
11/04/2023;0.6;0.7
12/04/2023;0.6;0.9
13/04/2023;0.6;0.8
14/04/2023;0.7;0.5
15/04/2023;0.7;0.0
16/04/2023;0.7;0.0
17/04/2023;0.7;0.0
18/04/2023;0.6;0.0
19/04/2023;0.6;0.0
20/04/2023;0.6;0.0
21/04/2023;0.6;0.0
22/04/2023;0.6;0.8
23/04/2023;0.6;1.5
24/04/2023;0.6;0.0
25/04/2023;0.6;0.0
26/04/2023;0.6;0.2
27/04/2023;0.6;0.6
28/04/2023;0.6;0.1
29/04/2023;0.6;0.0
30/04/2023;0.6;0.0
01/05/2023;0.6;0.0
02/05/2023;0.6;0.0
03/05/2023;0.6;0.0
04/05/2023;0.6;0.1
05/05/2023;0.6;0.0
06/05/2023;0.6;0.4
07/05/2023;0.6;0.1
08/05/2023;0.6;0.6
09/05/2023;0.6;0.5
10/05/2023;0.6;0.0
11/05/2023;0.6;0.1
12/05/2023;0.6;0.4
13/05/2023;0.6;0.0
14/05/2023;0.6;0.0
15/05/2023;0.6;0.0
16/05/2023;0.6;0.0
17/05/2023;0.6;0.0
18/05/2023;0.5;0.0
19/05/2023;0.5;0.0
20/05/2023;0.5;0.0
21/05/2023;0.5;0.0
22/05/2023;0.5;0.0
23/05/2023;0.5;0.0
24/05/2023;0.5;0.0
25/05/2023;0.5;0.0
26/05/2023;0.5;0.0
27/05/2023;0.5;0.0
28/05/2023;0.5;0.0
29/05/2023;0.5;0.0
30/05/2023;0.5;0.0
31/05/2023;0.5;0.0
01/06/2023;0.5;0.0
02/06/2023;0.5;0.0
03/06/2023;0.5;0.0
04/06/2023;0.5;0.0
05/06/2023;0.5;0.0
06/06/2023;0.5;0.0
07/06/2023;0.5;0.0
08/06/2023;0.5;0.0
09/06/2023;0.5;0.2
10/06/2023;0.5;0.1
11/06/2023;0.4;0.0
12/06/2023;0.4;0.0
13/06/2023;0.4;0.0
14/06/2023;0.4;0.0
15/06/2023;0.4;0.0
16/06/2023;0.4;0.0
17/06/2023;0.4;0.0
18/06/2023;0.4;0.0
19/06/2023;0.4;0.0
20/06/2023;0.4;0.0
21/06/2023;0.4;0.0
22/06/2023;0.4;0.0
23/06/2023;0.4;0.0
24/06/2023;0.4;0.0
25/06/2023;0.4;0.0
26/06/2023;0.4;0.0
27/06/2023;0.4;0.0
28/06/2023;0.4;0.0
29/06/2023;0.4;0.0
30/06/2023;0.4;0.0
01/07/2023;0.4;0.0
02/07/2023;0.4;0.0
03/07/2023;0.4;0.0
04/07/2023;0.4;0.4
05/07/2023;0.4;0.0
06/07/2023;0.4;0.0
07/07/2023;0.4;0.0
08/07/2023;0.4;0.1
09/07/2023;0.4;0.1
10/07/2023;0.4;0.0
11/07/2023;0.4;0.0
12/07/2023;0.4;0.0
13/07/2023;0.4;0.0
14/07/2023;0.4;0.3
15/07/2023;0.4;0.1
16/07/2023;0.4;0.0
17/07/2023;0.4;0.0
18/07/2023;0.4;0.0
19/07/2023;0.4;0.0
20/07/2023;0.4;0.0
21/07/2023;0.4;0.0
22/07/2023;0.4;0.0
23/07/2023;0.4;0.8
24/07/2023;0.4;0.0
25/07/2023;0.4;0.0
26/07/2023;0.4;0.1
27/07/2023;0.4;0.8
28/07/2023;0.5;0.3
29/07/2023;0.4;0.0
30/07/2023;0.4;0.0
31/07/2023;0.4;0.3
01/08/2023;0.4;0.4
02/08/2023;0.4;0.1
03/08/2023;0.4;0.4
04/08/2023;0.4;0.0
05/08/2023;0.4;0.4
06/08/2023;0.4;0.0
07/08/2023;0.4;0.0
08/08/2023;0.4;0.0
09/08/2023;0.4;0.0
10/08/2023;0.4;0.0
11/08/2023;0.4;0.6
12/08/2023;0.4;0.0
13/08/2023;0.4;0.0
14/08/2023;0.4;0.0
15/08/2023;0.4;0.0
16/08/2023;0.4;0.0
17/08/2023;0.3;0.0
18/08/2023;0.3;0.0
19/08/2023;0.3;0.0
20/08/2023;0.3;0.0
21/08/2023;0.3;0.0
22/08/2023;0.3;0.0
23/08/2023;0.3;0.0
24/08/2023;0.3;0.0
25/08/2023;0.3;0.0
26/08/2023;0.3;0.1
27/08/2023;0.3;0.0
28/08/2023;0.3;0.0
29/08/2023;0.3;0.0
30/08/2023;0.3;0.0
31/08/2023;0.3;0.1
01/09/2023;0.3;0.1
02/09/2023;0.3;0.0
03/09/2023;0.3;0.0
04/09/2023;0.3;0.0
05/09/2023;0.3;0.0
06/09/2023;0.3;0.0
07/09/2023;0.3;0.0
08/09/2023;0.3;0.0
09/09/2023;0.3;0.0
10/09/2023;0.3;0.0
11/09/2023;0.3;0.0
12/09/2023;0.3;0.0
13/09/2023;0.3;0.0
14/09/2023;0.3;0.0
15/09/2023;0.3;0.0
16/09/2023;0.3;0.1
17/09/2023;0.3;0.0
18/09/2023;0.3;0.0
19/09/2023;0.3;0.0
20/09/2023;0.3;0.7
21/09/2023;0.4;1.1
22/09/2023;0.4;0.2
23/09/2023;0.3;0.0
24/09/2023;0.3;0.0
25/09/2023;0.3;0.0
26/09/2023;0.3;0.0
27/09/2023;0.3;0.0
28/09/2023;0.3;0.0
29/09/2023;0.3;0.0
30/09/2023;0.3;0.0
01/10/2023;0.3;0.0
02/10/2023;0.3;0.0
03/10/2023;0.3;0.0
04/10/2023;0.3;0.0
05/10/2023;0.3;0.0
06/10/2023;0.3;0.0
07/10/2023;0.3;0.0
08/10/2023;0.3;0.0
09/10/2023;0.3;0.0
10/10/2023;0.3;0.0
11/10/2023;0.3;0.0
12/10/2023;0.3;0.0
13/10/2023;0.3;0.0
14/10/2023;0.3;0.0
15/10/2023;0.3;0.0
16/10/2023;0.3;0.0
17/10/2023;0.3;0.0
18/10/2023;0.3;0.6
19/10/2023;0.3;0.1
20/10/2023;0.3;0.2
21/10/2023;0.3;0.9
22/10/2023;0.3;0.0
23/10/2023;0.3;0.3
24/10/2023;0.3;0.1
25/10/2023;0.3;0.2
26/10/2023;0.3;0.2
27/10/2023;0.3;0.4
28/10/2023;0.6;2.4
29/10/2023;0.5;0.8
30/10/2023;0.4;0.2
31/10/2023;0.4;0.5
01/11/2023;0.5;2.2
02/11/2023;0.6;1.3
03/11/2023;0.5;1.6
04/11/2023;0.6;2.0
05/11/2023;0.7;0.7
06/11/2023;0.6;1.0
07/11/2023;0.6;0.1
08/11/2023;0.6;0.6
09/11/2023;0.6;0.6
10/11/2023;0.6;0.3
11/11/2023;0.6;1.7
12/11/2023;0.8;0.8
13/11/2023;0.7;0.2
14/11/2023;0.7;0.4
15/11/2023;0.7;1.0
16/11/2023;0.9;1.3
17/11/2023;0.8;0.1
18/11/2023;0.9;0.7
19/11/2023;0.9;0.0
20/11/2023;0.8;0.1
21/11/2023;0.8;0.0
22/11/2023;0.8;0.0
23/11/2023;0.7;0.0
24/11/2023;0.7;0.0
25/11/2023;0.7;0.0
26/11/2023;0.7;0.0
27/11/2023;0.7;0.4
28/11/2023;0.7;0.0
29/11/2023;0.7;0.3
30/11/2023;0.7;0.2
01/12/2023;0.7;0.0
02/12/2023;0.7;0.8
03/12/2023;0.9;2.4
04/12/2023;0.9;0.1
05/12/2023;0.9;0.0
06/12/2023;0.9;1.6
07/12/2023;1.6;4.3
08/12/2023;1.6;2.4
09/12/2023;2.0;0.9
10/12/2023;2.0;1.3
11/12/2023;1.9;0.1
12/12/2023;1.9;0.6
13/12/2023;4.5;0.1
14/12/2023;3.9;0.2
15/12/2023;3.4;0.0
16/12/2023;3.1;0.0
17/12/2023;2.8;0.0
18/12/2023;2.4;0.0
19/12/2023;2.2;0.2
20/12/2023;2.0;0.0
21/12/2023;1.8;0.0
22/12/2023;1.7;0.0
23/12/2023;1.6;0.0
24/12/2023;1.4;0.0
25/12/2023;1.4;0.0
26/12/2023;1.2;0.2
27/12/2023;1.2;0.2
28/12/2023;1.1;0.0
29/12/2023;1.1;0.1
30/12/2023;1.1;1.1
31/12/2023;1.1;0.9
01/12/2023;0.7;0.0
02/12/2023;0.7;0.8
03/12/2023;0.9;2.4
04/12/2023;0.9;0.1
05/12/2023;0.9;0.0
06/12/2023;0.9;1.6
07/12/2023;1.6;4.3
08/12/2023;1.6;2.4
09/12/2023;2.0;0.9
10/12/2023;2.0;1.3
11/12/2023;1.9;0.1
12/12/2023;1.9;0.6
13/12/2023;4.5;0.1
14/12/2023;3.9;0.2
15/12/2023;3.4;0.0
16/12/2023;3.1;0.0
17/12/2023;2.8;0.0
18/12/2023;2.4;0.0
19/12/2023;2.2;0.2
20/12/2023;2.0;0.0
21/12/2023;1.8;0.0
22/12/2023;1.7;0.0
23/12/2023;1.6;0.0
24/12/2023;1.4;0.0
25/12/2023;1.4;0.0
26/12/2023;1.2;0.2
27/12/2023;1.2;0.2
28/12/2023;1.1;0.0
29/12/2023;1.1;0.1
30/12/2023;1.1;1.1
31/12/2023;1.1;0.9
01/01/2024;2.0;4.4
02/01/2024;3.5;1.5
03/01/2024;3.4;0.6
04/01/2024;3.6;0.3
05/01/2024;3.3;0.0
06/01/2024;3.0;0.0
07/01/2024;2.7;0.0
08/01/2024;2.3;0.0
09/01/2024;2.1;0.0
10/01/2024;1.9;0.0
11/01/2024;1.7;0.0
12/01/2024;1.6;0.0
13/01/2024;1.5;0.0
14/01/2024;1.4;0.4
15/01/2024;1.3;0.0
16/01/2024;1.4;3.1
