cell_id,geom_type,n0,n1,n2,n3,centroid_x,centroid_y,area_m2,z_top_centroid,z_top_mean,z_bottom_centroid,z_bottom_mean,geology_code,geology_key,hydraulic_conductivity_m_s,storage_coefficient
0,triangle,100,212,99,,466762.4170251113,6869401.730424409,9823.12109375,,,-10049.0,-10049.0,41,801,7.07106781187e-06,
1,triangle,114,176,63,,464744.4525821805,6868118.809093832,51763.6240234375,185.96010440286418,183.34086494687483,135.96010440286418,133.34086494687483,41,801,7.07106781187e-06,
2,triangle,146,183,158,,465497.44068159553,6864823.2255932195,506388.2470703125,205.92674700563333,208.7086931052717,155.92674700563336,158.7086931052717,12,1841,7.723025602159643e-06,
3,triangle,27,190,26,,466485.9226535818,6867110.922653582,10895.09765625,193.15940574418408,191.53693806098715,143.15940574418406,141.53693806098715,30,1701,7.36806299728e-06,
4,triangle,86,170,85,,464852.67214372795,6869137.692310984,35321.181640625,176.4523869205035,175.06461326769207,126.45238692050351,125.06461326769208,30,1701,7.3574560263725e-06,
5,triangle,46,175,45,,465957.0400987581,6868441.330759444,6417.0107421875,170.47312769139475,166.13447755530996,120.47312769139475,116.13447755530996,30,1701,7.36806299728e-06,
6,triangle,147,152,107,,468262.71270255634,6868598.648484399,1053633.4599609375,,,-10049.0,-10049.0,98,2021,5.325160264905715e-06,
7,triangle,19,206,18,,466995.70665579103,6866638.271780302,6635.07421875,205.34163674625256,204.59433378415778,155.34163674625256,154.59433378415778,30,1701,7.36806299728e-06,
8,triangle,14,163,13,,467080.8035714286,6866198.4375,6277.90234375,208.78932531107097,208.7539429948439,158.78932531107094,158.7539429948439,30,1701,7.36806299728e-06,
9,triangle,133,227,150,,466733.1468071797,6867846.381292459,112279.2685546875,179.26243271397206,177.11890194527018,129.26243271397206,127.11890194527018,30,1701,7.36806299728e-06,
10,triangle,68,218,67,,465009.72137208516,6866887.840339393,94834.4033203125,205.09032607872646,207.85454311412653,155.0903260787265,157.85454311412653,41,801,7.1025549360057145e-06,
11,triangle,2,152,106,,468218.5842451433,6869785.144775671,731041.5400390625,,,-10049.0,-10049.0,40,901,7.751447235274999e-06,
12,triangle,31,189,30,,466234.24206889234,6867371.641675387,11911.921875,184.23228652564916,183.98868350336866,134.23228652564916,133.98868350336866,30,1701,7.36806299728e-06,
13,triangle,178,179,121,,468352.8213191414,6865471.763919118,113329.2998046875,228.48942655088615,232.6299597007478,-7024.570346987784,-4388.420129752395,30,1701,7.36806299728e-06,
14,triangle,92,203,181,,462328.48187536775,6868288.770580324,165509.4658203125,207.56944539715045,207.4114823788582,157.56944539715045,157.41148237885824,41,801,7.07106781187e-06,
15,triangle,107,185,147,,468493.5141477751,6867926.924758069,861694.8095703125,,,-10049.0,-10049.0,40,901,7.8963665268e-06,
16,triangle,158,237,112,,465956.67948138603,6864018.74843061,367697.0654296875,183.35889699923388,214.36700639290427,133.35889699923388,164.36700639290427,12,1841,7.931827134441786e-06,
17,triangle,29,190,28,,466385.9226535818,6867210.922653582,10895.0966796875,188.78233276353427,188.403601675896,138.78233276353427,138.403601675896,30,1701,7.36806299728e-06,
18,triangle,93,181,94,,462495.4341165486,6867761.970043641,123272.240234375,216.15904044539025,218.2527700837159,166.15904044539025,168.2527700837159,41,801,7.0816747827775e-06,
19,triangle,70,183,118,,466110.11015521263,6865549.433175351,169124.529296875,233.72513967267196,224.01282823929583,183.725139672672,174.01282823929583,30,1701,7.36806299728e-06,
20,triangle,147,227,91,,467218.80903163593,6868367.078552294,220714.3232421875,,164.52392423833953,-10049.0,-6661.158691920554,30,1701,7.36806299728e-06,
21,triangle,72,200,71,,468126.98101644375,6864550.370127565,114254.6865234375,239.44731111468366,243.9839512187517,189.44731111468366,193.9839512187517,30,1701,7.36806299728e-06,
22,triangle,146,197,183,,465184.45241586474,6865157.491848835,328679.1484375,197.7767294203661,206.21300827048412,147.7767294203661,156.21300827048415,30,1701,7.5977446827903565e-06,
23,triangle,112,237,111,,466192.7060415133,6863693.521428169,412264.9638671875,173.87660079754522,204.095293750536,123.87660079754524,154.095293750536,12,1841,7.95270728767e-06,
24,triangle,86,214,87,,465198.82272552187,6869063.739438585,49711.626953125,178.43019296495814,173.7104143296527,128.43019296495817,123.71041432965269,41,801,7.092281753685001e-06,
25,triangle,107,152,2,,468862.3342451433,6869241.394775671,1468530.5810546875,,,-10049.0,-10049.0,98,2021,5.734208475687857e-06,
26,triangle,45,175,44,,465957.0400987581,6868391.330759444,6417.01171875,171.96641898158336,166.43447552080474,121.96641898158333,116.43447552080475,30,1701,7.36806299728e-06,
27,triangle,64,205,115,,465149.52089335985,6867793.230158064,28781.3017578125,185.73951691733416,186.90012749112506,135.73951691733416,136.90012749112503,41,801,7.092281753685001e-06,
28,triangle,103,203,92,,462066.0508907199,6868397.939682928,210080.77734375,206.63182206094092,206.51411290583997,156.63182206094092,156.51411290583997,41,801,7.07106781187e-06,
29,triangle,150,228,134,,467047.6554019286,6867270.158967793,127960.1181640625,175.92853699793383,180.83230283268463,125.92853699793383,130.83230283268463,30,1701,7.36806299728e-06,
30,triangle,110,201,3,,468677.11655769026,6863718.586024587,451891.3525390625,233.7366819254036,244.22547260846642,183.7366819254036,-3220.1830182610224,30,1701,7.304421171835e-06,
31,triangle,143,184,108,,468872.8882547984,6866361.7843904635,344428.9921875,,,-10049.0,-10049.0,30,1701,7.36806299728e-06,
32,triangle,91,152,147,,467468.89223603794,6868722.470594276,340615.1904296875,,,-10048.999999999998,-10049.0,98,2021,4.964410869464286e-06,
33,triangle,18,174,17,,467088.19063325535,6866526.497422104,7108.947265625,208.1178381592306,207.0666376164204,158.11783815923062,157.06663761642042,30,1701,7.36806299728e-06,
34,triangle,153,164,23,,466704.45800128253,6866881.7002341,9650.1982421875,201.0239826995333,201.47220812601537,151.0239826995333,151.47220812601537,30,1701,7.36806299728e-06,
35,triangle,53,168,167,,465415.7731940823,6868611.630365894,7744.73046875,166.14659531523458,166.42174038486462,116.14659531523458,116.42174038486462,30,1701,7.36806299728e-06,
36,triangle,131,194,97,,464031.4751616016,6868696.1420636205,92883.5810546875,184.2762480124797,187.44266310843088,134.2762480124797,137.44266310843088,41,801,7.0816747827775e-06,
37,triangle,32,166,31,,466132.87606222584,6867473.940515351,12016.865234375,183.73624363497873,182.59590063114146,133.73624363497873,132.59590063114146,30,1701,7.36806299728e-06,
38,triangle,68,199,173,,464498.8268057497,6866667.471575347,153453.775390625,211.82224563788623,216.4024523970858,161.82224563788625,166.4024523970858,30,1701,7.3362420845575e-06,
39,triangle,10,162,9,,467339.25351442135,6865984.605153619,5496.6005859375,211.19606101833386,210.33581943885665,161.19606101833386,160.33581943885665,30,1701,7.36806299728e-06,
40,triangle,13,163,12,,467105.8035714286,6866148.4375,6102.1201171875,208.24436145169452,209.08727632817724,158.24436145169452,159.08727632817724,30,1701,7.36806299728e-06,
41,triangle,23,164,22,,466730.9410738019,6866818.184773944,5526.6572265625,199.0813187921942,199.4706602013475,149.0813187921942,149.47066020134747,30,1701,7.36806299728e-06,
42,triangle,53,167,52,,465451.33991761226,6868553.913082998,6215.9619140625,165.1303933750148,165.28871943109232,115.1303933750148,115.28871943109232,30,1701,7.36806299728e-06,
43,triangle,179,188,73,,468688.7830649723,6865026.858927832,106521.1044921875,,233.3844449055048,-10049.0,-6795.5439481058265,30,1701,7.36806299728e-06,
44,triangle,146,158,112,,465313.06527358573,6864261.735061046,869552.158203125,178.73953862649273,200.19128652234988,128.73953862649276,150.19128652234994,12,1841,7.95270728767e-06,
45,triangle,65,192,116,,465320.6617898892,6867432.351588949,29275.421875,188.89325465132924,191.91965447228844,138.89325465132922,141.91965447228844,41,801,7.07106781187e-06,
46,triangle,18,206,174,,467083.8972890464,6866614.7692024065,18020.7578125,210.92896695453652,209.36096834882036,160.9289669545365,159.36096834882036,30,1701,7.36806299728e-06,
47,triangle,139,203,186,,462857.6968774021,6868691.717656527,167528.0576171875,197.16463749858434,196.25825161047146,147.16463749858437,146.25825161047143,41,801,7.07106781187e-06,
48,triangle,89,226,145,,465755.94860729366,6869216.356352996,103565.28515625,169.84300690320717,167.81710957761163,119.84300690320717,117.81710957761165,41,801,7.07106781187e-06,
49,triangle,121,179,73,,468441.3993242248,6865226.645651385,68191.8935546875,233.32236232409872,231.99499341268955,-8875.601505790388,-3385.6754341325345,30,1701,7.388943150508214e-06,
50,triangle,194,196,144,,464093.1130740517,6868226.352265633,72778.9775390625,193.9864784116745,192.28470376771392,143.9864784116745,142.28470376771395,41,801,7.07106781187e-06,
51,triangle,102,204,101,,461989.9242228156,6866377.251723048,644845.57421875,180.30051810402517,182.4103413270736,130.30051810402517,132.4103413270736,12,1841,7.95270728767e-06,
52,triangle,88,226,89,,465816.9311825524,6869004.078362313,66347.537109375,173.20303732334511,169.83347133432338,123.20303732334511,119.83347133432339,41,801,7.0816747827775e-06,
53,triangle,5,217,4,,467647.8335621518,6865823.485312696,2860.123046875,214.11216817061205,214.66215893646412,164.11216817061202,164.66215893646412,30,1701,7.36806299728e-06,
54,triangle,72,201,200,,468337.25657238066,6864349.5152235,137993.83984375,234.0573976897045,238.742002574176,184.0573976897045,188.742002574176,30,1701,7.36806299728e-06,
55,triangle,200,224,71,,467833.17169537797,6864511.879876289,109579.46484375,249.2266136699679,249.91883521320293,199.22661366996792,199.91883521320293,30,1701,7.36806299728e-06,
56,triangle,172,175,46,,466020.3712923848,6868552.431509365,31695.7880859375,160.51247189775734,169.50740101989462,110.51247189775734,119.5074010198946,30,1701,7.36806299728e-06,
57,triangle,111,177,110,,467381.2902770781,6863704.755061444,345292.3466796875,259.2306916431448,236.22482333527014,209.23069164314478,186.2248233352702,30,1701,7.430703456964643e-06,
58,triangle,177,224,200,,467634.00839354953,6864297.194009081,150904.458984375,258.0663824434874,251.08167235799962,208.06638244348744,201.08167235799962,30,1701,7.36806299728e-06,
59,triangle,191,194,144,,463871.3406990291,6868106.1120586125,149012.1962890625,201.30442379412736,195.79456681569354,151.3044237941274,145.79456681569354,41,801,7.07106781187e-06,
60,triangle,137,170,86,,464824.14808219596,6868983.97135752,59936.560546875,177.23288632111326,175.17405447327226,127.23288632111323,125.17405447327228,30,1701,7.36806299728e-06,
61,triangle,159,228,132,,467472.9599010713,6866896.817039251,113115.6962890625,184.1131824780363,188.02961866040198,134.11318247803626,138.02961866040198,30,1701,7.36806299728e-06,
62,triangle,95,191,144,,463820.7500991628,6867714.524124183,165612.103515625,200.26856792605338,200.45764727725373,150.26856792605338,150.45764727725376,41,801,7.07106781187e-06,
63,triangle,97,219,131,,464131.10985644115,6868904.53790035,75260.4892578125,178.18734163496873,183.03462429790457,128.18734163496873,133.0346242979046,30,1701,7.346849055464999e-06,
64,triangle,144,238,95,,464031.11201259197,6867562.146513358,116185.771484375,199.7549184539067,201.31563736303954,149.75491845390667,151.31563736303954,41,801,7.07106781187e-06,
65,triangle,96,196,131,,464382.62208657135,6868466.67439501,64294.2705078125,182.58299705186153,183.88967545339088,132.58299705186155,133.88967545339088,41,801,7.1028887245925e-06,
66,triangle,131,236,96,,464504.2936537517,6868610.8530570865,39337.0625,179.60991804568246,180.38047687545816,129.60991804568246,130.38047687545816,30,1701,7.3574560263725e-06,
67,triangle,42,221,41,,465938.4554910974,6868183.655857491,4326.2431640625,170.4682119741413,169.53052360607063,120.4682119741413,119.53052360607063,30,1701,7.36806299728e-06,
68,triangle,44,221,43,,465938.4554910974,6868283.655857491,4326.2421875,167.97339495749975,168.13051953706022,117.97339495749975,118.13051953706021,30,1701,7.36806299728e-06,
69,triangle,33,165,32,,466018.76953125,6867544.84375,7156.494140625,179.7153026770552,180.04621646021803,129.7153026770552,130.04621646021803,30,1701,7.36806299728e-06,
70,triangle,74,178,122,,467996.8372933226,6865665.435219812,38781.2734375,222.41732699227805,223.6561719278453,172.41732699227805,-986.8505976250485,30,1701,7.430703456964643e-06,
71,triangle,92,181,93,,462273.3009076724,6867927.47754626,88262.2294921875,218.92311070100322,218.23478193793005,168.92311070100328,168.23478193793005,41,801,7.092281753685001e-06,
72,triangle,73,188,72,,468598.94840716105,6864810.342502038,93953.8447265625,233.09315301099792,234.5609293348406,-9905.533388170916,-3383.964810184434,30,1701,7.36806299728e-06,
73,triangle,26,190,153,,466559.4395810624,6867074.438113738,19323.65234375,199.23430476012078,196.90514960056393,149.23430476012078,146.9051496005639,30,1701,7.36806299728e-06,
74,triangle,113,146,112,,464451.8140332029,6863936.508058605,1127994.04296875,170.9438618943713,176.522221312786,120.94386189437131,126.52222131278602,98,2021,5.480102993220358e-06,
75,triangle,120,187,119,,467107.17423163186,6864998.573356565,158292.3740234375,246.35616735561095,246.02490499061673,196.35616735561095,196.02490499061673,30,1701,7.388943150508214e-06,
76,triangle,70,195,183,,466250.3515004469,6865277.998251006,165700.1689453125,239.39304630258573,228.5481663423444,189.39304630258573,178.54816634234442,30,1701,7.36806299728e-06,
77,triangle,130,191,95,,463521.1153278574,6867535.81230697,154608.943359375,209.34038692577846,203.80695153251963,159.34038692577846,153.80695153251963,41,801,7.07106781187e-06,
78,triangle,94,204,102,,462311.00089751836,6867058.932469767,408631.52734375,211.4337014115318,202.23873793075344,161.43370141153184,152.23873793075344,30,1701,7.5768645295621425e-06,
79,triangle,150,227,147,,467108.5252645928,6867928.635001186,291141.7724609375,166.81229965407044,171.94085368084473,116.81229965407046,-3268.37276421277,30,1701,7.36806299728e-06,
80,triangle,173,218,68,,464694.07257232984,6866892.054290743,111286.810546875,208.9732252395192,211.20049614184072,158.9732252395192,161.20049614184074,41,801,7.07106781187e-06,
81,triangle,177,200,110,,467791.6075499449,6863946.632796836,249450.8935546875,251.96338283912178,252.29797057236314,201.96338283912175,202.29797057236314,30,1701,7.36806299728e-06,
82,triangle,176,213,63,,464605.334926204,6868147.736009203,40983.611328125,181.87684946700296,183.50349277026578,131.87684946700293,133.50349277026578,41,801,7.07106781187e-06,
83,triangle,148,194,191,,463649.3063812742,6868270.686060082,117471.439453125,199.25113836300702,196.5790541120849,149.25113836300702,146.57905411208492,41,801,7.07106781187e-06,
84,triangle,119,195,70,,466621.5552891433,6865313.159595686,133045.8447265625,236.49147787339024,236.9234321176973,186.49147787339018,186.92343211769733,30,1701,7.36806299728e-06,
85,triangle,181,198,94,,462757.8135741887,6867838.177296593,149453.54296875,212.11377403625028,212.15148058950595,162.11377403625025,162.15148058950595,41,801,7.07106781187e-06,
86,triangle,153,190,134,,466700.6354198448,6867095.623681244,46151.107421875,202.56706178573057,199.41325983086617,152.56706178573057,149.4132598308662,30,1701,7.36806299728e-06,
87,triangle,156,167,88,,465676.1623593126,6868657.271574249,29460.8203125,171.64143322547218,169.05073599668452,121.64143322547217,119.05073599668452,30,1701,7.36806299728e-06,
88,triangle,183,233,118,,465821.07395112823,6865593.203832846,133002.8642578125,231.1273802671805,222.98729587384005,181.1273802671805,172.98729587384005,30,1701,7.36806299728e-06,
89,triangle,116,205,64,,465233.581580479,6867674.55991217,21970.376953125,189.0135806550895,189.67252529726082,139.0135806550895,139.67252529726082,41,801,7.092281753685001e-06,
90,triangle,15,232,14,,467054.4991720977,6866308.919274586,3318.6572265625,207.3701411225961,206.73361896333074,157.3701411225961,156.73361896333074,30,1701,7.36806299728e-06,
91,triangle,17,232,16,,467054.4991720977,6866408.919274586,3318.6572265625,206.60548456365507,206.33361489432033,156.60548456365507,156.33361489432033,30,1701,7.36806299728e-06,
92,triangle,148,198,139,,463143.6941533897,6868251.534431678,134832.8349609375,200.93189890413566,202.59724442634635,150.93189890413566,152.59724442634635,41,801,7.07106781187e-06,
93,triangle,140,238,176,,464501.3815159734,6867601.318444186,114682.943359375,200.70346779291583,198.29016452567166,150.70346779291583,148.29016452567166,41,801,7.07106781187e-06,
94,triangle,20,206,19,,466945.70665579103,6866688.271780302,6635.07421875,205.60495161258595,204.0276630484807,155.60495161258595,154.0276630484807,30,1701,7.36806299728e-06,
95,triangle,151,203,1,,462322.39549616416,6869428.697511874,485012.32421875,178.9325013745106,183.91574547272285,128.93250137451062,133.91574547272288,41,801,7.07106781187e-06,
96,triangle,143,179,178,,468551.6885517479,6865672.716242983,167896.240234375,,234.65437748162134,-10049.0,-7798.288643725687,30,1701,7.36806299728e-06,
97,triangle,149,199,193,,464079.6504717726,6866066.884887106,322759.107421875,214.89342767566745,204.42750518549641,164.89342767566743,154.4275051854964,30,1701,7.5142240698775e-06,
98,triangle,68,231,199,,464646.27832878084,6866406.726198214,112868.541015625,213.62169922488908,217.13745497234186,163.62169922488908,167.13745497234189,30,1701,7.36806299728e-06,
99,triangle,191,198,148,,463363.38302220264,6868082.604504942,136501.6884765625,199.42984712599633,201.47143677938675,149.42984712599633,151.47143677938675,41,801,7.07106781187e-06,
100,triangle,30,189,29,,466284.24206889234,6867321.641675387,11911.9208984375,185.76155523804212,185.2220158194494,135.76155523804212,135.2220158194494,30,1701,7.36806299728e-06,
101,triangle,87,226,88,,465561.53658153344,6868929.167210435,54374.7353515625,173.75001030995128,173.600401058825,123.75001030995128,123.60040105882503,41,801,7.07106781187e-06,
102,triangle,66,192,65,,465347.5029610053,6867286.340585083,30510.1787109375,192.88327941626585,193.9691284871029,142.88327941626588,143.9691284871029,41,801,7.291477680820001e-06,
103,triangle,94,198,130,,462990.8737721142,6867594.71652249,128474.9443359375,209.18673018516864,210.96923770415322,159.18673018516864,160.96923770415322,41,801,7.07106781187e-06,
104,triangle,105,145,84,,465390.98347092164,6869726.384270761,174265.16796875,165.41491073032444,165.3015435055909,115.41491073032444,115.30154350559094,41,801,7.07106781187e-06,
105,triangle,55,211,87,,465224.08015013323,6868781.931569318,22654.4111328125,172.9989842759823,172.15528305278653,122.99898427598231,122.15528305278652,30,1701,7.36806299728e-06,
106,triangle,188,201,72,,468637.18542824936,6864507.138412129,146511.2890625,232.81312572247825,233.49869929524436,-3682.0224969548262,-3227.334200469837,30,1701,7.36806299728e-06,
107,triangle,84,214,85,,465051.8720699542,6869387.508280086,61106.59375,177.89127480315867,173.64855397828794,127.89127480315867,123.64855397828795,41,801,7.07106781187e-06,
108,triangle,87,168,55,,465302.1179120273,6868725.685321231,10752.2080078125,170.90396418785795,169.67569208375429,120.90396418785795,119.6756920837543,30,1701,7.36806299728e-06,
109,triangle,28,190,27,,466435.9226535818,6867160.922653582,10895.09765625,190.76444334708566,189.8702713943205,140.76444334708563,139.8702713943205,30,1701,7.36806299728e-06,
110,triangle,132,141,138,,467675.47317775036,6866245.943462615,75038.845703125,220.71784059797102,219.89607902435122,170.717840597971,169.89607902435122,30,1701,7.36806299728e-06,
111,triangle,162,217,6,,467548.3651779332,6865921.812364955,7275.619140625,213.7599689429683,214.71141967581983,163.7599689429683,164.71141967581985,30,1701,7.36806299728e-06,
112,triangle,200,201,110,,468201.0464077103,6863960.46375998,195505.451171875,247.35648397739516,245.89318478299072,197.35648397739513,195.89318478299072,30,1701,7.36806299728e-06,
113,triangle,173,207,95,,463985.74215841544,6867005.159112073,159039.326171875,206.443527474823,212.32857294480564,156.443527474823,162.32857294480564,30,1701,7.3362420845575e-06,
114,triangle,60,161,157,,464839.83740039234,6868550.368866656,8346.1650390625,174.3356800113919,174.30124568877338,124.33568001139193,124.30124568877336,30,1701,7.36806299728e-06,
115,triangle,205,215,115,,465011.39084333525,6867813.157601626,33733.16796875,188.0337846296373,188.7749539788413,138.0337846296373,138.7749539788413,41,801,7.07106781187e-06,
116,triangle,10,163,138,,467318.3035714286,6866110.9375,22311.6630859375,216.540583548092,215.41227581955093,166.54058354809203,165.41227581955093,30,1701,7.36806299728e-06,
117,triangle,47,180,46,,465862.5666974823,6868550.97595159,5734.7939453125,163.40104917904114,164.27958025980317,113.40104917904111,114.27958025980315,30,1701,7.36806299728e-06,
118,triangle,187,195,119,,466776.9457708534,6865009.277321689,152754.546875,245.96276622368896,242.70362500416863,195.96276622368896,192.70362500416863,30,1701,7.36806299728e-06,
119,triangle,113,230,146,,463650.5848648355,6864298.9471957395,970201.4794921875,161.9175607068714,168.68487302243201,111.9175607068714,118.684873022432,98,2021,5.089691788833571e-06,
120,triangle,89,182,90,,466206.2041221943,6869252.552684467,74102.2890625,152.43554606383097,160.9455488996754,102.43554606383096,110.94554889967542,41,801,7.092281753685001e-06,
121,triangle,94,223,204,,462692.94047506177,6867002.458676894,136797.35546875,211.06308840211895,206.7135678984204,161.06308840211892,156.7135678984204,30,1701,7.409823303736428e-06,
122,triangle,108,185,107,,469093.135690362,6867482.171049342,903788.294921875,,,-10049.0,-10049.0,98,2021,5.680910458428572e-06,
123,triangle,101,230,0,,462118.7862182338,6864515.796886229,1099576.0244140625,177.57394601813868,174.0576189838835,127.57394601813871,124.05761898388351,98,2021,4.30886938006e-06,
124,triangle,109,188,179,,469025.1298237807,6865061.318813336,218568.185546875,,,-10049.0,-10049.0,30,1701,7.36806299728e-06,
125,triangle,46,180,172,,465950.89789110905,6868637.076701511,19344.98046875,167.0176896450197,167.71916937380186,117.01768964501971,117.71916937380189,30,1701,7.36806299728e-06,
126,triangle,140,218,173,,464652.0000823263,6867162.495139341,104641.251953125,205.83067721947734,206.90513462116482,155.83067721947734,156.9051346211648,41,801,7.07106781187e-06,
127,triangle,67,192,66,,465305.74506173754,6867142.905924019,32553.8408203125,198.08981170198498,198.73728915965293,148.08981170198498,148.73728915965293,41,801,7.07106781187e-06,
128,triangle,147,228,150,,467294.3380205592,6867618.727109014,313781.943359375,167.33729839058324,172.68628585181574,117.33729839058324,-3267.8758094321224,30,1701,7.36806299728e-06,
129,triangle,138,162,10,,467401.75351442135,6866047.105153619,16904.5009765625,215.11853159380303,214.42748661414961,165.11853159380303,164.42748661414961,30,1701,7.36806299728e-06,
130,triangle,176,215,140,,464716.5580851494,6867726.238903812,61919.9697265625,195.67412545617333,194.71510459084493,145.6741254561733,144.71510459084493,41,801,7.07106781187e-06,
131,triangle,89,172,88,,465991.4344976717,6868892.499969919,50225.228515625,169.4213507850613,169.19637310225502,119.42135078506126,119.19637310225501,30,1701,7.346849055464999e-06,
132,triangle,176,238,144,,464304.21182215656,6867763.565154772,105030.91015625,198.71847573950916,196.27248035549732,148.71847573950913,146.27248035549735,41,801,7.07106781187e-06,
133,triangle,145,182,89,,465919.5153933351,6869346.300685176,93114.4267578125,165.99866418006707,164.73544257684472,115.99866418006708,114.73544257684472,41,801,7.07106781187e-06,
134,triangle,41,221,154,,465959.9425024866,6868131.870143205,7889.49609375,174.5533143750642,173.6632862598523,124.55331437506418,123.66328625985231,30,1701,7.36806299728e-06,
135,triangle,132,184,141,,467960.5192348012,6866332.487881639,160805.939453125,211.1268940464821,218.35661929946627,-321.63300172461635,-3237.428920467022,30,1701,7.36806299728e-06,
136,triangle,149,207,199,,463837.38212138304,6866376.261288228,243643.9345703125,217.16999185520413,201.96261382538069,167.1699918552041,151.96261382538066,30,1701,7.430703456964643e-06,
137,triangle,141,217,138,,467669.3077815959,6866033.213174775,31254.8076171875,227.06549559481311,225.21719801558208,177.06549559481311,175.21719801558208,30,1701,7.36806299728e-06,
138,triangle,7,162,6,,467489.25351442135,6865909.605153619,3893.080078125,211.68718252884622,211.83581943885665,161.68718252884622,161.83581943885665,30,1701,7.36806299728e-06,
139,triangle,50,156,49,,465664.7983742315,6868464.838461466,4481.8271484375,164.62807762528485,164.08097703457403,114.62807762528485,114.08097703457405,30,1701,7.36806299728e-06,
140,triangle,60,157,59,,464905.385086488,6868531.905319133,3589.34765625,172.78866239710135,172.89178978330065,122.78866239710136,122.89178978330067,30,1701,7.36806299728e-06,
141,triangle,6,217,5,,467609.1116635118,6865862.207211335,5210.8740234375,214.30323395294153,214.30893458754915,164.30323395294155,164.30893458754915,30,1701,7.36806299728e-06,
142,triangle,146,230,149,,463605.1201925838,6865130.297598891,1134321.5166015625,153.46235568603956,171.24021533845203,103.46235568603956,121.24021533845207,12,1841,7.822570219541072e-06,
143,triangle,141,184,178,,468132.81741124316,6866074.458764692,131799.54296875,234.62165551584215,234.00208769755736,-7704.465168002252,-4387.505377754523,30,1701,7.36806299728e-06,
144,triangle,178,184,143,,468447.96349090664,6866028.692772691,174302.7607421875,,234.65437748162134,-10049.000000000002,-7798.288643725687,30,1701,7.36806299728e-06,
145,triangle,106,152,99,,467362.777892444,6869547.976071854,287326.5634765625,,,-10049.0,-10049.0,41,801,7.256625836435001e-06,
146,triangle,120,224,187,,467299.20678733947,6864752.482691955,132093.5263671875,251.42441261228308,249.79308717027826,201.42441261228308,199.79308717027826,30,1701,7.36806299728e-06,
147,triangle,117,216,69,,465315.2812320715,6866172.727278911,101570.533203125,221.34737118156795,219.44257319427655,171.34737118156795,169.44257319427655,30,1701,7.388943150508214e-06,
148,triangle,86,211,137,,464994.2985927027,6868911.754787198,34471.54296875,176.97888750164964,174.75649299130285,126.97888750164965,124.75649299130286,30,1701,7.36806299728e-06,
149,triangle,130,198,191,,463285.7825686521,6867739.318686259,140120.6259765625,206.54098746840208,204.03625373826125,156.5409874684021,154.03625373826125,41,801,7.07106781187e-06,
150,triangle,145,214,84,,465270.8039916958,6869460.724880942,107001.4716796875,173.66154182407075,170.67403980609524,123.6615418240708,120.67403980609527,41,801,7.07106781187e-06,
151,triangle,115,215,114,,464959.7756160858,6867973.0372315645,32235.828125,183.5802240002682,185.59544437776663,133.58022400026823,135.59544437776663,41,801,7.07106781187e-06,
152,triangle,95,238,173,,464110.51112642867,6867246.917330742,121007.9912109375,207.6908131760112,207.2162955479473,157.6908131760112,157.21629554794728,41,801,7.0816747827775e-06,
153,triangle,69,231,68,,464941.8302013041,6866416.111317974,77177.4609375,220.07921207231456,216.59900200516662,170.07921207231456,166.59900200516657,30,1701,7.388943150508214e-06,
154,triangle,158,195,187,,466491.43720457214,6864737.852447275,199566.169921875,233.16800082149246,239.23255371727524,183.16800082149248,189.23255371727524,30,1701,7.36806299728e-06,
155,triangle,71,224,120,,467636.5964901831,6864771.798543648,99933.87890625,250.80183627102693,249.84896948062416,200.80183627102696,199.84896948062416,30,1701,7.36806299728e-06,
156,triangle,132,174,159,,467388.08673761896,6866653.46961984,68957.017578125,205.75382685234874,204.62465703163738,155.75382685234874,154.62465703163738,30,1701,7.36806299728e-06,
157,triangle,149,222,207,,463546.07670592936,6866555.094665076,198440.955078125,211.7197841935611,202.22977134590414,161.7197841935611,152.22977134590414,30,1701,7.430703456964643e-06,
158,triangle,114,215,176,,464784.8788776568,6867957.394943841,45884.8037109375,188.7415055653292,188.13424417981352,138.7415055653292,138.13424417981352,41,801,7.07106781187e-06,
159,triangle,133,160,135,,466396.47791795555,6868128.2145661935,82227.609375,185.95987334911914,184.23078406616676,135.95987334911914,134.23078406616676,30,1701,7.36806299728e-06,
160,triangle,96,213,196,,464451.00387845625,6868318.13711707,32431.818359375,183.0046468705122,183.3778393933717,133.0046468705122,133.3778393933717,41,801,7.07106781187e-06,
161,triangle,184,185,108,,468728.18174741283,6866812.465468367,477740.935546875,,,-10049.0,-10049.0,30,1701,7.36806299728e-06,
162,triangle,134,164,153,,466795.65384006494,6866952.885801609,27347.6328125,206.53209261851842,201.9469880747421,156.53209261851842,151.94698807474214,30,1701,7.36806299728e-06,
163,triangle,197,233,183,,465528.78686361125,6865468.761798681,141549.2900390625,212.50772645442768,222.61666026640333,162.50772645442765,172.6166602664034,30,1701,7.36806299728e-06,
164,triangle,173,238,140,,464430.6681000809,6867293.269417703,117034.4921875,204.4043646509756,206.00820524344036,154.40436465097562,156.00820524344036,41,801,7.07106781187e-06,
165,triangle,181,203,139,,462625.83501196903,6868436.79516821,144370.853515625,202.17904628315463,201.6222942057117,152.17904628315463,151.6222942057117,41,801,7.07106781187e-06,
166,triangle,149,193,146,,464167.6807413962,6865531.486890718,609255.3515625,179.63077957602508,190.09676762777713,129.63077957602508,140.09676762777713,12,1841,7.910946981213573e-06,
167,triangle,141,178,74,,467949.3626258408,6865841.124298718,64442.181640625,231.36736033891117,228.23315940155058,181.3673603389112,-982.2736101513433,30,1701,7.36806299728e-06,
168,triangle,199,207,173,,464166.03708470706,6866701.422833537,145098.0419921875,211.5746550981233,217.09955658877092,161.5746550981233,167.0995565887709,30,1701,7.36806299728e-06,
169,triangle,61,161,60,,464784.45231390436,6868493.463547523,6638.763671875,174.21507688455196,174.57612765840238,124.21507688455199,124.5761276584024,30,1701,7.36806299728e-06,
170,triangle,192,205,116,,465200.96169060335,6867517.389761352,45896.6845703125,191.67146284816423,192.74944334786255,141.6714628481642,142.74944334786252,41,801,7.07106781187e-06,
171,triangle,43,221,42,,465938.4554910974,6868233.655857491,4326.2421875,169.0479260486921,169.03052360607063,119.04792604869209,119.03052360607063,30,1701,7.36806299728e-06,
172,triangle,100,171,129,,466856.27947222133,6869146.061400764,29180.169921875,,138.89551341897217,-10049.0,-7618.030712170515,98,2021,4.30886938006e-06,
173,triangle,133,189,166,,466379.6181311182,6867633.082190737,45092.958984375,192.50631664373253,190.5762553788135,142.50631664373253,140.5762553788135,30,1701,7.36806299728e-06,
174,triangle,135,175,172,,466204.51599837857,6868522.932755939,68386.86328125,177.89095029999842,176.4463415494445,127.89095029999844,126.44634154944448,30,1701,7.36806299728e-06,
175,triangle,187,224,177,,467264.3035470289,6864442.941350646,153571.71875,252.57975317676716,250.2781972569871,202.57975317676716,200.27819725698714,30,1701,7.36806299728e-06,
176,triangle,90,212,100,,466616.4535988798,6869358.449147984,62783.333984375,158.0,156.0243614466848,-7532.083575262444,-6663.991879517772,41,801,6.873767923883572e-06,
177,triangle,14,232,163,,467110.30274352623,6866257.356774586,12043.748046875,212.84613644124943,210.28755992366942,162.84613644124943,160.28755992366942,30,1701,7.36806299728e-06,
178,triangle,134,190,150,,466735.51425880264,6867261.236779858,61096.943359375,193.25947165039364,191.56430831515345,143.25947165039366,141.56430831515345,30,1701,7.36806299728e-06,
179,triangle,169,211,55,,465136.85181116004,6868725.39706991,12274.21875,172.89944223964662,171.85926387825694,122.89944223964663,121.85926387825695,30,1701,7.36806299728e-06,
180,triangle,0,230,113,,462710.1209948769,6863874.939137135,964452.8984375,164.97438663654611,174.12152232727772,114.9743866365461,124.12152232727767,98,2021,4.30886938006e-06,
181,triangle,165,166,32,,466101.64559347584,6867568.784265351,19562.416015625,188.0481917750248,185.20878782703656,138.0481917750248,135.20878782703656,30,1701,7.36806299728e-06,
182,triangle,98,210,186,,463540.86684780597,6868883.379457253,72372.625,194.42040823508154,192.20060310902605,144.42040823508154,142.20060310902605,41,801,7.07106781187e-06,
183,triangle,118,233,117,,465744.1183123526,6865908.0765341595,92258.056640625,229.84177103957273,224.24344990559848,179.8417710395727,174.24344990559848,30,1701,7.388943150508214e-06,
184,triangle,149,223,222,,463226.4378668161,6866634.165017056,248409.560546875,199.0598511832679,200.38476746220567,149.0598511832679,150.38476746220567,30,1701,7.493343916649285e-06,
185,triangle,135,227,133,,466633.8957467349,6868162.753980261,117694.4921875,183.6321144391286,178.1052481003701,133.63211443912863,128.1052481003701,30,1701,7.36806299728e-06,
186,triangle,177,237,187,,466918.2544857729,6864273.401566572,256119.4619140625,249.12878296096542,239.00324590685247,199.12878296096542,189.00324590685247,30,1701,7.36806299728e-06,
187,triangle,186,203,151,,462816.68834624515,6869045.110088155,260714.2880859375,186.45129576382735,188.38057913507575,136.45129576382737,138.38057913507575,41,801,7.07106781187e-06,
188,triangle,85,234,84,,464872.57634422416,6869432.314254593,50608.603515625,177.54972399908593,173.24629028769482,127.54972399908593,123.24629028769482,30,1701,7.36806299728e-06,
189,triangle,161,236,137,,464732.96723628417,6868686.383542345,23168.2314453125,177.08013123558763,176.9095783853543,127.08013123558763,126.9095783853543,30,1701,7.36806299728e-06,
190,triangle,139,198,181,,462833.0335019137,6868151.7093870975,120211.65625,206.01409420447834,206.3443042705736,156.0140942044783,156.34430427057356,41,801,7.07106781187e-06,
191,triangle,38,229,37,,465940.3928444073,6867866.302157905,4544.1953125,175.3799115421089,175.16204459786078,125.37991154210891,125.16204459786077,30,1701,7.36806299728e-06,
192,triangle,187,237,158,,466503.38909828436,6864406.373507568,216439.8095703125,247.104526395478,232.78656695799774,197.10452639547802,182.78656695799774,30,1701,7.36806299728e-06,
193,triangle,90,202,89,,466333.6253236383,6869040.976492583,60372.748046875,146.1436777203069,155.81156858250384,96.1436777203069,105.81156858250382,30,1701,7.3574560263725e-06,
194,triangle,132,185,184,,468130.9588070791,6866737.402967542,301449.431640625,,203.36344068543914,-10049.0,-6648.212186438187,30,1701,7.36806299728e-06,
195,triangle,150,189,133,,466555.1378353308,6867588.270234156,76902.0576171875,182.62091586048695,186.56628042095016,132.62091586048695,136.56628042095016,30,1701,7.36806299728e-06,
196,triangle,166,189,31,,466242.1181311182,6867470.582190737,24828.33984375,189.54347707260854,187.65125487018722,139.54347707260854,137.65125487018722,30,1701,7.36806299728e-06,
197,triangle,227,235,91,,466907.5295351953,6868546.776528254,88005.5068359375,151.1849249279661,157.42538389191452,101.1849249279661,-3278.049744072057,30,1701,7.36806299728e-06,
198,triangle,97,210,98,,463764.70289307524,6868902.764022808,26889.7666015625,189.44004915328807,189.60978961372314,139.44004915328807,139.60978961372314,41,801,7.0816747827775e-06,
199,triangle,88,180,156,,465787.38913918263,6868679.334442839,17923.2626953125,171.85140647186728,170.10826247480944,121.85140647186728,120.10826247480945,30,1701,7.36806299728e-06,
200,triangle,183,195,158,,466129.1029956836,6864911.71790249,199311.365234375,227.8349774633553,229.33039973510358,177.8349774633553,179.33039973510358,30,1701,7.36806299728e-06,
201,triangle,85,214,86,,465066.24766043294,6869198.352819859,23395.9501953125,172.2162822218909,174.60693819792763,122.2162822218909,124.60693819792765,41,801,7.0816747827775e-06,
202,triangle,74,217,141,,467770.8990532444,6865886.423127825,31912.20703125,224.46647020012898,223.12396612738743,174.46647020012898,173.12396612738743,30,1701,7.36806299728e-06,
203,triangle,95,222,130,,463466.2580414981,6867206.911079232,114216.986328125,204.611228734242,211.03098477179842,154.611228734242,161.03098477179842,30,1701,7.3574560263725e-06,
204,triangle,129,202,90,,466553.6497457149,6869011.482353072,55267.685546875,137.071800026896,148.0009983166809,87.07180002689601,-850.3282183268243,30,1701,7.149549167478571e-06,
205,triangle,214,226,87,,465381.33303483884,6869062.487790833,55945.8466796875,177.59821092651993,174.15852144322002,127.59821092651995,124.15852144322007,41,801,7.07106781187e-06,
206,triangle,111,237,177,,466877.64205942675,6863885.776489613,236119.259765625,238.907678190648,223.73357377077204,188.907678190648,173.73357377077204,30,1701,7.5559843763339294e-06,
207,triangle,193,216,197,,464960.80512171943,6865750.694557689,137170.0546875,225.3193461990516,222.61166490737006,175.31934619905158,172.61166490737006,30,1701,7.36806299728e-06,
208,triangle,136,174,132,,467390.9676929217,6866463.93492128,60738.20703125,213.72605381054126,212.45444710922303,163.72605381054126,162.45444710922305,30,1701,7.36806299728e-06,
209,triangle,16,232,15,,467054.4991720977,6866358.919274586,3318.65625,207.00613570503072,207.1002825782396,157.00613570503072,157.1002825782396,30,1701,7.36806299728e-06,
210,triangle,189,190,29,,466395.16472247406,6867307.5643289685,26017.3291015625,193.06516775888005,191.15895286318394,143.06516775888005,141.15895286318394,30,1701,7.36806299728e-06,
211,triangle,149,230,101,,462664.65632262523,6865347.14728938,1010756.7919921875,159.1445091249293,165.71866453962812,109.1445091249293,115.71866453962814,12,1841,7.95270728767e-06,
212,triangle,139,186,148,,463201.1810886326,6868576.298295141,123478.7744140625,200.67612927729746,198.30967229130184,150.6761292772975,148.30967229130184,41,801,7.07106781187e-06,
213,triangle,137,236,170,,464689.75992644904,6868854.100096129,42744.45703125,178.21846310072456,177.13029181564514,128.21846310072456,127.13029181564514,30,1701,7.36806299728e-06,
214,triangle,132,138,136,,467490.2770596663,6866324.937499176,58259.994140625,222.8157000516497,214.84614536926748,172.81570005164974,164.84614536926748,30,1701,7.36806299728e-06,
215,triangle,130,223,94,,462936.00743481953,6867280.142991737,125708.671875,218.01552443441292,212.67930702256726,168.01552443441292,162.67930702256723,30,1701,7.3574560263725e-06,
216,triangle,170,234,85,,464746.87936958164,6869230.408105603,43797.0244140625,175.93635027233546,175.5729323117702,125.93635027233543,125.5729323117702,30,1701,7.36806299728e-06,
217,triangle,152,171,99,,467177.09345830604,6869246.953853496,71653.7373046875,,,-10048.999999999998,-10049.0,98,2021,4.30886938006e-06,
218,triangle,98,209,97,,463855.0538650304,6869098.914737477,32777.189453125,189.10901387097164,189.1381373752263,139.1090138709716,139.13813737522634,30,1701,7.346849055464999e-06,
219,triangle,134,228,159,,467223.87868018745,6867068.065107583,95846.8271484375,181.86896817740947,185.9499173633964,131.86896817740944,135.94991736339642,30,1701,7.36806299728e-06,
220,triangle,91,235,129,,466858.382153107,6868805.408845271,57794.833984375,127.80389522172678,144.61117848223086,-490.70143199838026,-4234.921764322018,30,1701,7.149549167478571e-06,
221,triangle,170,236,131,,464503.79140985454,6868810.854283812,56375.0908203125,179.28556219074738,179.75694005525483,129.28556219074738,129.75694005525483,30,1701,7.36806299728e-06,
222,triangle,160,229,154,,466061.7130677583,6868009.72976324,21936.416015625,183.0338105773177,181.09498463021896,133.0338105773177,131.09498463021896,30,1701,7.36806299728e-06,
223,triangle,101,204,149,,462535.7943272071,6866000.053151264,703513.9541015625,183.95950452827375,172.48374071742123,133.95950452827378,122.48374071742121,12,1841,7.95270728767e-06,
224,triangle,144,213,176,,464399.3632217133,6868018.379481908,70172.2021484375,184.60615757926985,189.97405945235423,134.60615757926985,139.9740594523542,41,801,7.07106781187e-06,
225,triangle,216,231,69,,465047.3226669829,6866192.1306167515,84494.5029296875,217.53777088473095,217.84883609608016,167.53777088473095,167.84883609608016,30,1701,7.36806299728e-06,
226,triangle,142,209,104,,463968.0789519848,6869625.538626469,152060.25,187.79788040736878,184.8859865397699,137.79788040736878,134.8859865397699,30,1701,7.36806299728e-06,
227,triangle,131,196,194,,464151.1041125146,6868472.725788386,72326.4755859375,188.06951218616956,188.39599141026693,138.0695121861696,138.39599141026693,41,801,7.07106781187e-06,
228,triangle,213,220,63,,464640.4916964402,6868310.744281578,12418.4453125,178.1717171990968,178.8296781613702,128.1717171990968,128.8296781613702,41,801,7.07106781187e-06,
229,triangle,132,228,185,,467831.47654673614,6867033.203390032,323250.791015625,,184.68911463286037,-10049.0,-3259.8739235780927,30,1701,7.36806299728e-06,
230,triangle,117,233,216,,465452.0940769184,6865939.214112611,93863.0849609375,225.61038320311195,222.05394059965178,175.61038320311198,172.0539405996518,30,1701,7.36806299728e-06,
231,triangle,104,225,151,,463314.92832397064,6869639.419204012,221328.666015625,184.7982816198574,182.86057362316208,134.7982816198574,132.86057362316208,30,1701,7.36806299728e-06,
232,triangle,207,222,95,,463672.3452755813,6866986.886595453,111529.6494140625,213.08162024037668,214.69183039906787,163.0816202403767,164.69183039906787,30,1701,7.36806299728e-06,
233,triangle,186,225,98,,463474.08174740366,6869106.186299066,112226.6513671875,191.8819755702906,191.0472888350981,141.8819755702906,141.0472888350981,41,801,7.1453166082225004e-06,
234,triangle,155,160,133,,466316.39571196184,6867932.088319621,47015.896484375,190.0950938631117,185.97255389205768,140.0950938631117,135.97255389205765,30,1701,7.36806299728e-06,
235,triangle,175,221,44,,465995.49558985553,6868324.9866169365,13438.265625,174.7536827343902,171.26499709237018,124.7536827343902,121.26499709237017,30,1701,7.36806299728e-06,
236,triangle,89,202,172,,466211.2262961958,6868895.027222746,55331.388671875,151.9563267933243,161.07637054760764,101.95632679332431,111.07637054760761,30,1701,7.36806299728e-06,
237,triangle,129,171,91,,466939.84875799646,6868967.434942223,45142.380859375,,138.89551341897217,-10049.0,-7618.030712170515,98,2021,4.6366401247621425e-06,
238,triangle,174,232,17,,467117.68980535306,6866460.41669669,15199.060546875,210.00254202941142,209.53358380956885,160.00254202941142,159.53358380956885,30,1701,7.36806299728e-06,
239,triangle,196,213,144,,464291.88258436864,6868141.199373565,46992.494140625,188.96947573809626,189.32146133712672,138.9694757380963,139.32146133712675,41,801,7.07106781187e-06,
240,triangle,140,215,205,,464883.5512689941,6867642.448759448,54474.9482421875,195.0339378933152,195.14882048392352,145.03393789331523,145.14882048392352,41,801,7.07106781187e-06,
241,triangle,199,231,193,,464555.7569581278,6866131.301055282,123188.5673828125,224.68540629477698,220.29945052414269,174.68540629477698,170.2994505241427,30,1701,7.36806299728e-06,
242,triangle,174,206,159,,467168.5163337437,6866716.803900967,36487.716796875,205.75179521268902,206.73117521947688,155.75179521268905,156.7311752194769,30,1701,7.36806299728e-06,
243,triangle,192,218,140,,464924.50912860566,6867268.569104877,75701.6298828125,202.28774636956007,200.52938054999277,152.2877463695601,150.52938054999277,41,801,7.07106781187e-06,
244,triangle,172,202,135,,466327.2917656133,6868672.6492791055,76875.822265625,175.99742464573282,167.73956967167717,125.99742464573282,117.73956967167719,30,1701,7.36806299728e-06,
245,triangle,160,175,135,,466241.0180167137,6868307.04532564,55779.46875,182.27467419778185,180.14026314735563,132.27467419778185,130.14026314735563,30,1701,7.36806299728e-06,
246,triangle,96,220,213,,464593.6412860371,6868358.325497788,12418.4453125,178.22198643891176,179.35662289970355,128.22198643891176,129.35662289970355,41,801,7.07106781187e-06,
247,triangle,134,206,164,,466917.8435683753,6866877.642121755,27478.5400390625,206.4108691774353,204.20644060089867,156.4108691774353,154.20644060089867,30,1701,7.36806299728e-06,
248,triangle,164,206,20,,466901.64772959286,6866756.456554248,10020.498046875,205.63896715752026,205.46499296825266,155.63896715752028,155.46499296825263,30,1701,7.36806299728e-06,
249,triangle,193,197,146,,464761.40838830004,6865359.629745622,300749.8505859375,197.63099925692848,208.71480568653342,147.63099925692848,158.71480568653342,30,1701,7.660385142475e-06,
250,triangle,25,153,24,,466573.51692748064,6866913.515460156,6978.6435546875,193.48071059470826,195.90154690741528,143.48071059470826,145.90154690741528,30,1701,7.36806299728e-06,
251,triangle,39,154,38,,465896.48701138917,6867973.214285714,7841.3955078125,172.38773906911743,172.33276468828686,122.3877390691174,122.33276468828687,30,1701,7.36806299728e-06,
252,triangle,41,154,40,,465896.48701138917,6868073.214285714,5430.681640625,171.21613278331324,170.33276468828686,121.21613278331323,120.33276468828687,30,1701,7.36806299728e-06,
253,triangle,48,156,47,,465764.7983742315,6868489.838461466,5629.509765625,163.08411429513396,163.5476416667355,113.08411429513397,113.5476416667355,30,1701,7.36806299728e-06,
254,triangle,58,157,57,,465005.385086488,6868556.905319133,5796.0263671875,171.51180276801176,171.09178673154284,121.51180276801176,121.09178673154285,30,1701,7.36806299728e-06,
255,triangle,172,180,88,,465910.9219585778,6868750.596731295,25677.224609375,172.10235179391276,171.70021195657787,122.10235179391273,121.70021195657786,30,1701,7.36806299728e-06,
256,triangle,193,231,216,,464843.1839611708,6865986.967870961,98467.015625,221.5580518509462,219.86557218726009,171.5580518509462,169.86557218726009,30,1701,7.36806299728e-06,
257,triangle,91,171,152,,467239.0793444869,6869064.19466719,130475.5703125,,,-10049.0,-10049.0,98,2021,4.30886938006e-06,
258,triangle,135,235,227,,466697.9947077075,6868424.705664951,81749.439453125,168.791911289093,165.72252979082626,118.79191128909302,115.72252979082624,30,1701,7.36806299728e-06,
259,triangle,67,218,192,,465122.3873483807,6867111.372681499,64567.3037109375,199.72697435112627,201.06640153701198,149.72697435112627,151.066401537012,41,801,7.07106781187e-06,
260,triangle,155,229,160,,466144.2885563691,6867935.890477526,27136.8125,185.40140689096694,184.44293029737287,135.40140689096694,134.44293029737284,30,1701,7.36806299728e-06,
261,triangle,194,210,97,,463823.53352236206,6868717.676754046,52708.2216796875,187.79284148399194,189.78758704893752,137.79284148399194,139.78758704893752,41,801,7.07106781187e-06,
262,triangle,156,180,47,,465802.36507171387,6868565.814413056,8914.0810546875,165.9465299437858,166.12721989203348,115.94652994378582,116.12721989203347,30,1701,7.36806299728e-06,
263,triangle,105,182,145,,465751.4361567588,6869665.921494962,128833.16015625,163.72032634004356,163.62636783803103,113.72032634004354,113.62636783803106,41,801,7.07106781187e-06,
264,triangle,155,166,165,,466155.70809347584,6867693.159265351,21402.5732421875,190.2278778343588,188.48949919972995,140.22787783435882,138.48949919972995,30,1701,7.36806299728e-06,
265,triangle,154,221,160,,466059.7757144484,6868127.083462827,19629.34765625,180.05427629471424,178.86346262117618,130.05427629471424,128.8634626211762,30,1701,7.36806299728e-06,
266,triangle,131,219,170,,464366.7259651602,6868942.420859821,83733.7333984375,176.8914408528219,179.89077448387079,126.89144085282193,129.89077448387079,30,1701,7.36806299728e-06,
267,triangle,159,206,134,,467071.5215392707,6866886.49204637,48324.591796875,201.06108631767302,200.50598625295513,151.06108631767304,150.50598625295513,30,1701,7.36806299728e-06,
268,triangle,165,229,155,,466088.2248756573,6867785.520907905,20216.5859375,187.53276657611627,185.65563909743886,137.53276657611627,135.65563909743886,30,1701,7.36806299728e-06,
269,triangle,8,162,7,,467439.25351442135,6865909.605153619,3893.0791015625,211.013932985766,211.4024850882707,161.01393298576596,161.4024850882707,30,1701,7.36806299728e-06,
270,triangle,11,163,10,,467205.8035714286,6866073.4375,5449.21875,209.51774600006317,210.45394502934911,159.51774600006314,160.45394502934911,30,1701,7.36806299728e-06,
271,triangle,21,164,20,,466830.9410738019,6866743.184773944,4858.287109375,201.4193315805163,202.23732788526675,151.41933158051634,152.23732788526675,30,1701,7.36806299728e-06,
272,triangle,24,153,23,,466623.51692748064,6866888.515460156,4332.9892578125,196.44999321813884,197.20154487291006,146.44999321813881,147.2015448729101,30,1701,7.36806299728e-06,
273,triangle,26,153,25,,466548.51692748064,6866963.515460156,5458.154296875,193.79463209066046,194.76821560858716,143.79463209066046,144.76821560858716,30,1701,7.36806299728e-06,
274,triangle,35,165,34,,465943.76953125,6867644.84375,4924.072265625,176.77576316197712,178.11288719589513,126.77576316197711,128.11288719589513,30,1701,7.36806299728e-06,
275,triangle,40,154,39,,465871.48701138917,6868023.214285714,5229.7890625,170.82598870963895,170.89943033770092,120.82598870963895,120.89943033770093,30,1701,7.36806299728e-06,
276,triangle,49,156,48,,465714.7983742315,6868464.838461466,4481.8271484375,163.49186622214052,163.74764370124072,113.49186622214054,113.7476437012407,30,1701,7.36806299728e-06,
277,triangle,51,167,50,,465551.33991761226,6868478.913082998,6065.22265625,165.85086895204648,164.6553881322642,115.85086895204648,114.65538813226419,30,1701,7.36806299728e-06,
278,triangle,54,168,53,,465339.43327647005,6868607.717282896,3680.6943359375,165.74112689449126,165.99968456868115,115.74112689449126,115.99968456868116,30,1701,7.36806299728e-06,
279,triangle,57,169,56,,465100.4562965841,6868611.433538926,4098.7734375,170.02382189604765,170.0466550072102,120.02382189604765,120.04665500721022,30,1701,7.36806299728e-06,
280,triangle,59,157,58,,464955.385086488,6868531.905319133,3589.3486328125,171.86837648537647,171.85845441546212,121.86837648537647,121.85845441546212,30,1701,7.36806299728e-06,
281,triangle,9,162,8,,467389.25351442135,6865934.605153619,5496.6005859375,210.70587918718243,211.4024850882707,160.7058791871824,161.4024850882707,30,1701,7.36806299728e-06,
282,triangle,12,163,11,,467155.8035714286,6866098.4375,6102.12109375,207.89231313221066,209.98728039718765,157.8923131322107,159.98728039718765,30,1701,7.36806299728e-06,
283,triangle,22,164,21,,466780.9410738019,6866768.184773944,5526.658203125,199.62748373420894,200.90399455193344,149.62748373420897,150.9039945519334,30,1701,7.36806299728e-06,
284,triangle,34,165,33,,465968.76953125,6867594.84375,7156.494140625,177.23692292494079,178.84621951197585,127.23692292494077,128.84621951197585,30,1701,7.36806299728e-06,
285,triangle,52,167,51,,465501.33991761226,6868503.913082998,6215.962890625,164.48431224084075,165.0887173965871,114.48431224084075,115.08871739658711,30,1701,7.36806299728e-06,
286,triangle,55,168,54,,465289.43327647005,6868632.717282896,5304.4375,166.64529460534143,166.93301891926708,116.64529460534143,116.9330189192671,30,1701,7.36806299728e-06,
287,triangle,56,169,55,,465150.4562965841,6868636.433538926,6859.939453125,169.56271904741672,169.47998935779614,119.56271904741672,119.47998935779616,30,1701,7.36806299728e-06,
288,triangle,216,233,197,,465301.75667237834,6865722.34413718,101566.474609375,218.32558539542703,223.20629622156545,168.32558539542703,173.20629622156545,30,1701,7.36806299728e-06,
289,triangle,133,166,155,,466324.43856222584,6867760.815515351,37034.9091796875,191.49336475488172,188.80161251246113,141.49336475488172,138.80161251246113,30,1701,7.36806299728e-06,
290,triangle,138,163,136,,467330.8035714286,6866198.4375,20315.2900390625,219.4876150801072,218.978941468965,169.48761508010722,168.978941468965,30,1701,7.36806299728e-06,
291,triangle,204,223,149,,462917.7339047505,6866511.270584234,287788.6552734375,178.72882339132636,189.50441695415478,128.72882339132636,139.50441695415483,12,1841,7.827426368300713e-06,
292,triangle,37,229,208,,465953.9905006573,6867817.770907905,5274.744140625,177.182416155573,177.3602823872582,127.18241615557302,127.36028238725821,30,1701,7.36806299728e-06,
293,triangle,222,223,130,,463176.0589449981,6867095.843927767,120728.0087890625,218.22139669556384,212.97035629595408,168.22139669556384,162.97035629595405,30,1701,7.36806299728e-06,
294,triangle,186,210,148,,463450.05983930704,6868679.877053079,86951.748046875,197.31951463375398,194.60019382751076,147.319514633754,144.60019382751076,41,801,7.07106781187e-06,
295,triangle,138,217,162,,467535.8651779332,6866009.3123649545,18971.142578125,217.75859055024904,218.36975250052686,167.75859055024904,168.36975250052686,30,1701,7.36806299728e-06,
296,triangle,157,161,137,,464841.42290932854,6868649.229332802,23113.94140625,175.87848664644633,175.31654652477195,125.87848664644636,125.31654652477194,30,1701,7.36806299728e-06,
297,triangle,129,235,202,,466644.51848561823,6868828.884018004,53068.4375,144.18594557555969,146.10182568294914,94.18594557555969,-852.227390960556,30,1701,7.36806299728e-06,
298,triangle,185,228,147,,467829.07794448285,6867553.019599584,366904.0625,,166.01478858028162,-10049.0,-6660.661737139907,30,1701,7.36806299728e-06,
299,triangle,170,219,142,,464364.9115997458,6869226.544773537,84126.54296875,176.6716985166681,179.41125529394944,126.6716985166681,129.41125529394944,30,1701,7.36806299728e-06,
300,triangle,154,229,38,,465961.87985579646,6867939.516443619,9604.8125,177.84145580932508,176.96147391830914,127.84145580932505,126.96147391830912,30,1701,7.36806299728e-06,
301,triangle,182,212,90,,466358.73801572225,6869414.874054062,88894.0166015625,162.33731610051967,160.25471124129263,112.33731610051967,-3276.163525839138,41,801,7.07106781187e-06,
302,triangle,62,220,61,,464742.89525384415,6868390.0692473175,3611.783203125,175.42417224978558,175.50613400972316,125.42417224978561,125.50613400972314,30,1701,7.32563511365e-06,
303,triangle,137,211,169,,465013.43732009624,6868774.257536056,19304.33984375,175.03378632017063,174.87456471425557,125.03378632017065,124.87456471425553,30,1701,7.36806299728e-06,
304,triangle,209,225,104,,463695.16657775716,6869585.756244991,158132.419921875,187.460888570937,186.55711539626995,137.46088857093702,136.55711539626998,30,1701,7.36806299728e-06,
305,triangle,209,219,97,,464013.51918915677,6869122.223305446,54536.8447265625,184.71752821642514,184.90789599991444,134.71752821642514,134.90789599991447,30,1701,7.36806299728e-06,
306,triangle,98,225,209,,463715.31522238004,6869250.57378171,76462.3486328125,191.4951133411098,189.8643436342826,141.4951133411098,139.86434363428262,30,1701,7.36806299728e-06,
307,triangle,99,171,100,,466899.86946086906,6869258.007646243,6692.23828125,,,-10049.0,-10049.0,98,2021,5.196718875998929e-06,
308,triangle,96,236,161,,464648.1289753143,6868573.70195078,15174.5361328125,177.23568686811586,177.4813170386559,127.23568686811585,127.4813170386559,30,1701,7.36806299728e-06,
309,triangle,61,220,161,,464727.3475677485,6868458.532794841,6974.0390625,175.3734008299924,175.61559194970104,125.37340082999238,125.61559194970106,30,1701,7.36806299728e-06,
310,triangle,150,190,189,,466553.56048891257,6867386.692887738,35664.37890625,194.08445504211113,190.14488260547247,144.08445504211113,140.14488260547247,30,1701,7.36806299728e-06,
311,triangle,142,234,170,,464530.57242604083,6869317.565253537,72306.8515625,174.93125304365682,177.82950256703873,124.93125304365685,127.82950256703873,30,1701,7.36806299728e-06,
312,triangle,208,229,165,,465997.7600319073,6867762.614657905,9221.6083984375,182.24395178954325,182.1731665313955,132.24395178954327,132.1731665313955,30,1701,7.36806299728e-06,
313,triangle,35,208,165,,465957.3671875,6867696.3125,5528.869140625,178.361261265862,179.11112295078735,128.361261265862,129.11112295078735,30,1701,7.36806299728e-06,
314,triangle,50,167,156,,465616.13829184376,6868518.751544464,13897.0546875,169.58831718288445,165.6030287817471,119.58831718288445,115.60302878174708,30,1701,7.36806299728e-06,
315,triangle,157,169,57,,465030.841383072,6868618.33885806,7328.8349609375,172.05189683929166,171.83843868699526,122.05189683929166,121.83843868699527,30,1701,7.36806299728e-06,
316,triangle,140,205,192,,464989.0614291431,6867465.3511650665,74948.4990234375,197.52343126159067,196.35091204680893,147.52343126159064,146.35091204680893,41,801,7.07106781187e-06,
317,triangle,151,225,186,,463165.4711740517,6869255.831780292,181941.3310546875,184.1319886059104,186.95040982864649,134.1319886059104,136.95040982864649,41,801,7.1453166082225004e-06,
318,triangle,137,169,157,,464957.4268920082,6868692.1993242055,17406.673828125,174.77945304863215,174.28707387357977,124.77945304863218,124.28707387357979,30,1701,7.36806299728e-06,
319,triangle,142,219,209,,464146.692920734,6869313.664731155,63824.783203125,184.9374928032567,183.96297340247068,134.9374928032567,133.96297340247068,30,1701,7.36806299728e-06,
320,triangle,63,220,62,,464731.4929122137,6868353.666905687,2420.5234375,176.03844111704785,176.33289644460925,126.03844111704785,126.33289644460922,41,801,7.19835146276e-06,
321,triangle,202,235,135,,466540.559532959,6868636.000213874,62091.513671875,175.98451694952988,160.57559507284165,125.98451694952989,110.57559507284164,30,1701,7.36806299728e-06,
322,triangle,163,232,136,,467197.80274352623,6866269.856774586,13250.5732421875,215.538588072595,214.6542235385783,165.538588072595,164.6542235385783,30,1701,7.36806299728e-06,
323,triangle,36,208,35,,465888.59765625,6867726.46875,4507.470703125,173.58113357045949,174.09823677214482,123.58113357045949,124.09823677214483,30,1701,7.36806299728e-06,
324,triangle,37,208,36,,465888.59765625,6867776.46875,4177.001953125,172.98450936142603,173.5649064905693,122.98450936142605,123.5649064905693,30,1701,7.36806299728e-06,
325,triangle,161,220,96,,464669.0948157149,6868469.711669422,7855.5048828125,176.75382627719387,176.9692991229205,126.75382627719388,126.9692991229205,30,1701,7.32563511365e-06,
326,triangle,148,210,194,,463678.4962631357,6868543.194744757,63608.65234375,193.4314252907205,193.99538329525342,143.43142529072048,143.99538329525342,41,801,7.07106781187e-06,
327,triangle,145,226,214,,465467.68989149155,6869270.317772963,65106.0751953125,173.85704808734317,172.08053113930228,123.85704808734317,122.0805311393023,41,801,7.07106781187e-06,
328,triangle,136,232,174,,467205.18980535306,6866397.91669669,20885.55859375,214.76523767039987,214.666915108397,164.76523767039987,164.66691510839698,30,1701,7.36806299728e-06,
329,triangle,160,221,175,,466095.3288018173,6868245.199936558,19144.771484375,179.84933248903405,178.0985098387852,129.84933248903405,128.09850983878522,30,1701,7.36806299728e-06,
330,triangle,1,203,103,,461967.1074248934,6869084.893684498,546932.6103515625,181.4277649664277,193.26190556886817,131.4277649664277,143.26190556886817,41,801,7.07106781187e-06,
331,triangle,104,151,1,,462736.53807127074,6869851.963017945,537477.4443359375,171.6894205659905,180.26034719705584,121.6894205659905,130.26034719705584,30,1701,7.2513863172975e-06,
332,triangle,3,188,109,,469286.35870588874,6864455.75092402,430995.7294921875,,,-10049.000000000002,-10049.0,30,1701,7.3574560263725e-06,
333,triangle,3,201,188,,468988.2489681687,6864118.086948607,372576.85546875,,231.2599848263123,-10049.0,-6638.913338391229,30,1701,7.32563511365e-06,
334,triangle,104,105,84,,464748.1919787117,6869913.086250295,360411.0810546875,159.42580517804785,169.97852782031444,109.42580517804785,119.97852782031445,30,1701,7.32563511365e-06,
335,triangle,84,142,104,,464311.9946056392,6869740.324817839,222517.6640625,183.4253940856997,178.00762640717326,133.4253940856997,128.00762640717326,30,1701,7.36806299728e-06,
336,triangle,84,234,142,,464656.2694006833,6869519.471402527,79118.431640625,177.39380294667575,175.5028605429634,127.39380294667575,125.50286054296338,30,1701,7.36806299728e-06,
337,triangle,87,211,86,,465155.3977193237,6868930.862359386,29711.361328125,177.45570687537537,173.7505279174477,127.45570687537543,123.75052791744771,30,1701,7.32563511365e-06,
338,triangle,102,103,92,,461836.4434658265,6867854.754163936,194621.3984375,228.37465075530298,208.47136232144888,178.37465075530298,158.47136232144888,30,1701,7.388943150508214e-06,
339,triangle,106,212,105,,466564.3631301042,6869880.200559809,455676.8154296875,,159.0,-10049.0,-6663.0,41,801,7.07106781187e-06,
340,triangle,105,212,182,,466073.00779465307,6869695.324034304,158860.107421875,163.0093162028936,161.74253051795023,113.00931620289357,-3275.1716463213666,41,801,7.07106781187e-06,
341,triangle,109,143,108,,469237.8421977476,6865943.989971439,549709.560546875,,,-10049.0,-10049.0,8,1621,7.36806299728e-06,
342,triangle,4,217,74,,467711.92483380035,6865789.195265747,11116.9951171875,215.79498466480476,216.36059117180466,165.79498466480476,166.36059117180463,30,1701,7.451583610192857e-06,
343,triangle,88,167,87,,465549.04862063826,6868760.401151118,57771.75390625,170.91756446011215,171.24576749443622,120.91756446011215,121.24576749443622,30,1701,7.36806299728e-06,
344,triangle,167,168,87,,465403.45782963955,6868704.59840423,16557.9921875,169.39394028441777,169.36441049759398,119.39394028441775,119.36441049759401,30,1701,7.36806299728e-06,
345,triangle,100,129,90,,466683.9441274285,6869166.633638878,56467.451171875,152.03585782922622,147.4599374328285,-3979.7105110961415,-4233.0225916882855,98,2021,4.407519324053215e-06,
346,triangle,93,102,92,,462010.8699230245,6867599.536433232,138395.7119140625,230.68497465768218,214.39355082848135,180.68497465768215,164.39355082848135,30,1701,7.388943150508214e-06,
347,triangle,94,102,93,,462233.00313190074,6867434.028930613,173333.90625,226.13004084734786,214.4115389742672,176.13004084734786,164.4115389742672,30,1701,7.36806299728e-06,
348,triangle,99,212,106,,466996.0567774049,6869643.031855992,194767.2314453125,,,-10049.0,-10049.0,41,801,7.07106781187e-06,
349,triangle,109,179,143,,468976.61331563955,6865462.057860754,239016.228515625,,,-10049.000000000004,-10049.0,30,1701,7.36806299728e-06,
350,triangle,122,178,121,,468121.7209868152,6865536.512914333,47580.8994140625,223.05214504301088,228.2929182979577,173.05214504301088,-982.2138512549362,30,1701,7.451583610192857e-06,
351,triangle,21,243,20,,466864.6786302477,6866644.89962006,6198.79296875,201.28233171365503,202.34650491557144,151.28233171365503,152.34650491557142,30,1701,7.36806299728e-06,
352,triangle,20,243,19,,466914.6786302477,6866619.89962006,4547.447265625,201.69669448434325,202.84650491557144,151.69669448434325,152.84650491557142,30,1701,7.36806299728e-06,
353,triangle,22,244,21,,466712.5,6866737.5,5625.0,198.2583287556966,197.79166412353516,148.2583287556966,147.79166412353516,30,1701,7.36806299728e-06,
354,triangle,12,13,124,,467030.28947455593,6866119.832252666,5611.3056640625,206.45689252590972,207.56956109884368,156.45689252590972,157.5695610988437,30,1701,7.36806299728e-06,
355,triangle,125,242,76,,466632.059618881,6866357.17719145,33076.6962890625,208.0489289773089,210.03169487586305,158.0489289773089,160.03169487586308,30,1701,7.430703456964643e-06,
356,triangle,25,247,24,,466493.8893195504,6866853.845717028,8692.30859375,193.94189529379435,193.97385164759103,143.94189529379435,143.97385164759106,30,1701,7.36806299728e-06,
357,triangle,127,241,78,,466063.21468008537,6866880.294500354,15501.201171875,193.47387458078677,193.77007377091135,143.47387458078674,143.77007377091135,30,1701,7.388943150508214e-06,
358,triangle,14,248,13,,466994.50007100723,6866232.930163756,3431.2421875,207.91422194752477,207.66073520593753,157.91422194752474,157.66073520593756,30,1701,7.36806299728e-06,
359,triangle,16,248,15,,466994.50007100723,6866332.930163756,3431.2412109375,207.876108817462,207.9274028898568,157.876108817462,157.92740288985684,30,1701,7.36806299728e-06,
360,triangle,124,248,125,,466863.6097610595,6866199.418522813,23455.66796875,210.13766981734386,213.05439570781223,160.13766981734386,163.05439570781223,30,1701,7.472463763421071e-06,
361,triangle,28,245,27,,466385.5215147396,6867068.485118151,5174.25390625,189.2895966736226,188.2323826436632,139.28959667362258,138.2323826436632,30,1701,7.36806299728e-06,
362,triangle,80,241,81,,466091.2707234809,6867068.133976601,5415.3837890625,187.75143056031177,187.21751290630525,137.75143056031175,137.21751290630525,30,1701,7.36806299728e-06,
363,triangle,13,248,124,,466974.7895455631,6866177.762416422,7061.3330078125,206.5608289971364,209.6969609369427,156.5608289971364,159.6969609369427,30,1701,7.36806299728e-06,
364,triangle,8,123,7,,467438.822352896,6865866.863055532,915.40625,210.9214506581681,210.91953778490915,160.9214506581681,160.91953778490915,30,1701,7.36806299728e-06,
365,triangle,240,242,21,,466709.6344820534,6866579.261023824,30827.9208984375,200.94622713023364,202.40362019196792,150.94622713023367,152.40362019196792,30,1701,7.36806299728e-06,
366,triangle,10,75,9,,467263.9228071519,6865972.448009703,4345.783203125,210.35278503320677,210.36086516894724,160.3527850332068,160.36086516894724,30,1701,7.36806299728e-06,
367,triangle,76,242,240,,466585.48307843966,6866475.759321652,32785.5458984375,203.2437812693841,205.05567017576072,153.2437812693841,155.05567017576072,30,1701,7.36806299728e-06,
368,triangle,17,243,16,,466989.6786302477,6866469.89962006,3973.654296875,205.60128788552663,205.04650695007663,155.60128788552663,155.04650695007663,30,1701,7.36806299728e-06,
369,triangle,11,75,10,,467213.9228071519,6865997.448009703,3099.599609375,209.5394017808044,209.49420155403837,159.53940178080438,159.49420155403837,30,1701,7.409823303736428e-06,
370,triangle,21,244,240,,466654.74367505504,6866677.738236594,14431.7900390625,197.8183057078708,199.00640752763567,147.8183057078708,149.00640752763567,30,1701,7.36806299728e-06,
371,triangle,126,247,127,,466264.72955265007,6866695.335651569,29129.8173828125,200.5273722760082,199.749869092562,150.5273722760082,149.749869092562,30,1701,7.430703456964643e-06,
372,triangle,76,240,126,,466416.98854793655,6866516.065945212,26843.0517578125,202.68180899091766,204.05691460041962,152.68180899091766,154.05691460041962,30,1701,7.472463763421071e-06,
373,triangle,15,248,14,,466994.50007100723,6866282.930163756,3431.2421875,208.22535175433543,207.56073927494796,158.22535175433543,157.56073927494796,30,1701,7.36806299728e-06,
374,triangle,242,243,21,,466832.0694372461,6866558.922407292,17238.2734375,205.71033299390646,204.26871910578257,155.71033299390646,154.26871910578257,30,1701,7.36806299728e-06,
375,triangle,127,247,239,,466255.8424096636,6866809.058687718,21149.603515625,197.41655683817703,196.68311894366477,147.41655683817703,146.68311894366477,30,1701,7.36806299728e-06,
376,triangle,16,243,242,,466907.0694372461,6866458.922407292,14462.177734375,208.78499863780507,206.33538475519663,158.78499863780507,156.33538475519663,30,1701,7.36806299728e-06,
377,triangle,78,241,79,,466016.2707234809,6866968.133976601,4642.95703125,190.59988728429528,190.25084318788075,140.59988728429528,140.25084318788075,30,1701,7.36806299728e-06,
378,triangle,242,248,16,,466911.8908780056,6866371.952950987,17563.72265625,210.7381625673982,208.44961301105755,160.7381625673982,158.44961301105755,30,1701,7.36806299728e-06,
379,triangle,245,247,25,,466429.41083429,6866897.3308351785,10787.3359375,194.6846517111658,194.0728979061631,144.68465171116577,144.07289790616312,30,1701,7.36806299728e-06,
380,triangle,24,247,244,,466531.3893195504,6866791.345717028,10658.60546875,195.132916327906,195.53218345504547,145.132916327906,145.5321834550455,30,1701,7.36806299728e-06,
381,triangle,28,246,245,,466323.0215147396,6867080.985118151,10128.7216796875,190.6444736611097,188.95738238935004,140.6444736611097,138.95738238935004,30,1701,7.36806299728e-06,
382,triangle,241,246,81,,466153.7707234809,6867080.633976601,10087.1630859375,188.79120283853806,188.50917830140614,138.79120283853803,138.50917830140614,30,1701,7.36806299728e-06,
383,triangle,240,247,126,,466410.02927110065,6866648.413364411,29092.8681640625,200.0253207907874,200.4453819136319,150.0253207907874,150.44538191363193,30,1701,7.36806299728e-06,
384,triangle,239,241,127,,466153.2238135941,6866873.34694729,17119.0078125,195.42876943256144,195.22677816787373,145.42876943256144,145.2267781678737,30,1701,7.36806299728e-06,
385,triangle,18,243,17,,466989.6786302477,6866519.89962006,3973.654296875,204.30261347722734,203.84651000183445,154.30261347722734,153.84651000183445,30,1701,7.36806299728e-06,
386,triangle,24,244,23,,466612.5,6866812.5,4218.75,194.9749984741211,195.05833180745444,144.9749984741211,145.05833180745444,30,1701,7.36806299728e-06,
387,triangle,26,245,25,,466460.5215147396,6866968.485118151,4441.3291015625,191.90142910056986,191.56571597699653,141.90142910056989,141.56571597699653,30,1701,7.36806299728e-06,
388,triangle,82,246,29,,466237.5,6867187.5,4218.75,185.2249984741211,184.79166539510092,135.2249984741211,134.79166539510092,30,1701,7.36806299728e-06,
389,triangle,19,243,18,,466964.6786302477,6866569.89962006,4547.447265625,203.74436470703137,203.4131756512485,153.74436470703137,153.4131756512485,30,1701,7.36806299728e-06,
390,triangle,23,244,22,,466662.5,6866787.5,5625.0,196.33055199517145,196.35832977294922,146.33055199517145,146.35832977294922,30,1701,7.36806299728e-06,
391,triangle,27,245,26,,466435.5215147396,6867018.485118151,5174.25390625,190.8733820904475,189.89904931032984,140.8733820904475,139.89904931032984,30,1701,7.36806299728e-06,
392,triangle,29,246,28,,466287.5,6867162.5,5625.0,187.11667082044818,185.32500076293945,137.11667082044815,135.32500076293945,30,1701,7.36806299728e-06,
393,triangle,79,241,80,,466041.2707234809,6867018.133976601,5415.3837890625,190.12463399352555,188.5841765212141,140.12463399352555,138.5841765212141,30,1701,7.36806299728e-06,
394,triangle,81,246,82,,466187.5,6867162.5,5625.0,185.89999601576068,185.2583351135254,135.89999601576065,135.2583351135254,30,1701,7.36806299728e-06,
395,triangle,239,247,245,,466344.41996779875,6866890.383282118,14196.189453125,195.5663763980788,194.9629366537114,145.5663763980788,144.9629366537114,30,1701,7.36806299728e-06,
396,triangle,125,248,242,,466800.71109350194,6866318.609057378,23008.6240234375,206.00664372960892,211.54038009800783,156.00664372960892,161.54038009800783,30,1701,7.36806299728e-06,
397,triangle,244,247,240,,466523.6329946054,6866706.583953622,16081.9462890625,198.407757597762,198.0469248246408,148.407757597762,148.0469248246408,30,1701,7.36806299728e-06,
398,triangle,239,246,241,,466193.7798569898,6866998.686423539,14948.2373046875,191.61871762109573,192.0658837156211,141.6187176210957,142.0658837156211,30,1701,7.36806299728e-06,
399,triangle,245,246,239,,466288.03064824844,6866999.037565089,14510.41796875,192.5565620538673,192.24742011964577,142.55656205386728,142.24742011964574,30,1701,7.36806299728e-06,
400,triangle,4,5,123,,467577.54425153596,6865803.141156892,2736.361328125,211.97525345012173,212.0060995361679,161.97525345012173,162.0060995361679,30,1701,7.639504989246785e-06,
401,triangle,5,6,123,,467538.822352896,6865841.863055532,4985.3916015625,211.96237976753378,211.6528751872529,161.9623797675338,161.6528751872529,30,1701,7.5559843763339294e-06,
402,triangle,123,6,7,,467488.822352896,6865866.863055532,915.40625,211.10088056768925,211.3528721354951,161.10088056768927,161.3528721354951,30,1701,7.36806299728e-06,
403,triangle,9,75,8,,467313.9228071519,6865922.448009703,4345.783203125,211.00707309674175,211.4275308183613,161.00707309674172,161.4275308183613,30,1701,7.451583610192857e-06,
404,triangle,8,75,123,,467352.7451600479,6865889.311065235,840.1376953125,210.8019632465291,211.64707165502827,160.8019632465291,161.64707165502827,30,1701,7.5977446827903565e-06,
405,triangle,11,12,124,,467080.28947455593,6866069.832252666,5611.3056640625,207.70389158804824,208.46956516785409,157.70389158804824,158.4695651678541,30,1701,7.36806299728e-06,
406,triangle,124,75,11,,467119.21228170785,6866017.280262371,7400.4443359375,209.1756431615127,210.73042931954873,159.1756431615127,160.73042931954876,30,1701,7.535104223105715e-06,
407,triangle,82,29,30,,466225.0,6867250.0,2812.5,182.43333095974393,181.9333292643229,132.43333095974393,131.9333292643229,30,1701,7.36806299728e-06,
408,triangle,77,127,78,,466016.9355933179,6866857.152160466,2474.2587890625,193.51392105083926,193.1368908342739,143.51392105083926,143.1368908342739,30,1701,7.5559843763339294e-06,
409,triangle,79,252,80,,465993.5482250452,6867098.409375772,8984.37890625,189.18274371747214,186.94932707204498,139.18274371747214,136.949327072045,30,1701,7.36806299728e-06,
410,triangle,32,262,33,,465949.2767098725,6867465.605694699,9575.7294921875,181.38645165650183,180.2655729440551,131.38645165650183,130.2655729440551,30,1701,7.36806299728e-06,
411,triangle,62,253,114,,464867.9331512183,6868291.068672729,17287.373046875,178.16685095134474,177.7291832738555,128.16685095134477,127.72918327385553,30,1701,7.32563511365e-06,
412,triangle,250,260,51,,465360.81071628554,6868382.76821735,22718.55859375,168.01066092111483,168.83322210426164,118.01066092111483,118.83322210426162,30,1701,7.36806299728e-06,
413,triangle,51,260,52,,465435.81071628554,6868464.238083419,5619.509765625,165.03122078859974,165.62852834889702,115.03122078859974,115.62852834889702,30,1701,7.36806299728e-06,
414,triangle,83,262,128,,465730.8847646478,6867284.714462549,32932.212890625,191.69275204385124,191.37392450168977,141.69275204385124,141.37392450168974,30,1701,7.451583610192857e-06,
415,triangle,128,252,79,,465902.4147888748,6867111.44284396,20742.439453125,192.76483865965446,190.50183159543712,142.76483865965446,140.50183159543712,30,1701,7.36806299728e-06,
416,triangle,249,250,51,,465429.7959284344,6868286.594679832,38089.6689453125,168.80061414792513,170.24364460360292,118.80061414792512,120.24364460360295,30,1701,7.36806299728e-06,
417,triangle,116,251,65,,465454.2594883403,6867506.866094825,19583.3291015625,188.70368042401947,188.59890325743268,138.70368042401947,138.5989032574327,30,1701,7.315028142742499e-06,
418,triangle,31,257,32,,466087.5,6867362.5,5625.0,182.76666259765625,181.04166412353516,132.76666259765625,131.04166412353516,30,1701,7.36806299728e-06,
419,triangle,80,257,81,,466087.5,6867162.5,5625.0,185.72500356038412,185.20833587646484,135.7250035603841,135.20833587646484,30,1701,7.36806299728e-06,
420,triangle,50,267,51,,465591.32427645684,6868392.185646508,3691.615234375,165.42286327654136,165.40972961332366,115.42286327654136,115.40972961332365,30,1701,7.36806299728e-06,
421,triangle,33,262,34,,465899.2767098725,6867515.605694699,9575.7294921875,180.85472838581327,179.0655759958129,130.85472838581327,129.0655759958129,30,1701,7.36806299728e-06,
422,triangle,114,250,115,,465080.75166223996,6868114.383857116,38528.6611328125,179.91361739727685,179.87999341354865,129.91361739727685,129.87999341354865,30,1701,7.32563511365e-06,
423,triangle,258,263,36,,465715.9720245506,6867714.7064262545,16916.70703125,178.12435465087935,176.4611702054129,128.12435465087935,126.46117020541287,30,1701,7.36806299728e-06,
424,triangle,65,251,83,,465535.30507013015,6867413.908377714,15875.408203125,188.76479383284192,188.50786626662384,138.76479383284192,138.50786626662384,30,1701,7.409823303736428e-06,
425,triangle,36,263,259,,465722.2248294979,6867797.702558535,15008.35546875,176.74482000946156,175.01250048919167,126.74482000946158,125.01250048919167,30,1701,7.36806299728e-06,
426,triangle,114,253,250,,465017.9331512183,6868259.598806661,39463.5703125,178.14966571757003,177.2338749947149,128.14966571757003,127.23387499471492,30,1701,7.3574560263725e-06,
427,triangle,58,256,253,,465011.88984479214,6868453.627227123,8282.607421875,172.83771723985907,172.79809582805186,122.83771723985909,122.79809582805187,30,1701,7.36806299728e-06,
428,triangle,51,267,249,,465571.12020489125,6868310.250192408,14528.4658203125,169.17798058185826,168.5486814788146,119.17798058185825,118.5486814788146,30,1701,7.36806299728e-06,
429,triangle,115,265,64,,465251.63654845674,6867907.652594685,29641.7001953125,182.329957637325,182.36388477949563,132.329957637325,132.3638847794956,30,1701,7.3362420845575e-06,
430,triangle,42,254,43,,465858.0685140183,6868216.453639475,4717.2919921875,170.02634318918285,167.39514972319847,120.02634318918287,117.39514972319847,30,1701,7.36806299728e-06,
431,triangle,48,255,49,,465735.0812162883,6868393.59569367,3532.9853515625,164.59569131569137,164.63514578692107,114.59569131569137,114.6351457869211,30,1701,7.36806299728e-06,
432,triangle,58,253,59,,464944.81671101507,6868462.91821221,4171.701171875,172.5072287594463,172.42836474832407,122.50722875944626,122.42836474832404,30,1701,7.36806299728e-06,
433,triangle,39,266,40,,465773.1337992144,6868009.273430158,5834.9482421875,170.0126192253421,169.52034373212234,120.01261922534209,119.52034373212234,30,1701,7.36806299728e-06,
434,triangle,64,263,116,,465398.89635086333,6867713.268513759,25617.630859375,185.43523604189573,185.39483702852405,135.43523604189576,135.39483702852405,30,1701,7.346849055464999e-06,
435,triangle,253,256,250,,465086.8898447922,6868372.157361054,27587.033203125,175.4446403673486,173.96945421557794,125.4446403673486,123.96945421557791,30,1701,7.36806299728e-06,
436,triangle,49,267,50,,465641.32427645684,6868392.185646508,3691.6142578125,165.00807381879747,164.70973266508148,115.00807381879747,114.70973266508146,30,1701,7.36806299728e-06,
437,triangle,64,265,263,,465409.0477642569,6867846.928764184,33274.4794921875,181.76788565996472,181.05871220588426,131.76788565996472,131.05871220588426,30,1701,7.36806299728e-06,
438,triangle,128,262,252,,465851.69149874727,6867252.048538659,25094.3974609375,191.76739025521903,190.26740962575522,141.767390255219,140.26740962575525,30,1701,7.36806299728e-06,
439,triangle,252,262,32,,465942.8249349177,6867364.015070471,24769.01953125,187.23806178707255,184.24823538393863,137.23806178707258,134.24823538393863,30,1701,7.36806299728e-06,
440,triangle,250,265,115,,465234.4825445863,6868068.926663798,39888.283203125,178.24999685518074,178.5232603029939,128.2499968551807,128.5232603029939,30,1701,7.36806299728e-06,
441,triangle,116,263,251,,465499.8741594388,6867630.612868818,27995.9873046875,183.78285449821703,185.15100386427,133.78285449821703,135.15100386427,30,1701,7.36806299728e-06,
442,triangle,265,266,263,,465540.0275596008,6867923.946129526,33255.3740234375,176.6918061743589,177.00040742456477,126.6918061743589,127.00040742456474,30,1701,7.36806299728e-06,
443,triangle,34,262,258,,465825.20229658607,6867548.332688785,14010.76953125,182.3003220355448,179.9907730100231,132.3003220355448,129.9907730100231,30,1701,7.36806299728e-06,
444,triangle,38,259,39,,465832.178391661,6867915.723126367,5861.080078125,171.7586711019294,171.2765252634838,121.7586711019294,121.27652526348378,30,1701,7.36806299728e-06,
445,triangle,40,254,41,,465833.0685140183,6868116.453639475,6568.326171875,167.4198371869183,168.26181333810732,117.4198371869183,118.26181333810733,30,1701,7.36806299728e-06,
446,triangle,57,256,58,,465067.07313377707,6868515.709014912,5778.462890625,171.15681620404558,170.8364007981523,121.15681620404557,120.83640079815228,30,1701,7.36806299728e-06,
447,triangle,60,253,61,,464844.81671101507,6868437.91821221,6401.0810546875,173.87953898299685,174.36169909891,123.87953898299685,124.36169909890998,30,1701,7.36806299728e-06,
448,triangle,249,265,250,,465381.6432509839,6868144.287947033,34537.642578125,174.20301708524968,174.98773307033744,124.20301708524967,124.98773307033747,30,1701,7.36806299728e-06,
449,triangle,61,253,62,,464819.81671101507,6868387.91821221,5041.8798828125,174.94973272922815,174.99503039773813,124.94973272922813,124.9950303977381,30,1701,7.36806299728e-06,
450,triangle,251,262,83,,465665.1500132642,6867421.281414237,24316.916015625,187.09531488259853,187.7229009768995,137.09531488259853,137.7229009768995,30,1701,7.36806299728e-06,
451,triangle,263,266,259,,465670.3586287123,6867881.975988693,18325.8330078125,175.4601670769609,175.6328452385666,125.46016707696086,125.63284523856662,30,1701,7.36806299728e-06,
452,triangle,32,257,252,,466031.0482250452,6867310.909375772,13154.0341796875,187.34201525040157,184.09099221283273,137.3420152504016,134.09099221283276,30,1701,7.36806299728e-06,
453,triangle,252,257,80,,466031.0482250452,6867185.909375772,11568.83984375,187.7750125844875,186.55766193125723,137.7750125844875,136.55766193125723,30,1701,7.36806299728e-06,
454,triangle,249,266,265,,465529.7770501983,6868060.03124326,25781.7158203125,175.42317079787867,174.77005276551964,125.42317079787865,124.77005276551967,30,1701,7.36806299728e-06,
455,triangle,82,257,30,,466162.5,6867262.5,4218.75,183.6999969482422,183.3749974568685,133.6999969482422,133.3749974568685,30,1701,7.36806299728e-06,
456,triangle,34,258,35,,465850.92558671365,6867632.726994086,5520.87109375,176.37859262920347,175.49186266362426,126.37859262920348,125.49186266362426,30,1701,7.36806299728e-06,
457,triangle,37,259,38,,465857.178391661,6867865.723126367,4817.4306640625,171.9344617554502,172.30986063132232,121.93446175545019,122.30986063132231,30,1701,7.36806299728e-06,
458,triangle,41,254,42,,465858.0685140183,6868166.453639475,4717.2919921875,168.8533781619648,167.89514972319847,118.8533781619648,117.89514972319847,30,1701,7.36806299728e-06,
459,triangle,43,255,44,,465860.0812162883,6868318.59569367,4490.86328125,167.93063881032236,165.96847403399138,117.9306388103224,115.96847403399141,30,1701,7.36806299728e-06,
460,triangle,53,260,54,,465335.81071628554,6868539.238083419,4023.21484375,166.1470653839304,166.16186371673555,116.14706538393037,116.16186371673557,30,1701,7.36806299728e-06,
461,triangle,56,256,57,,465117.07313377707,6868540.709014912,3857.736328125,170.13452122756706,170.0364028326575,120.13452122756706,120.03640283265749,30,1701,7.36806299728e-06,
462,triangle,59,253,60,,464894.81671101507,6868462.91821221,4171.701171875,173.05547673724527,173.46170011616263,123.05547673724527,123.46170011616259,30,1701,7.36806299728e-06,
463,triangle,30,257,31,,466137.5,6867312.5,5625.0,183.74999872843426,181.94166310628256,133.74999872843426,131.94166310628256,30,1701,7.36806299728e-06,
464,triangle,35,258,36,,465825.92558671365,6867682.726994086,7464.0849609375,174.45076265059288,174.62519396245239,124.45076265059285,124.62519396245239,30,1701,7.36806299728e-06,
465,triangle,36,259,37,,465832.178391661,6867815.723126367,6586.2822265625,172.21150417311026,172.64319396465567,122.21150417311023,122.64319396465565,30,1701,7.36806299728e-06,
466,triangle,52,260,53,,465385.81071628554,6868514.238083419,5619.509765625,165.18573062545994,165.82853038340224,115.18573062545993,115.82853038340222,30,1701,7.36806299728e-06,
467,triangle,81,257,82,,466137.5,6867212.5,5625.0,185.233329349094,184.50833384195963,135.233329349094,134.50833384195963,30,1701,7.36806299728e-06,
468,triangle,251,263,258,,465634.10383699654,6867639.30684613,21884.4091796875,181.6438848704462,180.89598657185329,131.64388487044621,130.89598657185329,30,1701,7.36806299728e-06,
469,triangle,40,266,254,,465756.2023132327,6868075.727069634,10873.4267578125,168.84479111387938,170.28215707022966,118.84479111387938,120.28215707022964,30,1701,7.36806299728e-06,
470,triangle,259,266,39,,465755.31219087535,6867949.996556525,8743.853515625,173.32829175035914,172.23020334619204,123.32829175035916,122.23020334619206,30,1701,7.36806299728e-06,
471,triangle,47,268,48,,465805.3291722491,6868457.771074251,2537.7861328125,163.8531509795793,162.59547204219456,113.85315097957933,112.59547204219457,30,1701,7.36806299728e-06,
472,triangle,256,260,250,,465227.88385006256,6868398.477232263,22108.359375,172.77786992520265,171.66962290241392,122.77786992520268,121.6696229024139,30,1701,7.36806299728e-06,
473,triangle,255,267,49,,465701.40549274517,6868360.781340178,6406.30078125,167.12653481454942,166.9115390151536,117.12653481454943,116.91153901515361,30,1701,7.36806299728e-06,
474,triangle,254,255,43,,465818.14973030676,6868260.049333145,9534.9375,173.27860577510677,168.93028940660395,123.27860577510678,118.93028940660395,30,1701,7.36806299728e-06,
475,triangle,260,264,54,,465286.38748629804,6868530.227503086,4368.7451171875,167.9919922321898,167.59673927211225,117.9919922321898,117.59673927211223,30,1701,7.36806299728e-06,
476,triangle,56,264,256,,465167.6499037896,6868531.698434579,4268.15234375,170.29441866860387,169.97127838803416,120.29441866860387,119.97127838803415,30,1701,7.36806299728e-06,
477,triangle,256,264,260,,465228.4606200752,6868495.936517999,8041.4794921875,171.35627063128013,170.03314108751712,121.35627063128011,120.03314108751711,30,1701,7.36806299728e-06,
478,triangle,54,264,55,,465250.57677001256,6868590.989419666,3761.302734375,167.1070757057124,167.36820990596263,117.10707570571239,117.3682099059626,30,1701,7.36806299728e-06,
479,triangle,55,264,56,,465200.57677001256,6868590.989419666,3891.0771484375,168.04696133600868,168.26821397497304,118.04696133600866,118.26821397497302,30,1701,7.36806299728e-06,
480,triangle,254,266,249,,465660.9982416671,6868118.791615534,20393.63671875,172.04391115430326,172.38777865414508,122.04391115430325,122.38777865414507,30,1701,7.36806299728e-06,
481,triangle,249,267,254,,465654.1887189096,6868226.703831882,17566.5576171875,171.46103860314093,170.91049583417453,121.46103860314092,120.91049583417453,30,1701,7.36806299728e-06,
482,triangle,258,262,251,,465718.33410903206,6867522.93310866,20937.310546875,182.6601776002272,183.55892067529166,132.6601776002272,133.55892067529166,30,1701,7.36806299728e-06,
483,triangle,44,261,45,,465876.6458612455,6868388.855371259,2627.33984375,163.96607892972062,163.9311896385602,113.96607892972062,113.93118963856021,30,1701,7.36806299728e-06,
484,triangle,254,267,255,,465734.4740067636,6868277.234979652,10254.3251953125,170.7751529089075,169.9733503187557,120.77515290890753,119.97335031875572,30,1701,7.36806299728e-06,
485,triangle,255,261,44,,465836.7270775338,6868357.451064929,3161.955078125,168.65101523298557,166.59966570705683,118.65101523298557,116.59966570705683,30,1701,7.36806299728e-06,
486,triangle,48,261,255,,465786.7270775338,6868382.451064929,3259.9951171875,166.99841299216635,166.49966977606724,116.99841299216635,116.49966977606725,30,1701,7.36806299728e-06,
487,triangle,48,268,261,,465806.97503349464,6868421.62644551,2452.833984375,165.5612750476253,164.6599980658459,115.5612750476253,114.65999806584593,30,1701,7.36806299728e-06,
488,triangle,45,268,46,,465880.3291722491,6868457.771074251,2212.9677734375,162.30668585439201,162.4621356571034,112.306685854392,112.46213565710343,30,1701,7.36806299728e-06,
489,triangle,46,268,47,,465855.3291722491,6868482.771074251,1938.25390625,162.189011618498,162.39547000768934,112.189011618498,112.39547000768937,30,1701,7.36806299728e-06,
490,triangle,261,268,45,,465856.97503349464,6868421.62644551,1803.19921875,164.50770512310714,164.52666168075476,114.50770512310714,114.52666168075478,30,1701,7.36806299728e-06,
491,triangle,79,77,128,,465903.8582005431,6867008.025104902,9787.6875,192.06470290610025,191.5034981079688,142.06470290610025,141.5034981079688,30,1701,7.409823303736428e-06,
492,triangle,114,63,62,,464811.7140985727,6868266.748118888,6155.5185546875,178.57320123203834,178.26091734550872,128.57320123203831,128.26091734550872,41,801,7.1453166082225004e-06,
493,triangle,78,77,79,,465969.9916367135,6866944.991636713,563.4404296875,189.6390999601133,189.61766025124334,139.63909996011327,139.61766025124334,30,1701,7.36806299728e-06,
494,triangle,74,270,4,,467689.9924246419,6865618.526363817,29597.1806640625,216.36912398594205,220.38134966684083,166.36912398594205,170.38134966684083,12,1841,7.910946981213573e-06,
495,triangle,67,269,69,,465364.5224104904,6866666.595439154,104142.908203125,213.62537278383428,208.16101778839288,163.62537278383428,158.16101778839285,12,1841,7.95270728767e-06,
496,triangle,122,270,74,,467796.4413115678,6865540.06514699,45063.7666015625,219.16167583570643,222.5677371487183,169.1616758357065,172.5677371487183,12,1841,7.95270728767e-06,
497,triangle,83,66,65,,465485.7103379562,6867292.329970748,19351.37109375,192.42909316290124,192.76940285378623,142.42909316290124,142.76940285378626,12,1841,7.910946981213573e-06,
498,triangle,119,275,270,,467259.88766063895,6865443.725369061,89604.560546875,234.03620999790886,234.16684609421029,184.03620999790888,184.16684609421029,12,1841,7.95270728767e-06,
499,triangle,76,271,126,,466274.550308715,6866398.795339998,37641.2353515625,211.29669165772438,211.96246957435338,161.29669165772438,161.96246957435338,12,1841,7.931827134441786e-06,
500,triangle,275,277,270,,467437.2524095487,6865562.752154482,33082.1669921875,225.03235562706143,226.42255581530674,175.03235562706143,176.42255581530674,12,1841,7.95270728767e-06,
501,triangle,77,274,128,,465780.3538739401,6866986.191489484,34033.501953125,195.94771962547588,196.0375328598916,145.94771962547586,146.03753285989163,12,1841,7.890066827985358e-06,
502,triangle,75,273,124,,467031.0589305097,6865907.062207253,52876.9794921875,222.07578723784934,218.5792849743873,172.0757872378493,168.57928497438735,12,1841,7.931827134441786e-06,
503,triangle,119,270,120,,467327.62848248583,6865239.986589014,114253.927734375,242.35417518523505,240.8818680956963,192.35417518523505,190.8818680956963,12,1841,7.931827134441786e-06,
504,triangle,125,272,76,,466502.50770455337,6866214.134352479,52607.1796875,219.78856113079215,218.6106400821535,169.78856113079215,168.61064008215354,12,1841,7.931827134441786e-06,
505,triangle,77,281,274,,465813.1239701908,6866848.151165835,38368.5009765625,193.2064373591982,196.35235995489123,143.2064373591982,146.3523599548912,12,1841,7.95270728767e-06,
506,triangle,117,280,271,,465888.8612841963,6866294.225569342,75184.181640625,219.6053580062932,217.46649721161666,169.6053580062932,167.46649721161666,12,1841,7.95270728767e-06,
507,triangle,269,280,117,,465715.4189185242,6866416.764205252,77536.0322265625,214.24734961672033,210.06621474602812,164.24734961672033,160.06621474602812,12,1841,7.95270728767e-06,
508,triangle,69,269,117,,465464.28369885497,6866390.660675529,99613.5224609375,209.73967856341483,213.8357104895595,159.73967856341483,163.8357104895595,12,1841,7.931827134441786e-06,
509,triangle,120,276,71,,467753.9098407679,6864971.309634334,97613.951171875,243.98449691767917,244.25033601234534,193.98449691767917,194.25033601234534,12,1841,7.910946981213573e-06,
510,triangle,67,274,269,,465505.5326110292,6866838.470648984,47883.1923828125,205.71712568043637,202.4727485534455,155.7171256804364,152.4727485534455,12,1841,7.95270728767e-06,
511,triangle,123,275,75,,467299.8589830261,6865807.346248035,34064.7822265625,215.73082280668936,217.70505464889584,165.73082280668936,167.70505464889584,12,1841,7.910946981213573e-06,
512,triangle,270,277,4,,467578.8604852104,6865605.995073042,28787.1767578125,217.92697009471502,221.15113152094008,167.92697009471502,171.15113152094008,12,1841,7.95270728767e-06,
513,triangle,70,273,119,,466773.77575389855,6865527.941172693,90689.5634765625,235.19525655224538,234.45389914872158,185.19525655224538,184.4538991487216,12,1841,7.95270728767e-06,
514,triangle,128,282,83,,465658.1305723847,6867192.104103076,14817.93359375,195.48062423496265,194.78116974663354,145.48062423496265,144.7811697466335,12,1841,7.890066827985358e-06,
515,triangle,4,277,123,,467530.50358375296,6865756.319819167,19518.990234375,213.91272864021263,214.47431362560766,163.91272864021263,164.47431362560766,12,1841,7.931827134441786e-06,
516,triangle,117,271,118,,465921.62543048104,6866083.266157088,93478.224609375,219.27288409656526,223.53007689138735,169.2728840965653,173.53007689138735,12,1841,7.910946981213573e-06,
517,triangle,76,272,271,,466313.4929248905,6866215.445877467,54231.3056640625,223.54115267462547,221.54017035598497,173.54115267462547,171.54017035598497,12,1841,7.95270728767e-06,
518,triangle,118,272,70,,466293.5582532725,6865821.422591438,80915.90625,224.01496248772648,229.11007830713,174.01496248772648,179.11007830713,12,1841,7.910946981213573e-06,
519,triangle,126,280,127,,466107.4609256272,6866598.884639017,34346.6142578125,202.03792109575042,203.12882467105715,152.03792109575042,153.12882467105715,12,1841,7.95270728767e-06,
520,triangle,269,281,280,,465804.62042276934,6866602.894116302,30112.2919921875,202.7489250728697,202.00682040633777,152.74892507286967,152.00682040633777,12,1841,7.95270728767e-06,
521,triangle,75,275,273,,467122.88327893213,6865755.265137388,51008.3076171875,227.09368588860062,224.4677058521586,177.09368588860062,174.4677058521586,12,1841,7.95270728767e-06,
522,triangle,271,280,126,,466110.3224048563,6866434.691746645,48892.6689453125,211.34572807837083,211.72989246606085,161.3457280783708,161.72989246606082,12,1841,7.95270728767e-06,
523,triangle,121,276,122,,468019.08624030673,6865332.176835038,48490.6982421875,226.31702849340277,228.9901809183151,176.3170284934028,178.9901809183151,12,1841,7.95270728767e-06,
524,triangle,124,279,125,,466780.1356407152,6866082.739879689,44037.400390625,218.6746879122598,218.79155392625844,168.6746879122598,168.79155392625844,12,1841,7.931827134441786e-06,
525,triangle,71,278,72,,468169.73931286595,6864800.028070248,65932.28125,241.62377300690625,240.3614854585495,191.62377300690625,190.36148545854954,12,1841,7.910946981213573e-06,
526,triangle,127,281,77,,465983.5722533982,6866782.145305003,23743.7275390625,195.60361223020166,195.337555785999,145.6036122302017,145.33755578599897,12,1841,7.910946981213573e-06,
527,triangle,66,274,67,,465447.7066211398,6867020.986394604,30254.474609375,202.56167334836823,200.98242096244107,152.5616733483682,150.98242096244107,12,1841,7.858245915262859e-06,
528,triangle,122,276,270,,467817.290529519,6865361.92749687,65417.6455078125,228.07260057632374,229.25135799310385,178.07260057632374,179.25135799310385,12,1841,7.95270728767e-06,
529,triangle,83,282,66,,465542.8010888272,6867207.092647798,15069.537109375,195.47359808224226,195.39168280900563,145.47359808224223,145.39168280900566,12,1841,7.95270728767e-06,
530,triangle,72,278,73,,468341.77784771455,6864902.377256092,51289.48828125,234.95580023839955,235.8276901737046,184.95580023839955,28.488927099376934,12,1841,7.869186674757143e-06,
531,triangle,70,279,273,,466684.2071212542,6865735.04081647,63999.23828125,229.02946396869925,230.27261950359022,179.02946396869925,180.27261950359025,12,1841,7.95270728767e-06,
532,triangle,273,279,124,,466853.16207402066,6865900.865718181,50718.69140625,228.51184617780308,224.1829788792379,178.51184617780308,174.1829788792379,12,1841,7.95270728767e-06,
533,triangle,73,278,121,,468269.31635277503,6865112.613440144,46234.8916015625,231.3719180340397,234.1170662256039,181.3719180340397,26.77830315127622,12,1841,7.869186674757143e-06,
534,triangle,123,277,275,,467388.89550809114,6865713.076900608,23813.9794921875,217.8441043812386,219.7457379199743,167.8441043812386,169.7457379199743,12,1841,7.95270728767e-06,
535,triangle,272,279,70,,466510.1993651231,6865841.238819848,59586.2265625,227.69218369198794,230.52491917624283,177.69218369198794,180.52491917624283,12,1841,7.95270728767e-06,
536,triangle,125,279,272,,466587.6850588301,6866058.887575283,46945.958984375,227.23917320446816,225.85648352274453,177.2391732044682,175.8564835227445,12,1841,7.95270728767e-06,
537,triangle,270,276,120,,467636.97438877827,6865193.407015092,72793.626953125,241.07128516847462,239.05141680707902,191.07128516847462,189.05141680707902,12,1841,7.95270728767e-06,
538,triangle,271,272,118,,466182.0291673166,6866040.382871862,60664.90625,226.60934676924995,227.3711729274631,176.60934676924995,177.37117292746314,12,1841,7.95270728767e-06,
539,triangle,273,275,119,,467034.5550550874,6865541.969004538,63473.55859375,234.1243153105297,234.25267940214056,184.1243153105297,184.25267940214061,12,1841,7.95270728767e-06,
540,triangle,274,281,269,,465694.4954036388,6866748.665796411,43717.2978515625,197.7370904238405,200.08804691492182,147.7370904238405,150.08804691492176,12,1841,7.95270728767e-06,
541,triangle,276,278,71,,467993.2433423849,6864961.048909657,55653.3125,242.44953756379584,240.69773598472193,192.44953756379581,190.69773598472193,12,1841,7.95270728767e-06,
542,triangle,280,281,127,,465975.2013092122,6866644.548372765,25523.10546875,198.95082079116247,200.8060350769226,148.95082079116244,150.8060350769226,12,1841,7.95270728767e-06,
543,triangle,66,282,274,,465546.5552712784,6867079.183732718,18221.38671875,199.47347104977695,198.83654024511043,149.47347104977692,148.83654024511043,12,1841,7.95270728767e-06,
544,triangle,274,282,128,,465661.88475483604,6867064.195187996,18020.4384765625,198.14723151387102,198.22602718273833,148.14723151387105,148.2260271827383,12,1841,7.95270728767e-06,
545,triangle,121,278,276,,468078.1036011831,6865153.395628579,48277.1611328125,232.3319196763288,235.23763970466686,182.3319196763288,185.2376397046669,12,1841,7.95270728767e-06,
546,triangle,69,68,67,,465110.0274780281,6866672.642743755,107162.1611328125,210.79542372460799,212.51804640219632,160.79542372460799,162.51804640219632,12,1841,7.95270728767e-06,
